wavelength,real_1,real_2,real_3,real_4,real_5,real_6,real_7,real_8,real_9,real_10
300.342,1.44,1.41,0.46,1.12,0.97,1.02,1,0.74,0.75,0.38
300.715,1.45,1.32,0.45,1.08,0.95,1.02,0.98,0.67,0.74,0.31
301.088,1.41,1.26,0.42,1.03,0.86,0.86,0.9,0.63,0.69,0.3
301.462,1.42,1.24,0.42,1.05,0.86,0.79,0.86,0.61,0.63,0.25
301.835,1.37,1.21,0.36,0.97,0.82,0.79,0.85,0.45,0.47,0.11
302.208,1.43,1.18,0.4,1.03,0.77,0.85,0.88,0.36,0.52,0.05
302.581,1.49,1.2,0.44,1.13,0.74,0.93,0.95,0.34,0.54,0.08
302.954,1.49,1.23,0.41,1.06,0.69,0.94,0.93,0.35,0.54,0.1
303.327,1.49,1.19,0.45,1.14,0.73,1.03,0.94,0.38,0.53,0.1
303.7,1.54,1.18,0.48,1.16,0.78,1.07,1,0.43,0.54,0.14
304.073,1.56,1.21,0.51,1.13,0.76,1.11,1,0.39,0.52,0.14
304.446,1.58,1.17,0.53,1.09,0.75,1.11,1.02,0.34,0.44,0.14
304.819,1.68,1.27,0.59,1.21,0.87,1.18,1.07,0.46,0.47,0.28
305.192,1.66,1.27,0.61,1.22,0.91,1.32,1.03,0.36,0.46,0.2
305.564,1.66,1.3,0.58,1.21,0.87,1.37,1.07,0.34,0.49,0.24
305.937,1.67,1.31,0.65,1.21,0.88,1.42,1.11,0.42,0.56,0.28
306.31,1.67,1.35,0.66,1.11,0.9,1.4,1.1,0.46,0.5,0.34
306.682,1.63,1.32,0.61,1.06,0.83,1.39,1.06,0.47,0.48,0.35
307.055,1.58,1.32,0.63,1.17,0.85,1.35,1.04,0.49,0.48,0.37
307.428,1.58,1.31,0.57,1.15,0.86,1.27,1.01,0.5,0.48,0.35
307.8,1.46,1.25,0.52,1.1,0.73,1.23,0.95,0.38,0.44,0.31
308.173,1.42,1.18,0.48,1.09,0.67,1.24,0.94,0.42,0.43,0.31
308.545,1.43,1.19,0.47,1.16,0.7,1.26,0.95,0.42,0.45,0.31
308.917,1.31,1.11,0.38,1.09,0.56,1.21,0.95,0.25,0.42,0.25
309.29,1.28,1.05,0.33,1.04,0.47,1.16,0.92,0.2,0.4,0.19
309.662,1.23,1.07,0.37,1.08,0.39,1.09,0.92,0.11,0.35,0.09
310.034,1.3,1.13,0.38,1.15,0.44,1.23,0.92,0.19,0.42,0.23
310.407,1.3,1.11,0.37,1.17,0.37,1.24,0.87,0.12,0.38,0.21
310.779,1.28,1.08,0.34,1.1,0.39,1.18,0.85,0.07,0.33,0.11
311.151,1.33,1.09,0.36,1.14,0.46,1.2,0.88,0.07,0.36,0.11
311.523,1.33,1.13,0.38,1.07,0.5,1.19,0.9,-0.02,0.36,0.15
311.895,1.48,1.22,0.45,1.1,0.61,1.27,1,0.12,0.44,0.13
312.267,1.51,1.26,0.48,1.1,0.61,1.28,1,0.1,0.39,0.17
312.639,1.44,1.28,0.44,1.06,0.55,1.2,1.02,0.07,0.39,0.16
313.011,1.46,1.31,0.49,1.04,0.57,1.16,1.03,0.14,0.39,0.16
313.383,1.5,1.36,0.49,1.08,0.62,1.18,1.1,0.21,0.37,0.29
313.755,1.54,1.3,0.48,1.08,0.65,1.22,1.04,0.27,0.38,0.36
314.127,1.43,1.22,0.46,0.95,0.51,1.02,0.99,0.18,0.24,0.23
314.498,1.45,1.2,0.4,0.92,0.54,0.98,1.01,0.24,0.31,0.18
314.87,1.46,1.17,0.41,0.94,0.51,0.94,1.03,0.25,0.33,0.21
315.242,1.47,1.1,0.4,0.89,0.35,0.94,1.05,0.23,0.27,0.15
315.614,1.43,1.03,0.42,0.88,0.21,0.94,1.01,0.24,0.26,0.16
315.985,1.29,0.95,0.35,0.77,0.19,0.84,0.93,0.1,0.22,0.14
316.357,1.26,0.97,0.34,0.75,0.21,0.8,0.96,0.12,0.24,0.08
316.728,1.29,0.98,0.38,0.72,0.22,0.87,1,0.17,0.27,0.11
317.1,1.27,0.99,0.36,0.63,0.16,0.85,0.97,0.1,0.25,0.1
317.471,1.26,1.04,0.38,0.57,0.12,0.78,0.96,0.03,0.24,0.03
317.843,1.23,1.09,0.4,0.55,0.12,0.8,0.98,-0.01,0.25,0.03
318.214,1.24,1.09,0.3,0.54,0.12,0.74,0.95,-0.08,0.23,-0.01
318.585,1.18,1.19,0.4,0.59,0.1,0.82,1.02,0.01,0.22,0.14
318.957,1.2,1.29,0.37,0.58,0.19,0.85,1.09,0.08,0.25,0.22
319.328,1.19,1.39,0.38,0.62,0.32,0.87,1.19,0.08,0.35,0.3
319.699,1.23,1.41,0.35,0.62,0.32,0.79,1.23,0.08,0.29,0.33
320.07,1.28,1.42,0.41,0.71,0.27,0.85,1.27,0.19,0.33,0.41
320.441,1.31,1.4,0.43,0.76,0.3,0.88,1.3,0.21,0.42,0.42
320.813,1.35,1.44,0.43,0.8,0.31,0.86,1.28,0.19,0.41,0.5
321.184,1.38,1.49,0.41,0.83,0.41,0.89,1.3,0.3,0.49,0.58
321.555,1.38,1.44,0.36,0.82,0.42,0.91,1.34,0.29,0.53,0.65
321.926,1.43,1.42,0.34,0.81,0.47,0.9,1.4,0.29,0.5,0.69
322.297,1.49,1.47,0.44,0.82,0.54,1.07,1.52,0.38,0.59,0.75
322.667,1.52,1.42,0.43,0.81,0.56,1.05,1.47,0.22,0.58,0.68
323.038,1.53,1.42,0.46,0.91,0.52,1.1,1.44,0.22,0.55,0.63
323.409,1.57,1.42,0.5,0.88,0.47,1.17,1.43,0.27,0.54,0.64
323.78,1.5,1.4,0.49,0.85,0.4,1.12,1.34,0.23,0.51,0.57
324.151,1.53,1.43,0.5,0.85,0.47,1.17,1.4,0.24,0.55,0.54
324.521,1.51,1.39,0.56,0.78,0.43,1.17,1.37,0.24,0.49,0.51
324.892,1.47,1.39,0.58,0.7,0.44,1.17,1.39,0.22,0.55,0.48
325.262,1.46,1.36,0.66,0.74,0.42,1.21,1.39,0.2,0.54,0.38
325.633,1.44,1.36,0.75,0.77,0.47,1.22,1.31,0.23,0.53,0.34
326.004,1.41,1.37,0.82,0.77,0.43,1.27,1.25,0.25,0.61,0.29
326.374,1.38,1.4,0.85,0.82,0.49,1.24,1.24,0.29,0.59,0.36
326.744,1.38,1.42,0.82,0.8,0.48,1.17,1.2,0.33,0.59,0.32
327.115,1.38,1.39,0.85,0.74,0.54,1.18,1.21,0.32,0.66,0.32
327.485,1.32,1.37,0.78,0.7,0.49,1.06,1.08,0.21,0.6,0.26
327.855,1.36,1.39,0.8,0.77,0.58,1.14,1.2,0.29,0.65,0.32
328.226,1.35,1.39,0.77,0.74,0.52,1.08,1.15,0.28,0.63,0.28
328.596,1.37,1.45,0.68,0.8,0.55,1.02,1.2,0.18,0.66,0.34
328.966,1.41,1.47,0.67,0.89,0.6,1.1,1.19,0.21,0.58,0.3
329.336,1.41,1.4,0.58,0.85,0.51,1.03,1.18,0.14,0.55,0.3
329.706,1.45,1.38,0.55,0.91,0.42,1.06,1.23,0.17,0.56,0.32
330.076,1.4,1.33,0.44,0.9,0.35,0.99,1.17,0.11,0.46,0.33
330.447,1.4,1.3,0.43,0.91,0.26,0.94,1.22,0.08,0.52,0.31
330.816,1.38,1.28,0.45,0.89,0.19,1.04,1.21,0.04,0.51,0.36
331.186,1.42,1.31,0.49,0.9,0.16,1.04,1.19,0.01,0.53,0.41
331.556,1.44,1.29,0.52,0.87,0.17,1.09,1.23,0.05,0.53,0.46
331.926,1.49,1.33,0.54,0.84,0.16,1.08,1.17,0.07,0.57,0.5
332.296,1.48,1.36,0.57,0.92,0.21,1.18,1.19,0.09,0.57,0.58
332.666,1.5,1.36,0.63,0.93,0.16,1.24,1.16,0.2,0.57,0.57
333.036,1.41,1.28,0.62,0.77,0.06,1.14,1.07,0.1,0.53,0.47
333.405,1.46,1.34,0.68,0.84,0.11,1.16,1.13,0.2,0.56,0.54
333.775,1.43,1.36,0.66,0.7,0.12,1.09,1.09,0.16,0.51,0.52
334.144,1.45,1.36,0.7,0.72,0.21,1.11,1.1,0.25,0.55,0.53
334.514,1.44,1.29,0.69,0.64,0.19,1.12,1,0.22,0.5,0.44
334.884,1.4,1.22,0.65,0.59,0.17,1.02,0.98,0.26,0.47,0.34
335.253,1.33,1.17,0.58,0.56,0.04,0.92,0.94,0.28,0.41,0.32
335.623,1.3,1.13,0.55,0.62,0.03,0.84,0.99,0.25,0.38,0.27
335.992,1.25,1.11,0.56,0.63,0.07,0.91,1.02,0.21,0.36,0.26
336.361,1.28,1.13,0.6,0.68,0.08,0.86,1.01,0.23,0.39,0.32
336.731,1.19,1.04,0.53,0.59,0.08,0.78,1.01,0.19,0.32,0.28
337.1,1.21,1.05,0.53,0.67,0.09,0.72,1.04,0.22,0.33,0.34
337.469,1.15,1.04,0.53,0.64,0.09,0.7,1.02,0.2,0.3,0.32
337.838,1.11,1.04,0.55,0.67,0.1,0.75,1.01,0.12,0.31,0.32
338.208,1.15,1.07,0.57,0.67,0.03,0.72,1.09,0.16,0.35,0.37
338.577,1.12,1.06,0.51,0.68,0.04,0.68,1.07,0.12,0.31,0.41
338.946,1.2,1.06,0.5,0.75,0.1,0.73,1.12,0.1,0.35,0.47
339.315,1.29,1.15,0.57,0.78,0.28,0.78,1.29,0.11,0.44,0.59
339.684,1.29,1.1,0.59,0.72,0.27,0.84,1.28,0.11,0.5,0.65
340.053,1.35,1.09,0.64,0.74,0.24,0.86,1.29,0.12,0.56,0.67
340.422,1.34,1.03,0.57,0.63,0.18,0.93,1.32,0.11,0.53,0.65
340.79,1.33,1,0.55,0.64,0.09,0.88,1.29,0.1,0.51,0.64
341.159,1.31,0.94,0.49,0.58,0.07,0.83,1.3,0.05,0.55,0.62
341.528,1.31,0.9,0.47,0.55,0.05,0.85,1.2,0,0.49,0.59
341.897,1.36,0.91,0.51,0.58,0.02,0.86,1.23,0.03,0.51,0.61
342.266,1.34,0.89,0.45,0.54,0.02,0.83,1.21,-0.05,0.5,0.58
342.634,1.38,0.94,0.48,0.62,0.08,0.89,1.28,0,0.52,0.64
343.003,1.4,1.03,0.51,0.67,0.13,0.91,1.29,-0.03,0.56,0.71
343.371,1.27,0.95,0.41,0.65,-0.02,0.83,1.17,-0.14,0.45,0.55
343.74,1.27,0.94,0.35,0.59,-0.06,0.73,1.08,-0.18,0.38,0.44
344.108,1.21,0.87,0.27,0.52,-0.11,0.6,1.02,-0.23,0.22,0.31
344.477,1.16,0.84,0.28,0.51,-0.11,0.47,0.89,-0.33,0.15,0.19
344.845,1.19,0.9,0.32,0.56,-0.04,0.52,0.87,-0.35,0.23,0.28
345.214,1.18,0.97,0.34,0.58,-0.08,0.57,0.87,-0.31,0.17,0.32
345.582,1.23,0.97,0.31,0.63,0.01,0.67,0.89,-0.27,0.22,0.41
345.95,1.23,0.94,0.23,0.57,-0.01,0.6,0.92,-0.24,0.24,0.39
346.319,1.16,0.89,0.23,0.5,-0.01,0.57,0.9,-0.26,0.2,0.37
346.687,1.13,0.86,0.25,0.39,-0.14,0.52,0.82,-0.25,0.2,0.34
347.055,1.13,0.81,0.31,0.38,-0.11,0.64,0.85,-0.21,0.22,0.41
347.423,1.17,0.81,0.32,0.34,-0.08,0.71,0.85,-0.15,0.25,0.47
347.791,1.16,0.83,0.32,0.3,-0.04,0.69,0.86,-0.16,0.26,0.45
348.159,1.19,0.91,0.34,0.29,0.05,0.77,0.95,-0.1,0.31,0.53
348.527,1.25,1.01,0.37,0.3,0.12,0.89,1.06,-0.08,0.39,0.64
348.895,1.22,1.01,0.35,0.25,0.08,0.9,1.06,-0.11,0.3,0.59
349.263,1.27,1.03,0.4,0.35,0.19,1.01,1.09,-0.04,0.39,0.67
349.631,1.23,1.01,0.43,0.35,0.11,0.93,1.11,-0.05,0.32,0.64
349.999,1.18,1.03,0.53,0.39,0.1,0.92,1.08,-0.02,0.3,0.72
350.367,1.24,1.08,0.59,0.49,0.16,0.94,1.14,0,0.3,0.74
350.734,1.18,1.02,0.55,0.51,0.15,0.91,1.04,-0.03,0.22,0.7
351.102,1.14,1.03,0.49,0.48,0.12,0.79,1.03,-0.05,0.13,0.62
351.47,1.13,1.05,0.53,0.5,0.13,0.81,1.07,-0.07,0.18,0.69
351.837,1.15,1.07,0.57,0.59,0.16,0.93,1.13,-0.04,0.18,0.77
352.205,1.15,1.07,0.57,0.66,0.17,0.96,1.1,-0.04,0.18,0.78
352.573,1.09,0.98,0.57,0.6,0.06,0.9,0.97,-0.09,0.12,0.72
352.94,1.13,0.97,0.62,0.72,0.13,0.92,1.02,-0.04,0.18,0.75
353.308,1.14,0.98,0.59,0.66,0.05,0.91,1.05,-0.12,0.17,0.72
353.675,1.19,1.04,0.65,0.64,0.11,0.94,1.15,-0.1,0.22,0.75
354.042,1.21,1.1,0.69,0.64,0.18,1.06,1.23,-0.03,0.28,0.77
354.41,1.15,1.09,0.65,0.67,0.11,1.05,1.22,-0.02,0.26,0.83
354.777,1.19,1.1,0.66,0.66,0.16,1.08,1.32,-0.01,0.31,0.92
355.144,1.15,1.06,0.66,0.61,0.14,1.03,1.29,-0.02,0.32,0.91
355.511,1.15,1.08,0.67,0.61,0.14,0.99,1.26,0.07,0.3,0.87
355.879,1.1,1.07,0.63,0.56,0.07,0.87,1.18,0.07,0.25,0.76
356.246,1.11,1.08,0.67,0.55,0.06,0.89,1.18,0.04,0.31,0.76
356.613,1.14,1.12,0.62,0.56,0.1,0.9,1.3,0.09,0.37,0.8
356.98,1.17,1.11,0.58,0.49,0.03,0.89,1.28,0.13,0.39,0.78
357.347,1.12,1.11,0.6,0.5,0.09,0.82,1.25,0.18,0.41,0.8
357.714,1.04,1.11,0.52,0.46,0.08,0.72,1.11,0.1,0.41,0.76
358.081,1.09,1.07,0.43,0.47,0.11,0.64,1.04,0.06,0.47,0.72
358.448,1.08,1.08,0.42,0.36,0.11,0.64,0.95,0.04,0.47,0.66
358.815,1.02,1.19,0.41,0.32,0.17,0.64,0.9,0.02,0.46,0.56
359.181,1.04,1.26,0.41,0.36,0.12,0.76,0.94,0.07,0.46,0.59
359.548,1.11,1.31,0.43,0.37,0.12,0.83,0.99,0,0.49,0.65
359.915,1.13,1.33,0.44,0.32,0.1,0.83,0.93,-0.03,0.49,0.72
360.282,1.14,1.33,0.45,0.38,0.05,0.78,0.99,0.06,0.53,0.76
360.648,1.12,1.32,0.43,0.36,0.03,0.71,0.95,0.04,0.5,0.71
361.015,1.12,1.37,0.44,0.38,0.14,0.78,0.9,0.03,0.47,0.72
361.381,1.17,1.39,0.48,0.34,0.14,0.86,0.93,0.11,0.45,0.77
361.748,1.19,1.38,0.51,0.42,0.16,0.96,1.09,0.19,0.52,0.87
362.114,1.16,1.41,0.53,0.43,0.11,1.01,1.06,0.15,0.45,0.88
362.481,1.23,1.44,0.53,0.5,0.16,1.08,1.12,0.11,0.48,0.92
362.847,1.3,1.35,0.56,0.53,0.1,1.08,1.19,0.08,0.5,0.94
363.214,1.34,1.34,0.6,0.56,0.2,1.04,1.21,0.11,0.53,0.95
363.58,1.2,1.27,0.56,0.49,0.12,0.96,1.14,0.03,0.48,0.82
363.946,1.23,1.33,0.62,0.66,0.22,1.05,1.28,0.11,0.56,0.85
364.312,1.17,1.32,0.63,0.58,0.29,1.06,1.24,0.06,0.5,0.84
364.678,1.17,1.36,0.72,0.62,0.38,1.11,1.25,0.13,0.59,0.93
365.045,1.19,1.39,0.75,0.67,0.38,1.15,1.41,0.18,0.64,1
365.411,1.19,1.39,0.74,0.7,0.44,1.12,1.39,0.1,0.63,1
365.777,1.19,1.37,0.74,0.58,0.39,1.05,1.28,0.05,0.62,0.88
366.143,1.22,1.39,0.78,0.59,0.39,1.02,1.34,0.13,0.66,0.9
366.509,1.22,1.35,0.83,0.58,0.38,0.99,1.29,0.18,0.61,0.85
366.875,1.23,1.4,0.83,0.63,0.37,1,1.28,0.18,0.6,0.92
367.241,1.27,1.39,0.84,0.61,0.31,0.98,1.27,0.13,0.69,0.94
367.606,1.37,1.4,0.87,0.67,0.4,1.04,1.25,0.22,0.65,1.03
367.972,1.4,1.33,0.82,0.61,0.37,1.02,1.18,0.19,0.67,1.02
368.338,1.4,1.31,0.77,0.59,0.3,0.96,1.12,0.08,0.63,1
368.704,1.44,1.25,0.71,0.59,0.23,0.97,1.12,0.03,0.59,0.98
369.069,1.48,1.21,0.74,0.59,0.22,1,0.99,0.06,0.58,0.94
369.435,1.45,1.21,0.71,0.56,0.21,1,0.96,0.08,0.56,0.92
369.801,1.47,1.21,0.68,0.56,0.16,1.06,0.86,0.03,0.45,0.88
370.166,1.44,1.14,0.66,0.48,0.18,1.07,0.84,0,0.44,0.81
370.532,1.42,1.14,0.68,0.51,0.27,1.15,0.9,0.06,0.48,0.89
370.897,1.44,1.17,0.71,0.46,0.38,1.17,0.98,0.1,0.51,0.86
371.263,1.4,1.14,0.68,0.49,0.37,1.15,0.94,0.11,0.43,0.84
371.628,1.38,1.19,0.72,0.58,0.4,1.21,1.01,0.15,0.51,0.92
371.993,1.36,1.24,0.73,0.54,0.43,1.15,1.02,0.14,0.51,0.9
372.359,1.43,1.3,0.77,0.61,0.5,1.16,1.11,0.29,0.58,0.94
372.724,1.4,1.34,0.79,0.62,0.47,1.12,1.08,0.3,0.5,0.9
373.089,1.28,1.32,0.79,0.58,0.47,0.95,1.07,0.21,0.45,0.88
373.454,1.31,1.32,0.8,0.67,0.42,0.91,1.16,0.22,0.49,0.87
373.82,1.36,1.36,0.82,0.72,0.49,0.91,1.26,0.32,0.62,0.91
374.185,1.36,1.39,0.8,0.79,0.54,0.85,1.24,0.29,0.58,0.94
374.55,1.38,1.45,0.76,0.81,0.47,0.8,1.19,0.24,0.64,0.89
374.915,1.38,1.46,0.78,0.83,0.44,0.86,1.15,0.27,0.67,0.9
375.28,1.36,1.46,0.76,0.75,0.47,0.89,1.17,0.21,0.64,0.88
375.645,1.37,1.46,0.73,0.66,0.39,0.79,1.12,0.19,0.58,0.82
376.01,1.42,1.45,0.77,0.72,0.44,0.94,1.21,0.24,0.58,0.88
376.374,1.34,1.42,0.77,0.77,0.48,1.04,1.16,0.22,0.56,0.9
376.739,1.32,1.36,0.77,0.78,0.51,1.08,1.17,0.24,0.56,0.88
377.104,1.39,1.39,0.74,0.83,0.59,1.17,1.17,0.27,0.62,0.95
377.469,1.4,1.38,0.76,0.82,0.6,1.23,1.1,0.26,0.65,0.96
377.833,1.36,1.37,0.79,0.85,0.61,1.26,1.12,0.22,0.57,0.97
378.198,1.37,1.39,0.78,0.86,0.61,1.29,1.15,0.25,0.59,0.96
378.563,1.43,1.43,0.83,0.87,0.67,1.4,1.25,0.34,0.64,1.03
378.927,1.42,1.44,0.83,0.92,0.66,1.33,1.25,0.3,0.6,1
379.292,1.45,1.47,0.85,1.01,0.73,1.32,1.23,0.36,0.58,1.01
379.656,1.47,1.44,0.82,1.02,0.81,1.35,1.24,0.32,0.59,0.95
380.021,1.37,1.41,0.76,0.92,0.73,1.2,1.08,0.19,0.5,0.85
380.385,1.43,1.4,0.78,0.83,0.71,1.17,1.06,0.19,0.52,0.8
380.749,1.5,1.49,0.82,0.8,0.78,1.2,1.07,0.25,0.58,0.89
381.114,1.53,1.48,0.82,0.75,0.65,1.2,1.09,0.22,0.54,0.81
381.478,1.54,1.48,0.8,0.74,0.63,1.18,1.06,0.2,0.52,0.76
381.842,1.54,1.46,0.81,0.76,0.69,1.22,1.06,0.28,0.58,0.82
382.206,1.52,1.49,0.84,0.73,0.73,1.28,1.1,0.25,0.58,0.86
382.571,1.42,1.49,0.84,0.7,0.66,1.21,1.06,0.2,0.52,0.88
382.935,1.37,1.47,0.76,0.62,0.63,1.17,1.02,0.19,0.48,0.86
383.299,1.36,1.47,0.74,0.6,0.58,1.15,1.01,0.22,0.46,0.83
383.663,1.34,1.47,0.78,0.54,0.59,1.06,1.05,0.25,0.48,0.85
384.027,1.4,1.51,0.83,0.63,0.65,1.11,1.1,0.37,0.61,0.89
384.391,1.32,1.46,0.79,0.62,0.59,1.14,1.08,0.34,0.58,0.9
384.755,1.33,1.44,0.8,0.66,0.58,1.1,1.06,0.27,0.57,0.86
385.118,1.27,1.4,0.8,0.64,0.67,1.1,1.04,0.26,0.61,0.94
385.482,1.22,1.43,0.8,0.64,0.68,1.06,1.07,0.26,0.62,0.93
385.846,1.21,1.39,0.75,0.57,0.63,1.02,1.04,0.17,0.54,0.88
386.21,1.21,1.32,0.72,0.51,0.53,0.94,0.94,0.14,0.5,0.79
386.573,1.26,1.28,0.68,0.5,0.57,0.94,0.95,0.14,0.53,0.71
386.937,1.33,1.28,0.74,0.55,0.64,1.01,0.97,0.15,0.58,0.72
387.301,1.37,1.29,0.79,0.55,0.65,1.04,1.05,0.15,0.7,0.78
387.664,1.37,1.31,0.8,0.57,0.62,1.09,1,0.2,0.66,0.81
388.028,1.36,1.35,0.78,0.59,0.63,1.18,1.09,0.16,0.66,0.87
388.391,1.44,1.45,0.81,0.61,0.7,1.16,1.14,0.16,0.71,0.87
388.755,1.4,1.44,0.81,0.57,0.75,1.15,1.16,0.15,0.72,0.86
389.118,1.4,1.45,0.78,0.52,0.7,1.1,1.16,0.14,0.66,0.78
389.481,1.43,1.41,0.82,0.51,0.69,1.12,1.12,0.18,0.62,0.8
389.845,1.5,1.48,0.89,0.57,0.7,1.13,1.09,0.26,0.71,0.75
390.208,1.57,1.52,0.91,0.67,0.77,1.14,1.15,0.33,0.73,0.81
390.571,1.6,1.53,0.93,0.73,0.81,1.08,1.11,0.4,0.71,0.82
390.934,1.6,1.54,0.93,0.74,0.83,1.06,1.12,0.45,0.73,0.82
391.298,1.6,1.53,0.93,0.78,0.91,1.14,1.09,0.48,0.71,0.83
391.661,1.62,1.54,0.93,0.83,0.99,1.19,1.12,0.45,0.72,0.84
392.024,1.7,1.49,0.96,0.82,1,1.19,1.09,0.46,0.72,0.82
392.387,1.69,1.49,0.99,0.86,0.98,1.27,1.13,0.52,0.72,0.83
392.75,1.73,1.49,0.95,0.84,0.9,1.24,1.08,0.53,0.69,0.8
393.113,1.76,1.53,0.99,0.89,0.94,1.31,1.13,0.59,0.74,0.82
393.476,1.8,1.62,0.98,0.92,0.99,1.34,1.18,0.61,0.76,0.83
393.838,1.79,1.62,0.94,0.88,1.03,1.38,1.2,0.59,0.72,0.9
394.201,1.77,1.61,0.94,0.84,1,1.4,1.09,0.56,0.67,0.84
394.564,1.78,1.66,0.98,0.8,1.01,1.51,1.16,0.52,0.7,0.88
394.927,1.74,1.64,1.02,0.78,1.01,1.53,1.16,0.46,0.65,0.84
395.289,1.73,1.67,0.98,0.69,0.96,1.47,1.14,0.41,0.64,0.8
395.652,1.7,1.65,0.92,0.7,0.93,1.45,1.14,0.35,0.63,0.77
396.015,1.66,1.7,0.91,0.71,0.92,1.36,1.12,0.35,0.63,0.73
396.377,1.68,1.69,0.88,0.66,0.94,1.3,1.13,0.33,0.63,0.72
396.74,1.69,1.74,0.92,0.79,0.98,1.37,1.22,0.34,0.71,0.74
397.102,1.75,1.8,0.98,0.85,1.04,1.39,1.28,0.38,0.78,0.81
397.465,1.73,1.73,0.97,0.78,1.01,1.35,1.27,0.37,0.78,0.78
397.827,1.75,1.74,0.99,0.87,1.03,1.38,1.29,0.39,0.81,0.8
398.189,1.73,1.76,1.03,0.91,1.1,1.4,1.41,0.44,0.89,0.84
398.552,1.73,1.75,1.02,0.94,1.09,1.43,1.45,0.46,0.89,0.81
398.914,1.72,1.77,0.97,0.92,1,1.44,1.36,0.47,0.89,0.83
399.276,1.75,1.75,0.97,1.01,1.02,1.47,1.38,0.5,0.89,0.87
399.638,1.83,1.83,1.08,1.09,1.1,1.56,1.43,0.58,0.98,0.98
400,1.84,1.84,1.13,1.1,1.14,1.62,1.45,0.64,0.99,1.02
400.363,1.82,1.88,1.14,1.12,1.17,1.62,1.41,0.66,1.01,1.1
400.725,1.81,1.86,1.14,1.06,1.17,1.62,1.32,0.65,0.97,1.14
401.087,1.76,1.78,1.07,0.99,1.06,1.55,1.19,0.61,0.87,1.03
401.449,1.81,1.83,1.05,1.03,1.1,1.6,1.21,0.59,0.89,1.07
401.81,1.78,1.85,1.03,0.98,1.08,1.58,1.18,0.58,0.88,1.05
402.172,1.85,1.92,1.07,1.09,1.16,1.65,1.24,0.63,0.91,1.14
402.534,1.84,1.94,1.07,1.12,1.18,1.6,1.18,0.63,0.91,1.16
402.896,1.94,1.97,1.12,1.17,1.29,1.6,1.31,0.66,0.94,1.18
403.258,1.94,1.99,1.14,1.16,1.32,1.54,1.27,0.67,0.93,1.18
403.619,1.93,1.94,1.1,1.11,1.29,1.52,1.21,0.7,0.95,1.14
403.981,1.99,1.91,1.1,1.09,1.28,1.53,1.2,0.71,0.93,1.18
404.343,2,1.94,1.09,1.13,1.29,1.58,1.21,0.7,0.93,1.13
404.704,2.03,1.96,1.1,1.11,1.33,1.55,1.25,0.72,0.98,1.12
405.066,2.03,1.99,1.12,1.12,1.42,1.57,1.3,0.7,1.03,1.19
405.427,1.97,1.99,1.11,1.12,1.46,1.54,1.28,0.67,1.05,1.19
405.789,2.03,2.01,1.16,1.19,1.47,1.54,1.38,0.7,1.06,1.21
406.15,2,1.95,1.09,1.11,1.39,1.48,1.33,0.61,1,1.15
406.512,2.03,1.89,1.03,1,1.36,1.44,1.27,0.53,0.96,1.07
406.873,2,1.9,1.01,1.02,1.32,1.49,1.2,0.55,0.98,1.06
407.234,1.99,1.92,1.04,0.96,1.28,1.5,1.24,0.59,1.05,1.08
407.596,2.01,1.91,1.06,0.95,1.27,1.49,1.25,0.52,1.01,1.07
407.957,1.93,1.9,1.04,0.92,1.27,1.43,1.23,0.44,1.02,1.03
408.318,1.96,1.88,1.04,0.92,1.29,1.41,1.23,0.47,1.01,1.02
408.679,1.97,1.84,1.04,0.97,1.24,1.43,1.21,0.48,0.96,0.97
409.04,2.06,1.88,1.09,1.04,1.3,1.47,1.31,0.54,1.03,0.98
409.401,2.12,1.9,1.12,1.08,1.29,1.54,1.35,0.6,1.01,1
409.762,2.06,1.85,1.08,0.97,1.28,1.52,1.28,0.57,0.97,0.92
410.123,2.03,1.85,1.1,0.92,1.29,1.49,1.22,0.62,1.01,0.88
410.484,2.03,1.92,1.13,1,1.37,1.55,1.31,0.73,1.06,0.98
410.845,2.03,1.92,1.16,1,1.41,1.5,1.34,0.75,1.03,0.96
411.206,2.04,1.93,1.15,1.02,1.45,1.58,1.32,0.72,1.01,0.94
411.567,2.03,1.99,1.12,1.04,1.46,1.57,1.32,0.78,1.01,0.92
411.927,2.09,2.04,1.1,1.07,1.47,1.65,1.28,0.86,0.98,0.88
412.288,2.07,2.05,1.11,1.07,1.44,1.61,1.24,0.84,0.94,0.89
412.649,2.37,2.38,1.31,1.31,2.01,2.09,1.62,1.27,1.42,1.19
413.009,2.34,2.43,1.32,1.36,2.05,2.1,1.6,1.31,1.37,1.24
413.37,2.32,2.42,1.32,1.31,2.07,2.09,1.56,1.3,1.36,1.23
413.731,2.36,2.46,1.36,1.35,2.1,2.08,1.59,1.33,1.4,1.26
414.091,2.33,2.49,1.36,1.4,2.1,2.1,1.62,1.29,1.36,1.28
414.452,2.32,2.48,1.35,1.36,2.07,2.1,1.61,1.24,1.33,1.23
414.812,2.32,2.45,1.31,1.35,2.08,2.08,1.62,1.23,1.31,1.21
415.172,2.33,2.43,1.32,1.34,2.07,2.02,1.62,1.23,1.3,1.23
415.533,2.35,2.44,1.33,1.37,2.13,2,1.68,1.26,1.31,1.28
415.893,2.34,2.41,1.35,1.36,2.12,1.95,1.72,1.21,1.31,1.29
416.253,2.36,2.4,1.34,1.34,2.13,1.99,1.75,1.22,1.33,1.28
416.613,2.07,2.13,1.16,1.09,1.65,1.54,1.4,0.8,0.9,1.02
416.974,2.09,2.11,1.13,1.08,1.59,1.54,1.34,0.79,0.86,0.98
417.334,2.09,2.11,1.1,1.14,1.57,1.52,1.29,0.78,0.86,0.94
417.694,2.08,2.1,1.13,1.18,1.54,1.56,1.28,0.76,0.85,0.95
418.054,2.14,2.08,1.13,1.15,1.55,1.51,1.25,0.79,0.82,0.95
418.414,2.16,2.09,1.16,1.19,1.57,1.45,1.24,0.79,0.83,0.97
418.774,2.15,2.11,1.18,1.16,1.53,1.5,1.19,0.77,0.79,0.94
419.134,2.14,2.15,1.17,1.16,1.52,1.53,1.2,0.77,0.78,0.91
419.494,2.14,2.09,1.19,1.12,1.47,1.57,1.17,0.73,0.78,0.84
419.853,2.14,2.09,1.15,1.12,1.48,1.57,1.19,0.73,0.8,0.84
420.213,2.13,2.09,1.17,1.14,1.47,1.53,1.16,0.73,0.81,0.86
420.573,2.11,2.08,1.18,1.16,1.48,1.55,1.17,0.75,0.8,0.86
420.933,2.08,2.05,1.14,1.09,1.48,1.55,1.2,0.73,0.78,0.84
421.292,2.09,2.07,1.18,1.06,1.52,1.58,1.24,0.74,0.81,0.85
421.652,2.1,2.05,1.14,1,1.55,1.51,1.23,0.73,0.74,0.85
422.011,2.13,2.1,1.17,1.03,1.64,1.65,1.33,0.81,0.83,0.93
422.371,2.16,2.09,1.16,1.04,1.62,1.65,1.28,0.83,0.82,0.95
422.73,2.24,2.16,1.15,1.15,1.74,1.67,1.35,0.91,0.91,1.08
423.09,2.29,2.15,1.16,1.19,1.77,1.67,1.39,0.97,0.92,1.13
423.449,2.23,2.19,1.12,1.2,1.76,1.6,1.33,0.95,0.86,1.15
423.809,2.25,2.21,1.16,1.22,1.81,1.61,1.34,0.98,0.87,1.21
424.168,2.25,2.23,1.14,1.24,1.81,1.67,1.36,0.97,0.86,1.22
424.527,2.29,2.26,1.16,1.21,1.79,1.64,1.35,0.96,0.86,1.22
424.887,2.31,2.27,1.18,1.23,1.8,1.62,1.35,0.97,0.9,1.2
425.246,2.3,2.25,1.14,1.24,1.83,1.57,1.34,0.97,0.88,1.18
425.605,2.38,2.3,1.18,1.29,1.85,1.64,1.35,1.03,0.94,1.2
425.964,2.34,2.29,1.13,1.27,1.76,1.56,1.24,0.94,0.86,1.14
426.323,2.33,2.32,1.14,1.27,1.8,1.59,1.29,0.94,0.88,1.14
426.682,2.26,2.25,1.14,1.13,1.67,1.54,1.24,0.86,0.79,1.04
427.041,2.27,2.23,1.14,1.15,1.7,1.58,1.2,0.86,0.8,1
427.4,2.32,2.25,1.17,1.13,1.73,1.62,1.27,0.86,0.85,0.97
427.759,2.36,2.26,1.17,1.13,1.78,1.64,1.28,0.86,0.88,0.94
428.118,2.41,2.25,1.19,1.12,1.8,1.62,1.26,0.87,0.88,0.91
428.477,2.41,2.27,1.18,1.17,1.9,1.63,1.3,0.88,0.88,0.9
428.835,2.41,2.28,1.17,1.18,1.93,1.64,1.3,0.9,0.88,0.93
429.194,2.39,2.34,1.22,1.18,1.93,1.69,1.32,0.9,0.85,0.93
429.553,2.35,2.33,1.19,1.18,1.94,1.64,1.32,0.85,0.81,0.93
429.911,2.38,2.34,1.22,1.21,1.98,1.64,1.36,0.93,0.86,0.91
430.27,2.38,2.35,1.23,1.22,1.99,1.67,1.34,0.96,0.84,0.87
430.629,2.43,2.44,1.24,1.34,2.12,1.75,1.37,1.07,0.96,0.93
430.987,2.44,2.5,1.26,1.3,2.1,1.69,1.36,1.02,0.96,0.9
431.346,2.42,2.49,1.24,1.32,2.08,1.69,1.34,1.02,0.93,0.89
431.704,2.38,2.5,1.25,1.32,2.05,1.71,1.35,1.01,0.89,0.88
432.062,2.36,2.53,1.24,1.3,2.08,1.69,1.38,1.02,0.91,0.9
432.421,2.36,2.5,1.23,1.28,2.03,1.7,1.34,1.01,0.86,0.87
432.779,2.39,2.54,1.25,1.27,2.07,1.72,1.36,1,0.86,0.87
433.137,2.44,2.48,1.22,1.3,2.08,1.72,1.38,1.01,0.89,0.92
433.496,2.45,2.49,1.27,1.27,2.05,1.81,1.39,1.02,0.96,0.89
433.854,2.47,2.47,1.28,1.23,2.07,1.79,1.41,0.97,0.91,0.94
434.212,2.46,2.47,1.26,1.25,1.99,1.79,1.42,0.89,0.88,0.9
434.57,2.45,2.45,1.27,1.26,1.94,1.79,1.46,0.84,0.87,0.9
434.928,2.4,2.44,1.27,1.29,1.98,1.82,1.51,0.87,0.84,0.92
435.286,2.37,2.45,1.3,1.27,1.98,1.81,1.48,0.88,0.84,0.92
435.644,2.42,2.46,1.28,1.28,2.03,1.85,1.48,0.92,0.83,0.93
436.002,2.44,2.49,1.27,1.28,2.01,1.91,1.51,0.91,0.79,0.92
436.36,2.47,2.52,1.28,1.29,2.04,1.91,1.55,0.94,0.82,0.97
436.718,2.41,2.45,1.23,1.27,1.9,1.87,1.48,0.91,0.79,0.93
437.075,2.39,2.52,1.24,1.27,1.92,1.88,1.48,0.94,0.79,0.93
437.433,2.37,2.56,1.21,1.3,1.95,1.87,1.44,0.98,0.77,0.94
437.791,2.36,2.59,1.17,1.27,1.94,1.86,1.44,0.99,0.76,0.86
438.149,2.35,2.59,1.15,1.24,1.97,1.81,1.44,0.97,0.78,0.89
438.506,2.31,2.56,1.11,1.14,1.93,1.74,1.36,0.95,0.65,0.84
438.864,2.33,2.51,1.07,1.16,1.89,1.72,1.33,0.97,0.68,0.77
439.221,2.38,2.52,1.05,1.19,1.94,1.79,1.35,0.94,0.69,0.74
439.579,2.36,2.55,1.08,1.24,1.95,1.8,1.38,0.94,0.75,0.74
439.936,2.35,2.54,1.08,1.25,1.98,1.78,1.35,0.98,0.74,0.71
440.294,2.35,2.52,1.08,1.24,1.99,1.75,1.32,0.96,0.74,0.69
440.651,2.38,2.54,1.12,1.28,2.1,1.76,1.34,0.93,0.75,0.66
441.009,2.39,2.52,1.14,1.25,2.05,1.74,1.33,0.87,0.73,0.6
441.366,2.37,2.5,1.16,1.25,2.06,1.74,1.37,0.85,0.68,0.59
441.723,2.35,2.49,1.21,1.31,2.08,1.78,1.4,0.86,0.71,0.65
442.08,2.39,2.52,1.28,1.35,2.14,1.84,1.43,0.96,0.75,0.67
442.437,2.43,2.55,1.28,1.39,2.22,1.86,1.44,0.96,0.82,0.68
442.795,2.47,2.6,1.33,1.39,2.27,1.89,1.44,0.94,0.85,0.78
443.152,2.48,2.61,1.33,1.4,2.27,1.87,1.43,0.98,0.89,0.84
443.509,2.48,2.56,1.3,1.34,2.23,1.81,1.37,0.94,0.85,0.83
443.866,2.46,2.53,1.32,1.32,2.19,1.82,1.36,0.93,0.84,0.79
444.223,2.43,2.58,1.31,1.35,2.21,1.82,1.35,0.92,0.82,0.77
444.58,2.46,2.63,1.34,1.4,2.23,1.86,1.35,0.98,0.85,0.81
444.936,2.49,2.64,1.35,1.46,2.29,1.9,1.38,1.02,0.89,0.88
445.293,2.5,2.66,1.32,1.5,2.28,1.89,1.38,1.04,0.97,0.95
445.65,2.53,2.68,1.29,1.49,2.28,1.93,1.34,1.05,0.98,0.95
446.007,2.54,2.66,1.28,1.51,2.27,1.98,1.31,1.03,0.97,0.92
446.363,2.55,2.65,1.34,1.51,2.25,2,1.32,1.06,0.96,0.93
446.72,2.55,2.66,1.34,1.51,2.26,2.04,1.35,1.06,0.94,0.92
447.077,2.6,2.68,1.4,1.55,2.28,2.04,1.36,1.11,0.87,0.94
447.433,2.61,2.68,1.41,1.56,2.29,2.03,1.36,1.14,0.85,0.95
447.79,2.66,2.72,1.44,1.62,2.35,2.04,1.36,1.2,0.92,1.03
448.146,2.72,2.74,1.44,1.62,2.33,2.13,1.41,1.2,0.98,1.04
448.503,2.72,2.73,1.43,1.62,2.28,2.11,1.45,1.22,0.97,1.06
448.859,2.73,2.73,1.41,1.58,2.25,2.07,1.48,1.22,0.97,1.02
449.215,2.79,2.73,1.51,1.59,2.31,2.11,1.52,1.29,0.98,1.01
449.572,2.8,2.75,1.58,1.64,2.37,2.1,1.56,1.33,1.04,0.99
449.928,2.83,2.78,1.55,1.65,2.42,2.05,1.6,1.33,1.1,1.01
450.284,2.86,2.8,1.53,1.65,2.48,2.09,1.64,1.36,1.14,1.01
450.641,2.83,2.79,1.52,1.63,2.44,2.04,1.59,1.34,1.1,0.97
450.997,2.78,2.83,1.52,1.62,2.46,2.07,1.65,1.38,1.15,0.94
451.353,2.76,2.85,1.54,1.64,2.48,2.1,1.67,1.33,1.12,0.91
451.709,2.76,2.81,1.52,1.64,2.45,2.05,1.7,1.27,1.09,0.95
452.065,2.74,2.79,1.57,1.64,2.49,2.04,1.71,1.32,1.07,0.98
452.421,2.71,2.81,1.54,1.59,2.52,2.05,1.68,1.3,1.05,0.92
452.777,2.71,2.82,1.55,1.56,2.58,2.06,1.67,1.26,1.07,0.88
453.133,2.68,2.85,1.5,1.59,2.6,2.04,1.63,1.26,1.06,0.84
453.488,2.67,2.79,1.43,1.55,2.58,1.95,1.55,1.23,0.96,0.78
453.844,2.69,2.8,1.48,1.56,2.6,2.02,1.59,1.31,0.95,0.82
454.2,2.73,2.82,1.48,1.63,2.59,2.01,1.61,1.26,1,0.85
454.556,2.74,2.85,1.49,1.66,2.64,2,1.7,1.3,1.05,0.93
454.911,2.78,2.81,1.47,1.71,2.64,1.99,1.68,1.25,0.99,0.91
455.267,2.81,2.86,1.47,1.75,2.65,2.06,1.7,1.24,1.02,0.94
455.623,2.83,2.89,1.47,1.74,2.67,2.07,1.74,1.24,1.06,0.9
455.978,2.83,2.89,1.45,1.74,2.64,2.05,1.77,1.21,1.02,0.88
456.334,2.91,2.94,1.48,1.8,2.68,2.09,1.87,1.24,1.07,0.89
456.689,2.91,2.97,1.48,1.82,2.67,2.14,1.91,1.26,1.08,0.96
457.045,2.91,2.91,1.42,1.74,2.62,2.12,1.91,1.2,1.03,0.92
457.4,2.9,2.99,1.44,1.73,2.6,2.17,1.93,1.2,1.07,0.98
457.755,2.84,2.96,1.39,1.69,2.51,2.12,1.9,1.11,1.01,0.87
458.111,2.81,2.96,1.42,1.68,2.53,2.09,1.9,1.1,0.95,0.83
458.466,2.82,2.97,1.43,1.67,2.52,2.14,1.84,1.09,0.94,0.78
458.821,2.79,3,1.4,1.7,2.49,2.19,1.82,1.1,0.99,0.81
459.176,2.74,2.96,1.33,1.59,2.43,2.16,1.82,1.1,0.96,0.78
459.531,2.72,2.99,1.34,1.63,2.44,2.25,1.87,1.12,0.97,0.75
459.886,2.72,2.95,1.32,1.59,2.42,2.18,1.79,1.09,0.98,0.67
460.242,2.71,2.92,1.32,1.56,2.44,2.14,1.73,1.08,0.95,0.68
460.597,2.7,2.89,1.3,1.53,2.44,2.07,1.65,1.04,0.92,0.65
460.951,2.73,2.93,1.32,1.56,2.47,2.12,1.65,1.02,0.94,0.71
461.306,2.75,2.92,1.36,1.64,2.53,2.17,1.73,1.08,0.91,0.73
461.661,2.81,2.94,1.39,1.68,2.57,2.24,1.74,1.12,0.93,0.79
462.016,2.78,2.92,1.36,1.66,2.56,2.24,1.72,1.14,0.93,0.77
462.371,2.8,2.9,1.33,1.65,2.57,2.22,1.72,1.12,0.94,0.78
462.726,2.86,2.9,1.37,1.64,2.63,2.19,1.81,1.18,0.95,0.78
463.08,2.94,2.93,1.42,1.68,2.69,2.21,1.82,1.27,1.01,0.81
463.435,2.94,2.92,1.38,1.69,2.67,2.14,1.72,1.25,0.94,0.78
463.79,2.93,2.94,1.36,1.71,2.71,2.19,1.73,1.26,0.93,0.77
464.144,2.93,2.94,1.34,1.74,2.65,2.19,1.74,1.23,0.95,0.73
464.499,2.95,2.95,1.39,1.78,2.64,2.24,1.8,1.27,0.94,0.72
464.853,2.93,2.98,1.4,1.82,2.66,2.21,1.81,1.3,0.94,0.66
465.208,2.94,3,1.39,1.79,2.71,2.22,1.83,1.31,0.97,0.66
465.562,2.98,3.03,1.44,1.86,2.76,2.25,1.88,1.35,1.1,0.72
465.916,2.93,3.05,1.44,1.83,2.74,2.23,1.82,1.35,1.07,0.71
466.271,2.91,3.04,1.44,1.83,2.72,2.23,1.84,1.32,1.05,0.66
466.625,2.93,3.05,1.42,1.88,2.73,2.24,1.79,1.28,1.05,0.69
466.979,2.92,3.08,1.42,1.95,2.77,2.26,1.77,1.25,1.03,0.68
467.333,2.94,3.11,1.48,2,2.82,2.29,1.79,1.26,1.08,0.7
467.688,2.98,3.15,1.51,1.97,2.79,2.34,1.83,1.31,1.07,0.76
468.042,2.99,3.15,1.52,2,2.87,2.35,1.87,1.32,1.08,0.84
468.396,3.02,3.14,1.5,1.99,2.92,2.39,1.82,1.31,1.09,0.83
468.75,3.05,3.12,1.49,1.94,2.9,2.41,1.8,1.31,1.06,0.84
469.104,3.06,3.15,1.52,1.93,2.85,2.45,1.78,1.28,1.09,0.86
469.458,3.02,3.11,1.43,1.88,2.85,2.41,1.71,1.21,0.98,0.79
469.811,3.12,3.12,1.42,1.95,2.93,2.51,1.81,1.25,1.02,0.84
470.165,3.18,3.19,1.48,2.02,3,2.63,1.87,1.33,1.05,0.92
470.519,3.17,3.19,1.5,2.03,3.06,2.68,1.88,1.31,1.08,0.95
470.873,3.19,3.16,1.51,1.97,3.04,2.64,1.89,1.27,1.08,0.92
471.227,3.21,3.16,1.48,1.93,3.02,2.64,1.95,1.29,1.07,0.95
471.58,3.24,3.14,1.5,2,3.13,2.66,1.96,1.3,1.13,0.96
471.934,3.22,3.1,1.48,1.95,3.12,2.66,1.93,1.27,1.12,0.88
472.287,3.16,3.12,1.46,1.99,3.09,2.64,1.96,1.29,1.11,0.85
472.641,3.16,3.12,1.46,2.03,3.12,2.64,1.98,1.25,1.07,0.82
472.995,3.14,3.07,1.38,2.01,3.1,2.54,1.93,1.23,1.04,0.76
473.348,3.17,3.08,1.41,2,3.06,2.57,1.96,1.26,1.08,0.72
473.701,3.15,3.08,1.45,2,3.08,2.57,1.96,1.23,1.09,0.7
474.055,3.1,3.04,1.39,1.96,3.06,2.48,1.94,1.16,1.02,0.64
474.408,3.11,3.07,1.35,1.87,3,2.43,1.93,1.18,0.96,0.53
474.761,3.09,3.07,1.33,1.89,3.05,2.43,1.97,1.22,0.96,0.52
475.115,3.08,3.09,1.33,1.88,3.07,2.5,1.97,1.19,0.96,0.51
475.468,3.04,3.09,1.29,1.83,2.98,2.45,1.94,1.11,0.92,0.46
475.821,3.1,3.16,1.36,1.91,3.02,2.52,2.01,1.17,0.97,0.51
476.174,3.14,3.18,1.37,1.9,3.07,2.55,2.05,1.21,0.98,0.6
476.527,3.17,3.22,1.46,1.99,3.11,2.63,2.17,1.29,1.08,0.7
476.88,3.19,3.26,1.52,2.03,3.19,2.71,2.23,1.29,1.09,0.73
477.233,3.15,3.32,1.53,2.04,3.22,2.65,2.21,1.25,1.07,0.82
477.586,3.17,3.33,1.53,2,3.22,2.66,2.2,1.24,1.03,0.82
477.939,3.18,3.35,1.54,2.02,3.23,2.7,2.22,1.28,1.09,0.84
478.292,3.19,3.33,1.52,2.07,3.26,2.69,2.2,1.29,1.1,0.85
478.645,3.17,3.34,1.53,2.09,3.2,2.71,2.14,1.26,1.1,0.86
478.998,3.15,3.31,1.53,2.08,3.17,2.64,2.09,1.25,1.1,0.81
479.35,3.16,3.38,1.54,2.13,3.21,2.69,2.12,1.29,1.11,0.86
479.703,3.1,3.35,1.51,2.1,3.2,2.62,2.06,1.28,1.07,0.86
480.056,3.12,3.34,1.52,2.12,3.2,2.62,2.05,1.29,1.08,0.84
480.408,3.08,3.32,1.45,2.08,3.15,2.58,1.97,1.27,1.04,0.78
480.761,3.06,3.31,1.41,2.06,3.1,2.53,1.93,1.28,1.03,0.76
481.113,3.11,3.35,1.4,2.05,3.15,2.55,1.99,1.32,1.05,0.75
481.466,3.09,3.37,1.4,2.07,3.12,2.53,2.02,1.38,1.08,0.75
481.818,3.12,3.34,1.39,2.1,3.14,2.5,2.01,1.35,1.04,0.74
482.171,3.11,3.33,1.42,2.09,3.14,2.55,2.05,1.35,1.01,0.78
482.523,3.13,3.35,1.43,2.11,3.17,2.57,2.11,1.42,1.04,0.8
482.875,3.17,3.43,1.46,2.16,3.25,2.65,2.19,1.51,1.09,0.9
483.228,3.21,3.45,1.5,2.19,3.25,2.67,2.18,1.56,1.09,0.92
483.58,3.18,3.46,1.48,2.2,3.2,2.67,2.2,1.55,1.07,0.9
483.932,3.17,3.49,1.46,2.22,3.22,2.68,2.19,1.55,1.08,0.9
484.284,3.24,3.54,1.5,2.25,3.24,2.73,2.24,1.54,1.12,0.93
484.636,3.23,3.56,1.54,2.31,3.29,2.75,2.29,1.53,1.12,0.93
484.988,3.19,3.51,1.56,2.34,3.27,2.78,2.26,1.5,1.06,0.86
485.34,3.24,3.56,1.59,2.45,3.33,2.83,2.29,1.53,1.15,0.89
485.692,3.26,3.59,1.6,2.44,3.33,2.88,2.33,1.57,1.18,0.88
486.044,3.27,3.61,1.6,2.49,3.36,2.92,2.32,1.59,1.22,0.89
486.396,3.27,3.6,1.63,2.5,3.36,2.94,2.31,1.59,1.25,0.9
486.748,3.26,3.57,1.62,2.55,3.34,2.91,2.31,1.57,1.2,0.87
487.1,3.24,3.55,1.63,2.58,3.38,2.94,2.32,1.55,1.21,0.9
487.451,3.27,3.57,1.64,2.6,3.41,2.98,2.34,1.56,1.22,0.92
487.803,3.27,3.56,1.65,2.61,3.4,2.97,2.35,1.57,1.25,0.91
488.155,3.27,3.55,1.63,2.6,3.41,2.94,2.35,1.6,1.24,0.9
488.506,3.31,3.56,1.63,2.61,3.41,2.96,2.37,1.64,1.25,0.9
488.858,3.33,3.55,1.64,2.63,3.4,2.97,2.39,1.66,1.29,0.93
489.209,3.28,3.5,1.61,2.57,3.36,2.97,2.36,1.62,1.24,0.9
489.561,3.27,3.51,1.62,2.6,3.38,2.96,2.36,1.61,1.25,0.94
489.912,3.28,3.51,1.65,2.63,3.39,2.96,2.42,1.61,1.29,0.96
490.264,3.3,3.54,1.65,2.66,3.41,2.96,2.43,1.63,1.26,0.99
490.615,3.32,3.55,1.65,2.68,3.42,2.97,2.45,1.64,1.3,0.99
490.966,3.34,3.58,1.63,2.66,3.41,2.96,2.48,1.68,1.32,0.96
491.318,3.37,3.59,1.65,2.66,3.43,2.98,2.49,1.7,1.35,0.95
491.669,3.36,3.58,1.63,2.59,3.44,2.98,2.48,1.67,1.29,0.93
492.02,3.37,3.58,1.63,2.61,3.44,3,2.51,1.65,1.3,0.92
492.371,3.34,3.58,1.61,2.61,3.43,3,2.49,1.67,1.29,0.95
492.722,3.35,3.58,1.61,2.59,3.43,2.99,2.49,1.71,1.27,0.93
493.073,3.38,3.62,1.63,2.61,3.45,3,2.48,1.73,1.28,0.94
493.424,3.41,3.62,1.64,2.64,3.44,3.02,2.51,1.76,1.3,0.94
493.775,3.37,3.59,1.6,2.57,3.39,2.97,2.43,1.71,1.21,0.86
494.126,3.37,3.59,1.57,2.55,3.37,3,2.43,1.65,1.23,0.82
494.477,3.36,3.6,1.58,2.51,3.38,3.01,2.44,1.65,1.23,0.81
494.828,3.35,3.58,1.56,2.51,3.36,2.96,2.44,1.6,1.2,0.79
495.179,3.36,3.56,1.58,2.59,3.34,2.95,2.48,1.63,1.22,0.83
495.53,3.38,3.6,1.61,2.63,3.32,2.96,2.54,1.67,1.25,0.88
495.88,3.41,3.61,1.62,2.66,3.32,2.98,2.54,1.69,1.25,0.89
496.231,3.43,3.59,1.62,2.62,3.33,3.01,2.55,1.65,1.26,0.84
496.582,3.44,3.64,1.62,2.62,3.33,3.04,2.57,1.61,1.28,0.9
496.932,3.44,3.63,1.63,2.64,3.33,3.05,2.62,1.61,1.28,0.91
497.283,3.43,3.68,1.64,2.64,3.34,3.07,2.61,1.61,1.27,0.93
497.633,3.46,3.7,1.65,2.67,3.34,3.1,2.65,1.63,1.3,0.94
497.984,3.48,3.7,1.69,2.7,3.39,3.14,2.72,1.68,1.31,0.99
498.334,3.48,3.69,1.67,2.67,3.38,3.18,2.7,1.67,1.3,1
498.684,3.49,3.68,1.65,2.66,3.36,3.25,2.67,1.68,1.29,1.03
499.035,3.48,3.69,1.63,2.6,3.37,3.25,2.62,1.64,1.26,1
499.385,3.44,3.71,1.62,2.65,3.35,3.26,2.6,1.65,1.24,0.96
499.735,3.41,3.7,1.6,2.62,3.34,3.25,2.59,1.6,1.23,0.95
500.086,3.41,3.74,1.6,2.65,3.37,3.23,2.6,1.6,1.22,0.96
500.436,3.41,3.74,1.57,2.67,3.38,3.21,2.62,1.65,1.24,0.94
500.786,3.41,3.72,1.54,2.69,3.42,3.21,2.61,1.63,1.23,0.93
501.136,3.42,3.69,1.51,2.68,3.45,3.16,2.61,1.63,1.19,0.88
501.486,3.44,3.72,1.56,2.71,3.52,3.22,2.66,1.68,1.23,0.94
501.836,3.45,3.73,1.59,2.73,3.53,3.2,2.63,1.73,1.21,0.95
502.186,3.46,3.77,1.61,2.77,3.54,3.17,2.63,1.77,1.22,0.95
502.536,3.46,3.76,1.62,2.77,3.58,3.18,2.62,1.76,1.21,0.91
502.886,3.47,3.78,1.62,2.83,3.6,3.2,2.64,1.78,1.24,0.88
503.235,3.5,3.77,1.62,2.78,3.64,3.19,2.69,1.78,1.28,0.89
503.585,3.49,3.78,1.61,2.78,3.66,3.2,2.71,1.83,1.32,0.9
503.935,3.5,3.77,1.56,2.76,3.62,3.22,2.71,1.82,1.3,0.89
504.285,3.51,3.78,1.61,2.79,3.64,3.24,2.73,1.83,1.31,0.91
504.634,3.56,3.82,1.67,2.79,3.62,3.33,2.81,1.85,1.35,0.94
504.984,3.52,3.84,1.67,2.81,3.58,3.38,2.83,1.82,1.39,0.94
505.333,3.52,3.87,1.63,2.81,3.58,3.34,2.83,1.82,1.39,0.91
505.683,3.55,3.89,1.61,2.81,3.63,3.36,2.86,1.83,1.39,0.89
506.032,3.57,3.85,1.58,2.78,3.62,3.37,2.85,1.79,1.38,0.87
506.382,3.53,3.84,1.56,2.78,3.6,3.34,2.85,1.8,1.34,0.89
506.731,3.51,3.81,1.55,2.72,3.58,3.35,2.84,1.78,1.28,0.88
507.08,3.55,3.84,1.56,2.79,3.6,3.39,2.85,1.79,1.26,0.88
507.43,3.55,3.82,1.58,2.81,3.6,3.44,2.81,1.78,1.21,0.87
507.779,3.56,3.84,1.63,2.89,3.62,3.46,2.87,1.82,1.25,0.9
508.128,3.57,3.83,1.6,2.86,3.61,3.45,2.84,1.81,1.21,0.88
508.477,3.53,3.81,1.59,2.89,3.62,3.42,2.79,1.82,1.18,0.87
508.826,3.54,3.8,1.61,2.9,3.63,3.43,2.77,1.85,1.13,0.85
509.176,3.53,3.8,1.61,2.94,3.65,3.46,2.79,1.84,1.16,0.85
509.525,3.49,3.78,1.58,2.92,3.61,3.44,2.81,1.8,1.13,0.85
509.874,3.45,3.81,1.6,2.97,3.62,3.44,2.84,1.78,1.12,0.85
510.222,3.51,3.86,1.66,3.08,3.68,3.51,2.94,1.83,1.2,0.88
510.571,3.51,3.88,1.69,3.14,3.74,3.53,2.99,1.84,1.26,0.92
510.92,3.52,3.84,1.7,3.14,3.74,3.54,3,1.88,1.26,0.92
511.269,3.56,3.88,1.72,3.2,3.75,3.53,3.09,1.91,1.29,0.93
511.618,3.58,3.88,1.72,3.17,3.77,3.56,3.04,1.88,1.31,0.91
511.967,3.54,3.89,1.74,3.19,3.8,3.61,3.08,1.86,1.31,0.91
512.315,3.61,3.95,1.73,3.21,3.88,3.63,3.12,1.92,1.37,0.91
512.664,3.62,3.97,1.69,3.18,3.88,3.58,3.09,1.91,1.39,0.89
513.012,3.61,3.93,1.69,3.16,3.85,3.55,3.05,1.89,1.37,0.87
513.361,3.6,3.96,1.69,3.17,3.83,3.55,3,1.9,1.34,0.84
513.71,3.62,3.96,1.68,3.16,3.81,3.55,2.99,1.92,1.35,0.83
514.058,3.63,3.99,1.68,3.14,3.78,3.59,2.96,1.89,1.37,0.85
514.406,3.66,4.01,1.68,3.15,3.77,3.6,2.96,1.91,1.35,0.85
514.755,3.62,4.02,1.67,3.14,3.73,3.55,2.92,1.84,1.32,0.85
515.103,3.6,4.03,1.67,3.07,3.72,3.48,2.88,1.81,1.29,0.85
515.451,3.57,4.05,1.65,3.12,3.7,3.46,2.89,1.83,1.23,0.86
515.8,3.59,4.04,1.66,3.14,3.67,3.43,2.86,1.84,1.25,0.85
516.148,3.55,4,1.62,3.13,3.6,3.39,2.86,1.76,1.19,0.84
516.496,3.55,3.99,1.65,3.15,3.61,3.44,2.91,1.77,1.22,0.84
516.844,3.6,4.03,1.64,3.18,3.64,3.48,2.96,1.78,1.21,0.82
517.192,3.65,3.99,1.61,3.19,3.62,3.49,2.97,1.73,1.23,0.82
517.54,3.63,4,1.61,3.17,3.62,3.51,2.98,1.72,1.23,0.77
517.888,3.63,3.98,1.61,3.17,3.65,3.48,3.02,1.72,1.23,0.74
518.236,3.63,4,1.63,3.19,3.66,3.5,3.06,1.74,1.28,0.78
518.584,3.66,4.05,1.65,3.26,3.72,3.58,3.15,1.78,1.34,0.81
518.932,3.69,4.04,1.62,3.28,3.74,3.63,3.16,1.79,1.31,0.82
519.28,3.66,4.02,1.6,3.26,3.75,3.6,3.18,1.77,1.32,0.78
519.628,3.66,4.04,1.57,3.26,3.8,3.6,3.22,1.77,1.31,0.75
519.975,3.65,4.04,1.61,3.29,3.82,3.59,3.23,1.8,1.3,0.72
520.323,3.67,4.08,1.61,3.31,3.84,3.62,3.27,1.83,1.31,0.75
520.671,3.63,4.07,1.65,3.27,3.77,3.65,3.3,1.83,1.3,0.78
521.018,3.56,4.07,1.67,3.26,3.75,3.61,3.29,1.79,1.28,0.75
521.366,3.6,4.09,1.67,3.34,3.76,3.64,3.36,1.85,1.3,0.77
521.713,3.58,4.09,1.69,3.37,3.77,3.67,3.38,1.86,1.31,0.77
522.061,3.56,4.09,1.69,3.38,3.74,3.63,3.37,1.83,1.25,0.71
522.408,3.56,4.1,1.68,3.39,3.73,3.65,3.38,1.84,1.28,0.71
522.756,3.57,4.13,1.71,3.45,3.74,3.74,3.43,1.89,1.37,0.71
523.103,3.57,4.14,1.72,3.45,3.73,3.78,3.45,1.91,1.37,0.72
523.45,3.63,4.18,1.77,3.45,3.72,3.83,3.47,1.94,1.44,0.77
523.798,3.62,4.17,1.74,3.44,3.72,3.86,3.51,1.95,1.47,0.78
524.145,3.63,4.17,1.72,3.44,3.68,3.85,3.5,1.93,1.45,0.8
524.492,3.65,4.16,1.7,3.44,3.71,3.81,3.5,1.92,1.44,0.8
524.839,3.73,4.23,1.72,3.47,3.8,3.92,3.58,1.97,1.52,0.86
525.186,3.79,4.25,1.76,3.52,3.92,3.98,3.63,1.99,1.59,0.94
525.533,3.74,4.24,1.72,3.44,3.9,3.92,3.62,1.96,1.56,0.93
525.88,3.74,4.23,1.68,3.44,3.88,3.96,3.61,1.95,1.53,0.89
526.227,3.74,4.22,1.66,3.4,3.88,3.96,3.58,1.94,1.49,0.88
526.574,3.76,4.24,1.64,3.41,3.92,3.99,3.6,1.91,1.49,0.91
526.921,3.8,4.26,1.68,3.45,3.95,4.02,3.62,1.9,1.53,0.97
527.268,3.75,4.25,1.67,3.52,3.95,4.05,3.65,1.91,1.49,1.01
527.615,3.76,4.28,1.71,3.53,3.92,4.03,3.61,1.87,1.47,1.02
527.961,3.76,4.32,1.74,3.55,3.92,4.02,3.57,1.87,1.45,1
528.308,3.77,4.31,1.74,3.61,3.97,4.08,3.57,1.88,1.48,0.98
528.655,3.75,4.33,1.73,3.59,3.89,4.05,3.52,1.92,1.45,0.94
529.001,3.67,4.27,1.7,3.56,3.79,3.97,3.44,1.9,1.34,0.85
529.348,3.69,4.28,1.69,3.58,3.81,3.98,3.4,1.88,1.3,0.82
529.694,3.73,4.28,1.73,3.58,3.85,4.02,3.45,1.88,1.35,0.86
530.041,3.72,4.26,1.76,3.58,3.86,3.99,3.47,1.9,1.37,0.82
530.387,3.7,4.25,1.78,3.55,3.82,3.96,3.46,1.89,1.32,0.78
530.734,3.73,4.24,1.8,3.61,3.81,3.98,3.52,1.92,1.32,0.77
531.08,3.71,4.24,1.79,3.6,3.77,3.94,3.52,1.84,1.28,0.71
531.426,3.72,4.26,1.78,3.6,3.78,3.98,3.54,1.87,1.32,0.67
531.773,3.76,4.28,1.82,3.64,3.85,4.03,3.64,1.92,1.37,0.7
532.119,3.8,4.32,1.83,3.63,3.86,4.01,3.7,1.92,1.38,0.75
532.465,3.78,4.28,1.82,3.65,3.87,3.97,3.72,1.87,1.35,0.77
532.811,3.83,4.3,1.81,3.62,3.91,3.99,3.76,1.85,1.39,0.8
533.157,3.88,4.33,1.83,3.68,3.9,4.03,3.79,1.89,1.44,0.81
533.503,3.86,4.33,1.81,3.69,3.9,3.95,3.78,1.87,1.42,0.81
533.849,3.87,4.36,1.81,3.72,3.93,3.98,3.81,1.86,1.4,0.83
534.195,3.85,4.34,1.8,3.76,3.89,3.98,3.86,1.89,1.43,0.84
534.541,3.82,4.35,1.74,3.71,3.9,3.98,3.8,1.85,1.4,0.83
534.887,3.84,4.35,1.73,3.7,3.91,4.01,3.82,1.88,1.43,0.81
535.233,3.85,4.34,1.74,3.74,3.87,3.97,3.81,1.9,1.41,0.86
535.579,3.84,4.28,1.69,3.74,3.82,3.95,3.82,1.87,1.4,0.86
535.924,3.83,4.29,1.74,3.77,3.82,3.99,3.8,1.89,1.39,0.85
536.27,3.79,4.25,1.74,3.79,3.79,4.02,3.82,1.88,1.37,0.83
536.616,3.78,4.27,1.75,3.81,3.76,4.02,3.85,1.88,1.36,0.83
536.961,3.77,4.3,1.77,3.86,3.77,4.05,3.92,1.92,1.38,0.85
537.307,3.8,4.3,1.78,3.92,3.8,4.12,3.94,1.95,1.46,0.85
537.652,3.84,4.26,1.76,3.89,3.75,4.11,3.92,1.93,1.46,0.84
537.998,3.82,4.24,1.77,3.84,3.79,4.12,3.88,1.89,1.41,0.78
538.343,3.86,4.29,1.8,3.86,3.79,4.16,3.95,1.96,1.44,0.81
538.689,3.88,4.32,1.82,3.94,3.88,4.23,4.01,2.03,1.46,0.89
539.034,3.93,4.36,1.83,3.99,3.97,4.32,4.07,2.05,1.47,0.9
539.379,3.9,4.37,1.82,3.96,3.97,4.38,4.01,1.99,1.47,0.82
539.725,3.87,4.35,1.78,3.94,3.94,4.4,4.02,2.03,1.51,0.83
540.07,3.96,4.44,1.82,4,3.99,4.41,4.06,2.06,1.57,0.88
540.415,3.97,4.44,1.82,4.02,4.02,4.45,4.08,2.11,1.62,0.93
540.76,4,4.43,1.83,3.99,4.05,4.48,4.09,2.13,1.59,0.94
541.105,3.98,4.45,1.87,3.94,4.04,4.49,4.1,2.12,1.58,0.94
541.45,3.99,4.53,1.92,4.05,4.13,4.55,4.16,2.19,1.63,1.01
541.795,4.03,4.57,1.93,4.09,4.11,4.54,4.24,2.19,1.63,1.06
542.14,3.99,4.53,1.93,4.11,4.13,4.51,4.24,2.18,1.64,1.06
542.485,3.99,4.58,1.97,4.11,4.1,4.46,4.24,2.19,1.62,1.02
542.83,3.95,4.54,1.98,4.1,4.08,4.46,4.23,2.18,1.63,1.02
543.175,3.94,4.54,2,4.11,4.09,4.4,4.26,2.23,1.64,1.05
543.519,3.92,4.54,1.96,4.13,4.08,4.36,4.25,2.19,1.56,1.01
543.864,3.9,4.51,1.97,4.1,4.09,4.42,4.25,2.18,1.54,0.99
544.209,3.9,4.51,1.96,4.1,4.06,4.4,4.2,2.13,1.49,0.95
544.554,3.89,4.51,1.97,4.12,4.04,4.39,4.24,2.12,1.52,0.97
544.898,3.88,4.5,1.93,4.12,3.98,4.38,4.23,2.14,1.47,0.96
545.243,3.88,4.48,1.92,4.1,3.91,4.36,4.22,2.11,1.45,0.94
545.587,3.9,4.47,1.94,4.15,3.95,4.39,4.22,2.13,1.5,0.96
545.932,3.9,4.49,1.95,4.16,3.96,4.43,4.26,2.1,1.5,0.98
546.276,3.91,4.47,1.92,4.18,3.99,4.5,4.29,2.07,1.52,0.98
546.621,3.86,4.42,1.89,4.16,3.93,4.41,4.28,2.04,1.49,0.93
546.965,3.89,4.44,1.9,4.24,3.94,4.47,4.3,2.03,1.49,0.93
547.309,3.9,4.49,1.94,4.23,3.96,4.5,4.33,2.04,1.55,0.95
547.653,3.93,4.51,1.95,4.28,3.98,4.49,4.37,2.09,1.57,0.93
547.998,3.94,4.55,1.95,4.3,4.03,4.54,4.48,2.13,1.62,0.96
548.342,3.91,4.55,1.93,4.28,4.04,4.55,4.49,2.13,1.6,0.96
548.686,3.95,4.62,1.94,4.35,4.12,4.64,4.51,2.14,1.66,0.97
549.03,3.97,4.64,1.94,4.37,4.17,4.67,4.56,2.14,1.65,0.96
549.374,3.96,4.64,1.93,4.35,4.21,4.67,4.59,2.13,1.6,0.97
549.718,3.99,4.67,1.92,4.35,4.22,4.65,4.55,2.13,1.58,0.93
550.062,3.97,4.61,1.89,4.3,4.14,4.58,4.52,2.06,1.53,0.84
550.406,4.03,4.68,1.88,4.34,4.16,4.66,4.53,2.08,1.52,0.87
550.75,4.03,4.66,1.87,4.28,4.17,4.62,4.55,2.09,1.49,0.89
551.094,4.05,4.66,1.87,4.34,4.21,4.65,4.6,2.16,1.49,0.92
551.437,4.06,4.7,1.88,4.35,4.22,4.72,4.64,2.13,1.56,0.98
551.781,4.04,4.69,1.87,4.37,4.17,4.66,4.58,2.13,1.54,1.01
552.125,4.05,4.68,1.88,4.43,4.18,4.66,4.55,2.11,1.56,0.97
552.468,4.07,4.64,1.9,4.46,4.21,4.67,4.6,2.16,1.59,1.03
552.812,4.04,4.62,1.88,4.5,4.2,4.69,4.6,2.17,1.57,1.04
553.156,4.08,4.68,1.86,4.53,4.2,4.76,4.61,2.22,1.64,1.06
553.499,4.06,4.67,1.85,4.56,4.16,4.78,4.64,2.2,1.68,1.07
553.843,4.1,4.73,1.9,4.62,4.25,4.87,4.68,2.29,1.75,1.16
554.186,4.05,4.74,1.92,4.63,4.25,4.83,4.71,2.28,1.78,1.16
554.529,4.04,4.77,1.92,4.67,4.25,4.87,4.74,2.27,1.79,1.16
554.873,4.09,4.76,1.92,4.66,4.24,4.92,4.73,2.26,1.81,1.17
555.216,4.03,4.74,1.9,4.6,4.16,4.84,4.68,2.26,1.74,1.12
555.559,4.07,4.74,1.92,4.67,4.18,4.93,4.74,2.3,1.76,1.07
555.902,4.1,4.76,1.9,4.67,4.13,4.95,4.75,2.32,1.69,1.07
556.246,4.08,4.79,1.92,4.67,4.09,4.93,4.75,2.3,1.69,1.06
556.589,4.05,4.8,1.91,4.63,4.04,4.89,4.71,2.26,1.68,1.04
556.932,4.01,4.76,1.92,4.64,4.01,4.86,4.69,2.22,1.66,1.01
557.275,4,4.76,1.94,4.64,4.05,4.84,4.72,2.27,1.67,1.04
557.618,4.03,4.81,1.96,4.66,4.07,4.87,4.79,2.29,1.69,1.05
557.961,4.13,4.84,2.02,4.72,4.14,5.03,4.88,2.36,1.75,1.09
558.304,4.13,4.83,2.02,4.76,4.11,5.03,4.93,2.37,1.75,1.1
558.646,4.11,4.82,2.03,4.78,4.11,5.02,4.96,2.36,1.73,1.08
558.989,4.14,4.85,2.06,4.85,4.12,5.06,4.99,2.35,1.75,1.11
559.332,4.15,4.85,2.04,4.83,4.17,5.05,4.99,2.29,1.73,1.15
559.675,4.12,4.88,2.03,4.81,4.2,5.03,5.01,2.27,1.76,1.17
560.017,4.14,4.88,2.06,4.84,4.22,5.02,5.04,2.29,1.74,1.18
560.36,4.16,4.86,2.04,4.84,4.21,5,5.07,2.27,1.75,1.15
560.703,4.19,4.9,2.07,4.9,4.23,5.03,5.12,2.32,1.76,1.16
561.045,4.22,4.91,2.07,4.97,4.17,5.06,5.15,2.31,1.77,1.16
561.388,4.18,4.87,1.99,4.95,4.07,4.99,5.05,2.26,1.72,1.13
561.73,4.14,4.85,1.97,4.91,4.01,4.93,5.06,2.25,1.7,1.16
562.073,4.19,4.91,1.96,4.9,4.03,4.98,5.07,2.28,1.72,1.17
562.415,4.18,4.94,1.97,4.93,4.02,4.99,5.08,2.25,1.72,1.22
562.757,4.21,4.9,1.96,4.92,4.06,5,5.1,2.3,1.71,1.18
563.1,4.15,4.92,1.96,4.91,4.02,4.99,5.11,2.31,1.72,1.18
563.442,4.15,4.92,1.99,4.96,4.03,5.01,5.14,2.31,1.73,1.18
563.784,4.11,4.93,1.97,4.95,4.04,5.01,5.12,2.3,1.74,1.18
564.126,4.14,4.93,1.99,4.99,4.07,5.07,5.17,2.33,1.75,1.24
564.468,4.1,4.92,1.98,4.95,4.03,5.07,5.18,2.31,1.73,1.24
564.81,4.11,4.94,1.97,4.94,4.06,5.12,5.19,2.3,1.68,1.23
565.152,4.12,4.97,2.03,4.92,4.11,5.17,5.28,2.33,1.7,1.27
565.494,4.11,4.95,2.02,4.93,4.14,5.15,5.25,2.29,1.68,1.23
565.836,4.05,4.91,2.02,4.96,4.14,5.12,5.23,2.26,1.71,1.2
566.178,4.03,4.93,2.03,4.96,4.17,5.16,5.24,2.28,1.71,1.23
566.52,3.99,4.91,2,5,4.13,5.12,5.26,2.24,1.68,1.26
566.862,4.03,4.93,2.02,5.03,4.18,5.19,5.33,2.27,1.7,1.28
567.204,4.03,4.95,2.02,5.04,4.17,5.22,5.34,2.29,1.7,1.27
567.545,4.02,4.95,2.01,5.04,4.17,5.25,5.4,2.27,1.68,1.28
567.887,4.02,4.97,1.99,5.01,4.17,5.23,5.45,2.3,1.69,1.25
568.229,4.02,4.96,2.01,4.97,4.18,5.25,5.45,2.3,1.71,1.26
568.57,3.98,4.94,2.02,4.96,4.15,5.22,5.43,2.31,1.74,1.26
568.912,3.96,4.93,2.04,4.98,4.14,5.21,5.42,2.35,1.75,1.29
569.253,4.04,4.98,2.09,5.03,4.17,5.32,5.5,2.42,1.78,1.32
569.595,4.05,5.02,2.09,5,4.14,5.35,5.54,2.43,1.76,1.32
569.936,4.09,5.02,2.1,5.04,4.15,5.39,5.56,2.46,1.79,1.3
570.277,4.11,5.08,2.13,5.07,4.19,5.46,5.65,2.54,1.86,1.33
570.619,4.08,5.07,2.14,5.07,4.18,5.45,5.64,2.54,1.86,1.34
570.96,4.1,5.08,2.14,5.09,4.15,5.47,5.72,2.55,1.87,1.36
571.301,4.13,5.1,2.16,5.14,4.13,5.49,5.76,2.56,1.93,1.38
571.642,4.13,5.14,2.2,5.19,4.14,5.52,5.76,2.58,1.97,1.42
571.984,4.11,5.13,2.17,5.21,4.15,5.53,5.75,2.58,1.96,1.39
572.325,4.17,5.14,2.18,5.25,4.16,5.57,5.82,2.61,1.99,1.41
572.666,4.19,5.15,2.16,5.3,4.16,5.61,5.83,2.58,1.98,1.4
573.007,4.14,5.12,2.13,5.3,4.11,5.55,5.82,2.56,1.96,1.37
573.348,4.16,5.12,2.14,5.35,4.13,5.56,5.86,2.58,1.98,1.44
573.689,4.13,5.13,2.14,5.36,4.11,5.54,5.88,2.57,1.97,1.44
574.03,4.13,5.1,2.16,5.38,4.11,5.56,5.87,2.55,1.98,1.45
574.37,4.14,5.1,2.15,5.39,4.1,5.56,5.89,2.54,2,1.44
574.711,4.14,5.08,2.15,5.39,4.13,5.57,5.88,2.55,2,1.46
575.052,4.15,5.07,2.15,5.39,4.14,5.58,5.87,2.58,2.02,1.47
575.393,4.16,5.04,2.16,5.41,4.15,5.6,5.89,2.58,2.02,1.47
575.733,4.17,5.08,2.17,5.46,4.15,5.62,5.91,2.59,2.05,1.5
576.074,4.17,5.09,2.18,5.47,4.17,5.63,5.9,2.6,2.06,1.53
576.414,4.13,5.07,2.17,5.46,4.14,5.62,5.91,2.59,2.04,1.51
576.755,4.13,5.09,2.19,5.46,4.17,5.64,5.91,2.6,2.05,1.54
577.095,4.13,5.09,2.2,5.49,4.2,5.68,5.93,2.61,2.07,1.55
577.436,4.14,5.07,2.2,5.5,4.19,5.66,5.93,2.59,2.08,1.54
577.776,4.14,5.11,2.21,5.52,4.21,5.68,5.92,2.61,2.09,1.58
578.117,4.16,5.12,2.22,5.54,4.2,5.7,5.92,2.64,2.1,1.59
578.457,4.17,5.14,2.23,5.55,4.2,5.71,5.95,2.65,2.11,1.6
578.797,4.17,5.15,2.24,5.58,4.21,5.73,5.98,2.65,2.11,1.6
579.137,4.17,5.19,2.24,5.61,4.21,5.74,6.03,2.66,2.12,1.61
579.478,4.18,5.18,2.26,5.61,4.21,5.73,6.05,2.67,2.12,1.62
579.818,4.15,5.18,2.26,5.62,4.18,5.72,6.08,2.64,2.13,1.59
580.158,4.18,5.21,2.29,5.63,4.2,5.73,6.09,2.67,2.17,1.61
580.498,4.18,5.2,2.3,5.64,4.19,5.74,6.11,2.67,2.2,1.61
580.838,4.18,5.2,2.31,5.65,4.19,5.73,6.13,2.69,2.19,1.61
581.178,4.19,5.19,2.33,5.64,4.19,5.77,6.15,2.72,2.19,1.63
581.518,4.17,5.17,2.31,5.61,4.18,5.76,6.18,2.71,2.19,1.59
581.858,4.16,5.16,2.32,5.63,4.16,5.75,6.19,2.7,2.19,1.6
582.197,4.16,5.17,2.33,5.64,4.18,5.74,6.19,2.72,2.21,1.6
582.537,4.15,5.16,2.34,5.64,4.17,5.71,6.19,2.71,2.2,1.59
582.877,4.17,5.15,2.35,5.65,4.17,5.73,6.21,2.72,2.21,1.61
583.217,4.18,5.16,2.35,5.67,4.17,5.76,6.24,2.74,2.23,1.62
583.556,4.19,5.16,2.36,5.67,4.2,5.79,6.24,2.78,2.22,1.64
583.896,4.19,5.15,2.36,5.68,4.2,5.81,6.26,2.78,2.22,1.65
584.235,4.2,5.17,2.37,5.71,4.22,5.83,6.27,2.79,2.22,1.67
584.575,4.19,5.18,2.37,5.73,4.22,5.84,6.27,2.79,2.23,1.67
584.914,4.2,5.19,2.39,5.78,4.23,5.83,6.28,2.8,2.25,1.66
585.254,4.21,5.2,2.4,5.8,4.22,5.86,6.3,2.81,2.25,1.67
585.593,4.21,5.23,2.4,5.84,4.25,5.89,6.34,2.83,2.26,1.69
585.933,4.2,5.24,2.39,5.87,4.22,5.91,6.36,2.82,2.25,1.69
586.272,4.22,5.26,2.38,5.89,4.24,5.95,6.38,2.83,2.25,1.72
586.611,4.21,5.28,2.38,5.91,4.25,5.96,6.37,2.82,2.25,1.72
586.95,4.21,5.27,2.38,5.93,4.24,5.98,6.38,2.82,2.24,1.72
587.289,4.21,5.3,2.37,5.97,4.23,5.99,6.42,2.81,2.26,1.74
587.629,4.22,5.29,2.38,6,4.24,6.01,6.44,2.81,2.27,1.74
587.968,4.22,5.3,2.37,6.01,4.21,6.03,6.46,2.8,2.27,1.74
588.307,4.24,5.31,2.36,6.04,4.21,6.03,6.48,2.8,2.27,1.75
588.646,4.26,5.34,2.37,6.04,4.23,6.07,6.53,2.81,2.28,1.77
588.985,4.26,5.34,2.38,6.04,4.24,6.08,6.52,2.82,2.29,1.77
589.323,4.27,5.33,2.38,6.05,4.23,6.09,6.54,2.82,2.29,1.76
589.662,4.31,5.32,2.41,6.07,4.27,6.12,6.58,2.84,2.31,1.8
590.001,4.32,5.32,2.42,6.08,4.25,6.11,6.58,2.83,2.3,1.79
590.34,4.31,5.32,2.42,6.08,4.25,6.1,6.61,2.84,2.32,1.8
590.679,4.32,5.33,2.42,6.09,4.26,6.12,6.61,2.85,2.32,1.78
591.017,4.32,5.34,2.45,6.11,4.26,6.13,6.63,2.85,2.31,1.79
591.356,4.31,5.38,2.46,6.13,4.27,6.14,6.66,2.87,2.33,1.8
591.695,4.33,5.39,2.46,6.16,4.28,6.15,6.7,2.89,2.37,1.81
592.033,4.33,5.4,2.48,6.17,4.28,6.18,6.72,2.9,2.38,1.8
592.372,4.31,5.38,2.46,6.18,4.25,6.17,6.72,2.88,2.36,1.8
592.71,4.32,5.39,2.46,6.22,4.24,6.19,6.77,2.88,2.37,1.81
593.048,4.33,5.42,2.48,6.23,4.26,6.23,6.79,2.9,2.4,1.84
593.387,4.32,5.46,2.47,6.23,4.25,6.25,6.79,2.88,2.39,1.8
593.725,4.3,5.47,2.47,6.25,4.25,6.28,6.83,2.89,2.4,1.82
594.063,4.32,5.48,2.47,6.27,4.24,6.36,6.85,2.9,2.38,1.81
594.402,4.32,5.48,2.47,6.27,4.26,6.36,6.88,2.9,2.4,1.83
594.74,4.35,5.48,2.49,6.27,4.26,6.4,6.91,2.92,2.42,1.82
595.078,4.35,5.49,2.5,6.25,4.23,6.42,6.94,2.92,2.4,1.83
595.416,4.35,5.49,2.49,6.23,4.24,6.42,6.95,2.89,2.39,1.82
595.754,4.37,5.51,2.5,6.23,4.24,6.44,6.98,2.9,2.38,1.84
596.092,4.41,5.55,2.53,6.26,4.29,6.49,7.01,2.96,2.43,1.88
596.43,4.41,5.58,2.53,6.27,4.29,6.51,7.02,2.98,2.45,1.88
596.768,4.41,5.57,2.52,6.3,4.3,6.51,7.04,2.98,2.45,1.86
597.106,4.43,5.56,2.54,6.34,4.28,6.54,7.11,3.02,2.48,1.9
597.444,4.45,5.6,2.57,6.36,4.32,6.61,7.16,3.07,2.5,1.91
597.781,4.46,5.63,2.59,6.36,4.35,6.6,7.19,3.07,2.55,1.9
598.119,4.46,5.65,2.59,6.36,4.33,6.63,7.21,3.1,2.56,1.93
598.457,4.45,5.66,2.61,6.41,4.35,6.65,7.27,3.11,2.56,1.95
598.795,4.48,5.67,2.61,6.46,4.38,6.69,7.29,3.15,2.59,1.98
599.132,4.47,5.68,2.62,6.51,4.37,6.73,7.32,3.18,2.61,1.99
599.47,4.46,5.66,2.63,6.53,4.37,6.72,7.34,3.18,2.63,1.98
599.807,4.45,5.64,2.62,6.55,4.35,6.69,7.36,3.16,2.6,1.96
600.145,4.49,5.66,2.68,6.61,4.39,6.73,7.41,3.18,2.62,2
600.482,4.5,5.66,2.67,6.62,4.36,6.76,7.42,3.18,2.6,2.02
600.82,4.49,5.66,2.69,6.65,4.39,6.78,7.39,3.18,2.62,2.04
601.157,4.48,5.65,2.69,6.66,4.34,6.76,7.38,3.14,2.62,2.03
601.494,4.47,5.64,2.67,6.7,4.3,6.8,7.38,3.13,2.6,2.03
601.831,4.5,5.67,2.7,6.72,4.33,6.81,7.4,3.11,2.6,2.04
602.169,4.51,5.67,2.68,6.71,4.31,6.83,7.4,3.11,2.63,2.05
602.506,4.5,5.66,2.69,6.72,4.29,6.84,7.42,3.09,2.62,2.01
602.843,4.52,5.68,2.7,6.73,4.31,6.88,7.45,3.1,2.61,2.01
603.18,4.51,5.72,2.71,6.77,4.32,6.91,7.46,3.1,2.62,2.03
603.517,4.5,5.74,2.69,6.78,4.31,6.96,7.48,3.09,2.63,2.03
603.854,4.5,5.72,2.67,6.78,4.24,6.94,7.48,3.1,2.61,2.02
604.191,4.52,5.76,2.7,6.79,4.29,6.97,7.54,3.09,2.64,2.03
604.528,4.54,5.78,2.68,6.79,4.29,6.97,7.57,3.09,2.62,2
604.865,4.55,5.82,2.68,6.8,4.33,6.99,7.61,3.11,2.64,2.02
605.202,4.57,5.81,2.7,6.81,4.36,6.99,7.66,3.15,2.67,2.03
605.538,4.57,5.82,2.71,6.84,4.35,7.02,7.69,3.17,2.7,2.05
605.875,4.58,5.82,2.71,6.83,4.36,7,7.7,3.17,2.69,2.03
606.212,4.57,5.85,2.7,6.85,4.39,7,7.73,3.21,2.72,2.06
606.548,4.58,5.85,2.71,6.84,4.39,7.01,7.75,3.19,2.71,2.08
606.885,4.58,5.85,2.71,6.83,4.4,7.07,7.8,3.22,2.74,2.09
607.222,4.6,5.88,2.74,6.85,4.39,7.06,7.81,3.21,2.77,2.09
607.558,4.61,5.89,2.74,6.84,4.41,7.1,7.82,3.2,2.77,2.07
607.895,4.59,5.88,2.75,6.85,4.38,7.11,7.86,3.23,2.78,2.09
608.231,4.58,5.89,2.76,6.86,4.35,7.11,7.89,3.21,2.8,2.1
608.567,4.61,5.91,2.8,6.92,4.35,7.13,7.94,3.22,2.8,2.14
608.904,4.6,5.91,2.79,6.94,4.31,7.12,7.93,3.2,2.79,2.12
609.24,4.62,5.89,2.82,6.97,4.34,7.13,7.95,3.23,2.78,2.13
609.576,4.62,5.92,2.83,7,4.32,7.17,7.97,3.24,2.78,2.15
609.912,4.63,5.92,2.83,7,4.29,7.18,7.93,3.21,2.76,2.12
610.248,4.62,5.94,2.83,7.04,4.27,7.19,7.96,3.24,2.77,2.13
610.585,4.64,5.96,2.85,7.07,4.27,7.19,7.98,3.24,2.78,2.11
610.921,4.66,5.97,2.88,7.06,4.3,7.22,8.02,3.29,2.78,2.15
611.257,4.66,6.01,2.91,7.09,4.32,7.23,8.05,3.3,2.8,2.19
611.593,4.66,6.03,2.9,7.1,4.31,7.24,8.01,3.26,2.77,2.18
611.929,4.68,6.04,2.91,7.13,4.37,7.26,8.06,3.31,2.8,2.21
612.264,4.68,6.03,2.9,7.09,4.37,7.27,8.03,3.31,2.8,2.17
612.6,4.68,6.08,2.91,7.1,4.4,7.33,8.07,3.32,2.81,2.19
612.936,4.69,6.1,2.88,7.15,4.4,7.33,8.08,3.32,2.85,2.19
613.272,4.69,6.1,2.87,7.18,4.42,7.35,8.11,3.31,2.84,2.2
613.608,4.72,6.13,2.89,7.21,4.46,7.37,8.14,3.35,2.87,2.24
613.943,4.73,6.14,2.91,7.23,4.5,7.37,8.16,3.36,2.9,2.25
614.279,4.76,6.16,2.89,7.22,4.47,7.38,8.18,3.35,2.89,2.27
614.614,4.75,6.17,2.86,7.28,4.49,7.44,8.21,3.36,2.9,2.27
614.95,4.74,6.17,2.85,7.31,4.49,7.44,8.23,3.35,2.95,2.26
615.285,4.73,6.16,2.85,7.32,4.53,7.43,8.26,3.39,2.95,2.26
615.621,4.72,6.15,2.87,7.34,4.5,7.46,8.25,3.36,2.93,2.23
615.956,4.69,6.16,2.84,7.35,4.47,7.45,8.25,3.33,2.92,2.21
616.292,4.74,6.18,2.87,7.43,4.5,7.47,8.32,3.35,2.96,2.27
616.627,4.7,6.21,2.89,7.46,4.52,7.51,8.34,3.39,2.98,2.29
616.962,4.73,6.25,2.93,7.47,4.56,7.55,8.36,3.43,3.03,2.32
617.297,4.71,6.24,2.92,7.48,4.53,7.57,8.36,3.42,3.04,2.32
617.632,4.74,6.23,2.93,7.5,4.51,7.6,8.35,3.43,3,2.31
617.968,4.74,6.19,2.94,7.51,4.51,7.63,8.35,3.41,2.99,2.29
618.303,4.75,6.18,2.98,7.56,4.48,7.58,8.38,3.39,3.01,2.3
618.638,4.76,6.17,2.96,7.52,4.47,7.61,8.4,3.38,2.94,2.29
618.973,4.81,6.22,3.03,7.6,4.47,7.65,8.46,3.42,2.98,2.35
619.308,4.85,6.23,3.03,7.62,4.48,7.69,8.5,3.45,2.99,2.38
619.643,4.89,6.23,3.08,7.69,4.5,7.75,8.56,3.46,3.04,2.41
619.977,4.9,6.24,3.08,7.68,4.47,7.74,8.53,3.45,3.04,2.39
620.312,4.9,6.24,3.1,7.67,4.43,7.71,8.56,3.4,2.99,2.38
620.647,4.92,6.23,3.1,7.69,4.41,7.73,8.63,3.37,2.96,2.41
620.982,4.92,6.24,3.11,7.69,4.38,7.72,8.71,3.35,2.92,2.39
621.316,4.89,6.26,3.12,7.7,4.4,7.75,8.76,3.36,2.98,2.4
621.651,4.91,6.3,3.14,7.74,4.43,7.74,8.81,3.37,3,2.42
621.986,4.91,6.34,3.14,7.72,4.45,7.8,8.8,3.38,3.02,2.44
622.32,4.93,6.4,3.19,7.81,4.44,7.84,8.86,3.46,3.08,2.47
622.655,4.93,6.39,3.14,7.79,4.46,7.85,8.86,3.44,3.06,2.43
622.989,4.9,6.42,3.14,7.78,4.49,7.84,8.86,3.44,3.04,2.4
623.324,4.92,6.48,3.15,7.78,4.54,7.83,8.88,3.49,3.03,2.41
623.658,4.88,6.43,3.13,7.71,4.51,7.81,8.89,3.43,2.98,2.34
623.992,4.89,6.42,3.11,7.7,4.52,7.85,8.87,3.46,3.01,2.31
624.326,4.88,6.43,3.11,7.73,4.51,7.85,8.85,3.47,3.06,2.26
624.661,4.94,6.45,3.15,7.84,4.58,7.96,8.87,3.52,3.14,2.34
624.995,4.98,6.51,3.19,7.87,4.62,7.97,8.92,3.55,3.14,2.33
625.329,4.98,6.54,3.21,7.91,4.63,8.02,8.96,3.64,3.19,2.39
625.663,5,6.52,3.23,7.96,4.63,8.04,8.97,3.62,3.17,2.38
625.997,4.98,6.5,3.19,7.93,4.63,8.02,8.97,3.58,3.15,2.37
626.331,4.98,6.54,3.22,7.99,4.6,8.09,9.01,3.59,3.22,2.42
626.665,4.98,6.53,3.2,7.99,4.57,8.08,9,3.58,3.22,2.43
626.999,4.98,6.56,3.18,8.02,4.57,8.14,9.08,3.59,3.24,2.44
627.333,5.04,6.61,3.22,8.14,4.58,8.21,9.14,3.63,3.29,2.54
627.667,5.07,6.63,3.22,8.22,4.55,8.27,9.24,3.62,3.29,2.56
628.001,5.08,6.63,3.24,8.21,4.56,8.27,9.24,3.66,3.26,2.61
628.334,5.02,6.66,3.22,8.18,4.53,8.24,9.24,3.61,3.24,2.57
628.668,5.02,6.67,3.2,8.2,4.5,8.27,9.23,3.63,3.25,2.63
629.002,5,6.65,3.18,8.16,4.49,8.26,9.25,3.56,3.21,2.58
629.335,5.01,6.7,3.19,8.2,4.5,8.26,9.29,3.6,3.25,2.59
629.669,5.02,6.72,3.22,8.25,4.52,8.32,9.28,3.61,3.26,2.61
630.002,5.02,6.65,3.21,8.23,4.49,8.32,9.28,3.57,3.17,2.58
630.336,5.05,6.73,3.27,8.32,4.51,8.38,9.36,3.64,3.2,2.63
630.669,5.05,6.69,3.28,8.33,4.49,8.34,9.36,3.64,3.21,2.64
631.003,5.06,6.72,3.33,8.32,4.54,8.41,9.38,3.69,3.22,2.61
631.336,5.07,6.74,3.37,8.33,4.55,8.46,9.39,3.68,3.22,2.67
631.669,5.06,6.75,3.35,8.41,4.51,8.51,9.4,3.65,3.26,2.62
632.003,5.09,6.75,3.4,8.45,4.54,8.57,9.45,3.65,3.27,2.64
632.336,5.11,6.73,3.41,8.48,4.54,8.57,9.46,3.64,3.26,2.6
632.669,5.15,6.81,3.47,8.61,4.55,8.62,9.47,3.72,3.29,2.64
633.002,5.18,6.78,3.49,8.6,4.58,8.68,9.51,3.73,3.26,2.7
633.335,5.2,6.79,3.5,8.63,4.59,8.68,9.57,3.72,3.29,2.71
633.668,5.26,6.88,3.51,8.68,4.61,8.72,9.6,3.73,3.36,2.74
634.001,5.27,6.85,3.5,8.67,4.56,8.73,9.6,3.73,3.38,2.73
634.334,5.3,6.91,3.55,8.73,4.6,8.8,9.63,3.77,3.4,2.76
634.667,5.29,6.89,3.54,8.75,4.57,8.81,9.6,3.79,3.4,2.72
635,5.34,6.93,3.53,8.78,4.65,8.83,9.62,3.82,3.45,2.71
635.333,5.37,6.93,3.56,8.78,4.7,8.86,9.7,3.86,3.47,2.72
635.665,5.43,6.97,3.58,8.84,4.76,8.89,9.76,3.91,3.5,2.74
635.998,5.45,6.97,3.56,8.84,4.73,8.92,9.81,3.91,3.48,2.72
636.331,5.41,6.92,3.55,8.78,4.74,8.95,9.86,3.87,3.49,2.68
636.663,5.43,7,3.53,8.78,4.73,8.99,9.92,3.9,3.51,2.68
636.996,5.46,7.03,3.56,8.84,4.74,9.08,9.96,3.99,3.53,2.65
637.328,5.41,7.01,3.56,8.84,4.75,9.01,10.02,4.05,3.53,2.64
637.661,5.42,7.06,3.61,8.86,4.8,9.15,10.06,4.05,3.55,2.64
637.993,5.43,7.04,3.59,8.91,4.78,9.14,10.05,4.08,3.59,2.64
638.326,5.42,7.11,3.63,8.96,4.82,9.24,10.16,4.14,3.63,2.72
638.658,5.36,7.09,3.62,8.93,4.72,9.19,10.14,4.12,3.57,2.68
638.99,5.37,7.14,3.6,8.92,4.71,9.15,10.15,4.14,3.55,2.67
639.323,5.34,7.14,3.59,8.89,4.64,9.21,10.12,4.12,3.52,2.69
639.655,5.36,7.22,3.64,8.96,4.74,9.25,10.16,4.19,3.6,2.79
639.987,5.38,7.26,3.65,8.99,4.7,9.22,10.14,4.21,3.59,2.81
640.319,5.37,7.19,3.66,8.99,4.66,9.15,10.12,4.16,3.57,2.74
640.651,5.4,7.23,3.67,9.03,4.7,9.17,10.2,4.18,3.57,2.85
640.983,5.44,7.25,3.74,9.08,4.71,9.27,10.2,4.21,3.63,2.88
641.315,5.45,7.24,3.73,9.07,4.68,9.19,10.2,4.23,3.64,2.88
641.647,5.46,7.27,3.73,9.03,4.67,9.21,10.23,4.18,3.61,2.85
641.979,5.46,7.27,3.73,9.01,4.64,9.14,10.2,4.12,3.59,2.85
642.311,5.52,7.27,3.75,9.07,4.72,9.22,10.28,4.15,3.62,2.92
642.643,5.51,7.32,3.79,9.11,4.75,9.29,10.3,4.21,3.62,2.94
642.975,5.54,7.32,3.77,9.06,4.76,9.24,10.4,4.23,3.65,2.95
643.306,5.57,7.3,3.76,8.98,4.71,9.28,10.38,4.18,3.63,2.92
643.638,5.61,7.3,3.8,8.97,4.73,9.33,10.44,4.2,3.62,2.98
643.97,5.65,7.43,3.86,9.05,4.76,9.45,10.53,4.22,3.7,3.05
644.301,5.65,7.45,3.9,9.08,4.78,9.45,10.57,4.27,3.78,3.06
644.633,5.63,7.48,3.89,9.12,4.81,9.43,10.56,4.28,3.74,3.07
644.964,5.66,7.51,3.85,9.15,4.83,9.48,10.63,4.32,3.72,3.09
645.296,5.65,7.53,3.92,9.26,4.83,9.55,10.63,4.36,3.72,3.17
645.627,5.67,7.5,3.9,9.27,4.86,9.54,10.68,4.34,3.71,3.2
645.959,5.67,7.58,3.97,9.25,4.85,9.56,10.7,4.35,3.77,3.23
646.29,5.75,7.58,4.02,9.3,4.9,9.61,10.73,4.34,3.79,3.25
646.621,5.78,7.61,4.03,9.4,4.92,9.7,10.72,4.34,3.8,3.25
646.952,5.75,7.65,4.01,9.48,4.95,9.65,10.81,4.41,3.76,3.27
647.284,5.77,7.69,3.99,9.54,5.02,9.74,10.84,4.44,3.84,3.23
647.615,5.78,7.65,3.98,9.54,5.07,9.75,10.85,4.49,3.8,3.2
647.946,5.75,7.61,3.93,9.5,4.98,9.7,10.78,4.38,3.75,3.15
648.277,5.74,7.65,3.95,9.49,4.98,9.77,10.82,4.37,3.77,3.15
648.608,5.72,7.67,4.03,9.53,5.01,9.85,10.84,4.39,3.82,3.21
648.939,5.74,7.71,4.02,9.55,5.06,9.85,10.87,4.36,3.82,3.16
649.27,5.79,7.79,4.04,9.64,5.1,9.89,10.92,4.46,3.89,3.18
649.601,5.77,7.77,4,9.68,5.09,9.89,10.92,4.5,3.9,3.13
649.931,5.73,7.73,3.93,9.61,5.01,9.83,10.88,4.36,3.88,3.08
650.262,5.73,7.77,3.99,9.67,5.01,9.82,10.89,4.4,3.91,3.12
650.593,5.78,7.77,4.06,9.7,5.02,9.92,10.89,4.35,3.98,3.13
650.924,5.73,7.75,4.05,9.68,4.96,9.8,10.86,4.29,3.95,3.08
651.254,5.74,7.78,4.07,9.71,4.96,9.9,10.88,4.3,4.01,3.17
651.585,5.77,7.81,4.09,9.72,4.97,9.91,10.96,4.34,3.98,3.19
651.915,5.8,7.77,4.07,9.68,4.96,9.87,11.03,4.3,3.99,3.22
652.246,5.78,7.78,4.06,9.7,4.97,9.84,11.04,4.27,3.94,3.2
652.576,5.78,7.76,3.99,9.66,4.92,9.84,11.04,4.28,3.98,3.17
652.907,5.79,7.75,4.04,9.67,4.93,9.8,11.05,4.23,3.96,3.16
653.237,5.8,7.72,4.03,9.72,4.91,9.8,11.05,4.18,3.9,3.11
653.568,5.84,7.79,4.12,9.88,4.9,9.89,11.16,4.31,3.96,3.23
653.898,5.8,7.79,4.13,9.88,4.94,9.88,11.22,4.34,3.98,3.26
654.228,5.75,7.79,4.09,9.85,4.86,9.87,11.16,4.31,3.93,3.15
654.558,5.82,7.81,4.11,9.95,4.9,9.98,11.21,4.38,3.97,3.19
654.888,5.77,7.82,4.12,9.95,4.9,9.89,11.19,4.33,3.96,3.14
655.219,5.77,7.83,4.15,9.94,4.97,9.92,11.11,4.4,4,3.1
655.549,5.85,7.86,4.15,9.97,5.03,9.97,11.14,4.47,4.03,3.1
655.879,5.87,7.86,4.16,10,5.05,10.01,11.17,4.55,4.08,3.2
656.209,5.89,7.88,4.19,10.01,5.07,10.02,11.24,4.67,4.15,3.35
656.539,5.88,7.91,4.18,10,5.09,10.13,11.29,4.73,4.22,3.41
656.868,5.9,7.97,4.24,10.01,5.12,10.17,11.34,4.82,4.32,3.53
657.198,5.89,7.96,4.23,9.98,5.17,10.17,11.33,4.88,4.36,3.55
657.528,5.88,7.97,4.23,10.01,5.18,10.19,11.37,4.92,4.39,3.58
657.858,5.88,7.98,4.25,10.01,5.22,10.18,11.4,4.95,4.41,3.61
658.188,5.89,7.99,4.28,10.03,5.24,10.19,11.41,4.97,4.42,3.65
658.517,5.9,8,4.29,10.04,5.25,10.22,11.45,5,4.44,3.68
658.847,5.9,8.01,4.29,10.05,5.23,10.22,11.47,5,4.47,3.7
659.176,5.9,8.03,4.3,10.05,5.24,10.24,11.49,5.01,4.48,3.73
659.506,5.89,8.03,4.31,10.07,5.24,10.24,11.52,5.01,4.51,3.73
659.835,5.89,8.04,4.32,10.09,5.26,10.26,11.53,5,4.52,3.73
660.165,5.89,8.03,4.33,10.09,5.26,10.23,11.57,5,4.53,3.73
660.494,5.88,8.02,4.33,10.09,5.27,10.23,11.6,4.99,4.52,3.73
660.824,5.87,8.01,4.34,10.11,5.27,10.23,11.63,4.97,4.52,3.72
661.153,5.89,8.02,4.35,10.11,5.28,10.23,11.65,4.94,4.52,3.71
661.482,5.9,8.02,4.36,10.14,5.28,10.26,11.69,4.93,4.55,3.72
661.811,5.89,8.02,4.37,10.15,5.26,10.26,11.72,4.92,4.57,3.74
662.14,5.89,8.01,4.36,10.17,5.25,10.23,11.74,4.9,4.57,3.72
662.47,5.89,8.01,4.37,10.19,5.27,10.24,11.78,4.86,4.56,3.71
662.799,5.88,8.01,4.39,10.25,5.28,10.23,11.8,4.84,4.58,3.69
663.128,5.91,8.05,4.44,10.27,5.29,10.27,11.85,4.83,4.6,3.69
663.457,5.94,8.06,4.47,10.27,5.31,10.3,11.91,4.82,4.59,3.7
663.786,5.92,8.08,4.46,10.3,5.29,10.32,11.88,4.78,4.58,3.66
664.114,5.95,8.15,4.48,10.36,5.27,10.4,11.89,4.77,4.58,3.66
664.443,6,8.22,4.48,10.4,5.29,10.44,11.88,4.79,4.59,3.69
664.772,6.03,8.23,4.48,10.4,5.28,10.45,11.86,4.82,4.61,3.67
665.101,6.08,8.28,4.52,10.42,5.3,10.45,11.89,4.82,4.56,3.67
665.43,6.17,8.33,4.57,10.52,5.34,10.55,11.95,4.85,4.57,3.67
665.758,6.18,8.37,4.61,10.53,5.36,10.64,11.98,4.85,4.52,3.7
666.087,6.27,8.43,4.7,10.62,5.42,10.72,12.11,4.94,4.57,3.73
666.415,6.31,8.48,4.7,10.66,5.35,10.77,12.16,4.93,4.52,3.76
666.744,6.33,8.48,4.7,10.74,5.37,10.82,12.16,4.97,4.49,3.8
667.072,6.39,8.51,4.68,10.82,5.39,10.88,12.22,5.02,4.49,3.75
667.401,6.57,8.64,4.82,11.02,5.52,11.08,12.42,5.17,4.65,3.9
667.729,6.64,8.64,4.87,11.1,5.65,11.1,12.55,5.24,4.74,3.92
668.058,6.65,8.59,4.95,11.1,5.56,11.11,12.64,5.19,4.81,3.93
668.386,6.64,8.63,5.06,11.18,5.55,11.21,12.75,5.19,4.79,4.01
668.714,6.61,8.6,4.99,11.14,5.55,11.19,12.74,5.15,4.83,3.98
669.042,6.58,8.62,4.91,11.11,5.57,11.18,12.73,5.12,4.74,3.88
669.371,6.61,8.68,4.99,11.23,5.62,11.2,12.76,5.16,4.81,3.83
669.699,6.57,8.7,4.94,11.2,5.6,11.23,12.66,5.13,4.79,3.79
670.027,6.58,8.69,4.93,11.22,5.62,11.28,12.74,5.1,4.85,3.81
670.355,6.58,8.7,4.95,11.22,5.64,11.25,12.79,5.03,4.85,3.77
670.683,6.57,8.65,4.97,11.19,5.62,11.35,12.82,5.06,4.85,3.8
671.011,6.49,8.65,4.93,11.1,5.64,11.25,12.78,5.07,4.71,3.76
671.339,6.47,8.63,4.87,11.04,5.53,11.21,12.74,5.03,4.66,3.69
671.666,6.49,8.73,4.89,11.11,5.61,11.31,12.78,5.11,4.68,3.7
671.994,6.53,8.75,4.82,11.17,5.62,11.33,12.79,5.15,4.7,3.67
672.322,6.57,8.84,4.9,11.32,5.67,11.49,12.93,5.21,4.76,3.73
672.65,6.61,8.84,4.94,11.33,5.65,11.5,12.95,5.21,4.81,3.75
672.977,6.61,8.87,4.9,11.35,5.65,11.6,12.98,5.21,4.87,3.84
673.305,6.69,8.9,4.93,11.34,5.66,11.66,13.06,5.22,4.91,3.93
673.633,6.73,8.99,4.96,11.33,5.68,11.74,13.04,5.3,4.95,3.94
673.96,6.73,9.01,4.94,11.32,5.7,11.76,13.06,5.32,4.93,3.96
674.288,6.74,9.06,4.99,11.31,5.69,11.67,13.01,5.3,4.92,4
674.615,6.81,9.1,5.02,11.39,5.68,11.7,13.04,5.31,5.04,3.99
674.943,6.76,9.14,5.07,11.38,5.69,11.74,13.05,5.33,5.06,4.08
675.27,6.76,9.17,5.08,11.46,5.69,11.83,13.06,5.38,5.12,4.12
675.597,6.74,9.2,5.09,11.5,5.76,11.88,13.1,5.42,5.16,4.17
675.924,6.75,9.25,5.09,11.47,5.79,11.97,13.1,5.53,5.17,4.16
676.252,6.71,9.26,5.04,11.51,5.82,12,13.11,5.59,5.19,4.17
676.579,6.73,9.27,5.06,11.5,5.83,11.99,13.09,5.66,5.18,4.13
676.906,6.75,9.31,5.11,11.65,5.87,12.03,13.16,5.74,5.2,4.2
677.233,6.81,9.21,5.1,11.61,5.84,11.98,13.18,5.69,5.15,4.17
677.56,6.89,9.24,5.09,11.7,5.82,12.08,13.23,5.74,5.22,4.2
677.887,6.87,9.22,5.06,11.73,5.79,12.16,13.26,5.65,5.28,4.15
678.214,6.85,9.23,5.06,11.73,5.74,12.18,13.31,5.62,5.24,4.15
678.541,6.87,9.23,5.06,11.79,5.75,12.14,13.32,5.58,5.19,4.05
678.868,6.85,9.26,5.07,11.77,5.78,12.11,13.37,5.56,5.16,4.03
679.195,6.91,9.28,5.1,11.84,5.76,12.1,13.38,5.54,5.17,4.05
679.521,6.91,9.25,5.1,11.84,5.71,11.97,13.4,5.48,5.19,4.05
679.848,6.92,9.32,5.2,11.93,5.71,12.02,13.45,5.55,5.23,4.09
680.175,6.95,9.31,5.21,11.99,5.65,12.07,13.5,5.53,5.27,4.15
680.501,6.9,9.3,5.17,11.94,5.59,12.05,13.5,5.48,5.3,4.12
680.828,6.9,9.37,5.22,12.06,5.64,12.13,13.49,5.54,5.33,4.16
681.154,6.89,9.39,5.23,12.03,5.62,12.13,13.49,5.57,5.33,4.17
681.481,6.96,9.52,5.32,12.14,5.69,12.17,13.55,5.69,5.35,4.27
681.807,7.02,9.54,5.31,12.16,5.74,12.23,13.6,5.78,5.42,4.41
682.134,7.12,9.65,5.35,12.22,5.83,12.36,13.71,5.91,5.48,4.52
682.46,7.13,9.63,5.35,12.25,5.81,12.31,13.76,5.9,5.44,4.52
682.787,7.13,9.71,5.4,12.29,5.84,12.43,13.78,5.96,5.52,4.55
683.113,7.19,9.76,5.44,12.38,5.89,12.57,13.8,5.98,5.55,4.64
683.439,7.21,9.76,5.4,12.34,5.91,12.51,13.79,5.9,5.52,4.58
683.765,7.24,9.8,5.45,12.37,5.99,12.48,13.78,5.92,5.54,4.64
684.091,7.26,9.77,5.48,12.38,6.06,12.51,13.83,5.97,5.52,4.61
684.417,7.28,9.82,5.49,12.4,6.11,12.55,13.87,6.07,5.59,4.67
684.743,7.29,9.83,5.56,12.5,6.17,12.49,13.91,6.08,5.62,4.67
685.069,7.26,9.77,5.54,12.5,6.16,12.52,13.95,6.14,5.59,4.62
685.395,7.23,9.75,5.58,12.53,6.15,12.55,13.94,6.11,5.58,4.52
685.721,7.24,9.72,5.56,12.53,6.14,12.52,13.93,6.07,5.67,4.49
686.047,7.31,9.75,5.58,12.58,6.2,12.62,13.96,6.09,5.71,4.51
686.373,7.3,9.7,5.6,12.52,6.17,12.6,13.98,6,5.65,4.42
686.699,7.29,9.7,5.59,12.49,6.17,12.55,13.93,5.99,5.67,4.37
687.024,7.34,9.78,5.67,12.53,6.2,12.66,14.05,6.03,5.74,4.45
687.35,7.35,9.8,5.69,12.56,6.26,12.8,14.16,6.12,5.79,4.46
687.676,7.36,9.85,5.68,12.52,6.22,12.8,14.16,6.09,5.8,4.43
688.001,7.38,9.86,5.7,12.59,6.32,12.85,14.26,6.03,5.82,4.46
688.327,7.37,9.93,5.74,12.57,6.33,12.95,14.35,6.01,5.91,4.46
688.652,7.39,10.01,5.72,12.51,6.31,12.96,14.34,6.01,6,4.53
688.978,7.43,10.06,5.74,12.54,6.36,13,14.42,6.02,6.06,4.62
689.303,7.42,10.13,5.79,12.63,6.4,13.01,14.51,6.1,6.07,4.76
689.629,7.47,10.23,5.81,12.64,6.43,13.12,14.55,6.16,6.19,4.83
689.954,7.5,10.3,5.81,12.68,6.51,13.13,14.65,6.2,6.23,4.94
690.279,7.48,10.29,5.81,12.72,6.52,13.09,14.69,6.2,6.18,4.98
690.604,7.48,10.3,5.77,12.77,6.53,13.1,14.68,6.2,6.15,5.04
690.93,7.48,10.34,5.73,12.74,6.45,12.99,14.7,6.12,6.03,4.95
691.255,7.58,10.4,5.81,12.86,6.59,13.01,14.78,6.23,6.09,5.07
691.58,7.6,10.41,5.78,12.84,6.53,13.07,14.8,6.3,6.06,5.03
691.905,7.69,10.41,5.75,12.87,6.57,13.13,14.81,6.34,5.97,5.07
692.23,7.77,10.45,5.82,13.03,6.69,13.21,14.89,6.37,6,5.06
692.555,7.8,10.51,5.81,13.02,6.71,13.15,14.88,6.4,6.01,5.06
692.88,7.81,10.5,5.76,12.98,6.63,13.19,14.81,6.37,5.97,4.95
693.204,7.77,10.41,5.79,13,6.61,13.07,14.83,6.43,5.91,4.96
693.529,7.77,10.44,5.81,13.03,6.54,13.1,14.87,6.44,5.94,4.99
693.854,7.83,10.52,5.85,13.04,6.53,13.21,14.98,6.49,6.01,5.03
694.179,7.85,10.54,5.87,13.02,6.58,13.24,15.03,6.57,6.05,5.05
694.503,7.86,10.58,5.92,13.08,6.62,13.36,15.09,6.68,6.15,5.17
694.828,7.81,10.63,5.92,13.09,6.57,13.44,15.1,6.71,6.24,5.2
695.153,7.81,10.67,5.96,13.15,6.62,13.41,15.1,6.69,6.32,5.22
695.477,7.76,10.63,5.98,13.14,6.54,13.34,15.05,6.69,6.33,5.2
695.802,7.69,10.62,5.97,13.1,6.45,13.35,15.05,6.72,6.31,5.22
696.126,7.67,10.58,5.99,13.13,6.38,13.47,15.08,6.77,6.28,5.22
696.451,7.69,10.6,6.05,13.13,6.45,13.52,15.1,6.79,6.29,5.24
696.775,7.78,10.65,6.03,13.17,6.48,13.65,15.11,6.79,6.29,5.17
697.099,7.84,10.65,6.03,13.21,6.55,13.71,15.06,6.9,6.35,5.16
697.423,7.83,10.65,6.02,13.24,6.58,13.78,15.13,6.9,6.33,5.1
697.748,7.81,10.59,6.05,13.2,6.51,13.82,15.08,6.84,6.32,5.09
698.072,7.82,10.62,6.09,13.18,6.58,13.8,15.17,6.87,6.45,5.13
698.396,7.84,10.63,6.06,13.16,6.58,13.81,15.22,6.85,6.38,5.14
698.72,7.83,10.65,6.11,13.09,6.57,13.73,15.29,6.89,6.27,5.11
699.044,7.9,10.74,6.1,13.08,6.68,13.72,15.29,6.96,6.33,5.14
699.368,7.94,10.72,6.06,13.09,6.73,13.69,15.34,6.9,6.4,5.14
699.692,7.98,10.77,6.08,13.18,6.85,13.72,15.39,6.92,6.45,5.15
700.016,7.99,10.78,6.14,13.17,6.9,13.76,15.5,6.9,6.48,5.19
700.34,7.96,10.85,6.23,13.15,6.98,13.74,15.61,6.85,6.54,5.3
700.664,7.97,10.88,6.23,13.18,7.02,13.8,15.75,6.88,6.55,5.33
700.987,8.02,10.94,6.28,13.28,7.05,13.79,15.7,6.98,6.58,5.35