wavelength ,fac_1,fac_2,fac_3,fac_4,fac_5,fac_6,fac_7,fac_8,fac_9,fac_10
300.342,17.14,13.83,16.23,11.64,11.82,16.01,12.32,12.69,13.53,10.33
300.715,17.14,13.86,16.25,11.8,11.94,16.05,12.39,12.67,13.63,10.43
301.088,16.96,13.75,16.14,11.65,11.87,15.94,12.33,12.57,13.58,10.34
301.462,16.99,13.78,16.19,11.56,11.81,15.85,12.29,12.49,13.54,10.31
301.835,16.93,13.82,16.15,11.53,11.85,15.88,12.33,12.57,13.43,10.32
302.208,16.87,13.77,16.2,11.5,11.86,15.94,12.21,12.48,13.34,10.31
302.581,16.93,13.8,16.24,11.51,11.83,15.94,12.16,12.39,13.28,10.24
302.954,16.95,13.75,16.2,11.45,11.8,15.9,12.14,12.38,13.38,10.2
303.327,16.9,13.7,16.21,11.52,11.85,15.94,12.19,12.34,13.39,10.23
303.7,16.79,13.66,16.24,11.51,11.93,15.9,12.15,12.4,13.33,10.19
304.073,16.72,13.69,16.27,11.55,11.97,16.05,12.24,12.41,13.48,10.16
304.446,16.68,13.54,16.24,11.48,11.96,15.99,12.11,12.32,13.4,10.07
304.819,16.65,13.48,16.17,11.39,11.88,15.88,12.01,12.26,13.27,9.93
305.192,16.75,13.48,16.11,11.39,11.87,15.83,12.06,12.19,13.25,9.95
305.564,16.77,13.42,16.06,11.42,11.88,15.87,12.06,12.16,13.25,9.93
305.937,16.82,13.38,15.98,11.44,11.79,15.82,12.13,12.1,13.35,9.86
306.31,16.82,13.38,15.96,11.42,11.75,15.77,12.1,12.15,13.41,9.83
306.682,16.85,13.36,15.88,11.41,11.77,15.69,12.13,12.22,13.41,9.94
307.055,16.71,13.26,15.9,11.36,11.71,15.63,12.07,12.13,13.27,9.92
307.428,16.66,13.22,15.85,11.31,11.63,15.69,11.95,12.12,13.18,9.85
307.8,16.68,13.16,15.75,11.26,11.53,15.63,11.93,12.02,13.13,9.86
308.173,16.67,13.14,15.53,11.15,11.5,15.5,11.82,11.97,13.11,9.74
308.545,16.7,13.18,15.51,11.24,11.55,15.54,11.97,12.07,13.12,9.77
308.917,16.75,13.18,15.51,11.34,11.55,15.57,12.04,12.16,13.26,9.84
309.29,16.74,13.14,15.5,11.39,11.53,15.61,11.99,12.23,13.31,9.75
309.662,16.73,13.08,15.39,11.32,11.53,15.53,12,12.19,13.26,9.68
310.034,16.67,12.99,15.4,11.26,11.46,15.48,11.86,12.08,13.15,9.64
310.407,16.54,12.9,15.31,11.26,11.43,15.47,11.82,11.96,13.06,9.54
310.779,16.37,12.85,15.24,11.2,11.33,15.41,11.76,11.84,12.97,9.33
311.151,16.32,12.76,15.07,11.1,11.34,15.32,11.66,11.82,12.89,9.29
311.523,16.34,12.79,15.02,11.03,11.31,15.21,11.69,11.8,12.88,9.29
311.895,16.28,12.79,15.03,11.01,11.31,15.23,11.72,11.84,12.89,9.21
312.267,16.25,12.79,15.1,11.01,11.26,15.21,11.66,11.87,12.86,9.29
312.639,16.22,12.8,15.11,10.89,11.16,15.16,11.62,11.84,12.72,9.3
313.011,16.11,12.73,15.08,10.76,11.1,15.05,11.5,11.74,12.55,9.24
313.383,16.03,12.72,15.09,10.7,11.03,14.96,11.43,11.65,12.5,9.18
313.755,15.91,12.66,15.14,10.74,11.07,14.99,11.39,11.67,12.53,9.2
314.127,15.87,12.68,15.14,10.69,11.12,14.89,11.41,11.67,12.54,9.22
314.498,15.94,12.69,15.12,10.61,11.13,14.89,11.45,11.79,12.59,9.35
314.87,15.91,12.57,15.13,10.55,11.18,14.9,11.43,11.8,12.52,9.38
315.242,16.11,12.71,15.35,10.72,11.31,15.07,11.58,11.88,12.75,9.53
315.614,16.08,12.67,15.35,10.71,11.33,15.08,11.56,11.9,12.68,9.51
315.985,16.1,12.65,15.32,10.74,11.37,15.01,11.42,11.89,12.62,9.56
316.357,16.09,12.59,15.3,10.69,11.34,14.86,11.36,11.73,12.54,9.48
316.728,16.11,12.53,15.23,10.68,11.34,14.87,11.27,11.65,12.57,9.44
317.1,16.1,12.53,15.2,10.75,11.43,14.82,11.26,11.62,12.6,9.47
317.471,16,12.52,15.12,10.71,11.43,14.82,11.23,11.61,12.51,9.56
317.843,16.06,12.6,15.13,10.75,11.47,14.84,11.23,11.63,12.52,9.61
318.214,16.09,12.56,15.11,10.85,11.47,14.94,11.14,11.66,12.54,9.63
318.585,16.09,12.65,15.13,10.94,11.52,14.98,11.15,11.7,12.49,9.71
318.957,16.16,12.76,15.2,10.98,11.52,15.03,11.26,11.83,12.56,9.76
319.328,16.08,12.75,15.06,10.93,11.46,14.98,11.24,11.8,12.44,9.72
319.699,16.12,12.74,15.05,11.02,11.56,15.04,11.32,11.8,12.53,9.77
320.07,16.12,12.78,15.03,11.03,11.58,15.08,11.42,11.82,12.6,9.73
320.441,16.03,12.76,15.01,11.08,11.62,15.17,11.47,11.92,12.56,9.81
320.813,15.89,12.74,15.06,11.12,11.57,15.11,11.48,11.9,12.55,9.73
321.184,15.85,12.78,15.09,11.12,11.49,15.2,11.59,11.9,12.56,9.73
321.555,15.89,12.71,15.12,11.02,11.49,15.2,11.63,11.89,12.59,9.66
321.926,15.79,12.72,15.1,10.99,11.39,15.1,11.63,11.87,12.55,9.6
322.297,15.78,12.69,15.08,10.88,11.29,15.03,11.7,11.87,12.55,9.52
322.667,15.76,12.53,15.08,10.76,11.24,14.86,11.63,11.76,12.56,9.33
323.038,15.76,12.46,15.05,10.7,11.21,14.81,11.52,11.67,12.57,9.3
323.409,15.67,12.37,15.01,10.58,11.06,14.64,11.41,11.6,12.49,9.24
323.78,15.6,12.3,14.97,10.46,10.98,14.55,11.29,11.58,12.41,9.2
324.151,15.6,12.31,14.91,10.39,10.96,14.49,11.21,11.52,12.32,9.13
324.521,15.6,12.23,14.94,10.28,10.9,14.48,11.22,11.51,12.34,9.05
324.892,15.58,12.12,14.8,10.16,10.74,14.38,11.06,11.49,12.25,9
325.262,15.52,12.14,14.75,10.07,10.7,14.33,11.03,11.5,12.25,8.99
325.633,15.53,12.08,14.72,10.07,10.7,14.3,11.02,11.53,12.22,9.01
326.004,15.65,12.11,14.73,10.1,10.8,14.37,11.12,11.63,12.27,9.08
326.374,15.52,12.1,14.67,10.1,10.9,14.37,11.08,11.61,12.19,9.03
326.744,15.5,12.14,14.58,10.2,10.93,14.52,11.09,11.64,12.19,9.12
327.115,15.41,12.1,14.51,10.17,10.92,14.51,11.12,11.63,12.17,9.11
327.485,15.42,12.13,14.48,10.24,10.98,14.61,11.18,11.67,12.2,9.15
327.855,15.44,12.11,14.51,10.28,11,14.62,11.22,11.73,12.23,9.2
328.226,15.37,12.09,14.53,10.25,10.95,14.6,11.24,11.66,12.21,9.23
328.596,15.37,12.17,14.53,10.34,10.99,14.61,11.24,11.62,12.16,9.27
328.966,15.43,12.2,14.53,10.35,11.14,14.6,11.34,11.64,12.18,9.32
329.336,15.48,12.11,14.54,10.42,11.12,14.56,11.27,11.62,12.13,9.35
329.706,15.46,12.15,14.52,10.49,11.05,14.55,11.21,11.61,12.19,9.39
330.076,15.31,12,14.44,10.4,10.95,14.39,11.01,11.48,12.14,9.21
330.447,15.42,12.05,14.48,10.39,10.89,14.4,11.03,11.47,12.14,9.25
330.816,15.36,12.05,14.51,10.34,10.8,14.35,11.01,11.44,12.15,9.22
331.186,15.4,12.1,14.55,10.4,10.69,14.26,10.9,11.33,12.07,9.24
331.556,15.41,12.07,14.58,10.43,10.71,14.21,10.9,11.33,12.07,9.25
331.926,15.39,12.06,14.5,10.42,10.68,14.19,10.95,11.24,12.1,9.25
332.296,15.37,12.03,14.48,10.44,10.72,14.19,10.91,11.27,12.02,9.23
332.666,15.37,11.96,14.4,10.36,10.59,14.07,10.86,11.28,12.05,9.17
333.036,15.35,11.95,14.45,10.4,10.6,14.12,10.94,11.28,12.1,9.15
333.405,15.29,11.94,14.35,10.33,10.58,14.1,10.89,11.23,12.08,9.06
333.775,15.29,11.94,14.36,10.32,10.65,14.09,10.88,11.23,12.02,9
334.144,15.32,11.92,14.34,10.27,10.6,14.13,10.94,11.18,11.97,9.06
334.514,15.33,11.91,14.42,10.29,10.66,14.14,10.93,11.24,12.03,9.12
334.884,15.39,11.91,14.51,10.28,10.66,14.07,10.97,11.2,11.99,9.1
335.253,15.42,11.95,14.53,10.26,10.75,14.13,11.06,11.29,12.06,9.12
335.623,15.48,11.94,14.54,10.24,10.72,14.21,11.04,11.19,12.02,9.06
335.992,15.47,11.98,14.57,10.27,10.76,14.17,11.01,11.2,11.97,9.04
336.361,15.49,11.89,14.57,10.29,10.7,14.14,10.96,11.17,12.07,9.09
336.731,15.45,11.98,14.59,10.32,10.79,14.24,10.99,11.13,12.11,9.14
337.1,15.47,12.03,14.62,10.32,10.84,14.25,10.98,11.13,12.14,9.17
337.469,15.54,12.08,14.69,10.41,10.94,14.32,11.09,11.21,12.23,9.21
337.838,15.46,12.04,14.62,10.41,10.91,14.25,11.06,11.08,12.16,9.16
338.208,15.43,12.1,14.65,10.46,10.96,14.22,11.09,11.07,12.17,9.09
338.577,15.4,12.1,14.56,10.41,10.91,14.18,11.1,11.06,12.14,9.07
338.946,15.31,12.05,14.44,10.42,10.93,14.15,11.11,11.08,12.15,9.04
339.315,15.28,11.96,14.42,10.46,10.98,14.18,11.13,11.07,12.19,9.07
339.684,15.25,11.96,14.42,10.45,10.96,14.13,11.17,11.18,12.3,9.12
340.053,15.19,11.98,14.37,10.39,10.91,14.18,11.15,11.24,12.31,9.05
340.422,15.16,12.14,14.4,10.38,10.99,14.21,11.24,11.3,12.34,9.06
340.79,15.18,12.08,14.39,10.38,11,14.19,11.22,11.38,12.24,9.08
341.159,15.16,12.05,14.34,10.42,11,14.22,11.2,11.37,12.22,9.08
341.528,15.14,12.02,14.34,10.32,10.96,14.19,11.11,11.34,12.2,9.13
341.897,15.19,12.08,14.38,10.33,10.98,14.31,11.15,11.49,12.25,9.18
342.266,15.25,12.17,14.44,10.31,10.95,14.37,11.08,11.53,12.26,9.23
342.634,15.3,12.15,14.5,10.32,10.98,14.37,11.07,11.56,12.28,9.25
343.003,15.27,12.16,14.47,10.32,10.98,14.43,11.06,11.55,12.25,9.29
343.371,15.22,12.2,14.51,10.25,10.91,14.37,10.99,11.59,12.23,9.29
343.74,15.16,12.16,14.42,10.21,10.87,14.36,10.89,11.48,12.21,9.24
344.108,15.21,12.15,14.58,10.22,10.95,14.29,10.87,11.43,12.28,9.31
344.477,15.23,12.16,14.61,10.22,10.86,14.39,10.88,11.5,12.32,9.34
344.845,15.21,12.21,14.63,10.26,10.85,14.34,10.9,11.43,12.35,9.26
345.214,15.19,12.2,14.62,10.16,10.8,14.29,10.84,11.36,12.31,9.23
345.582,15.18,12.17,14.64,10.15,10.85,14.31,10.88,11.33,12.25,9.16
345.95,15.27,12.17,14.65,10.18,10.9,14.3,10.99,11.38,12.38,9.21
346.319,15.26,12.1,14.63,10.21,10.96,14.32,11.08,11.44,12.34,9.24
346.687,15.23,12.12,14.63,10.19,10.9,14.34,11.05,11.45,12.29,9.2
347.055,15.34,12.15,14.65,10.19,10.93,14.38,11.07,11.45,12.36,9.2
347.423,15.43,12.14,14.68,10.26,10.97,14.43,11.13,11.37,12.38,9.17
347.791,15.48,12.22,14.81,10.31,11.1,14.47,11.19,11.49,12.38,9.16
348.159,15.48,12.17,14.71,10.32,10.99,14.55,11.17,11.5,12.41,9.09
348.527,15.49,12.13,14.7,10.31,10.94,14.49,11.11,11.44,12.32,9.08
348.895,15.51,12.08,14.71,10.27,10.97,14.62,11.17,11.5,12.33,9.16
349.263,15.58,12.18,14.75,10.42,11.03,14.69,11.22,11.61,12.36,9.22
349.631,15.57,12.25,14.81,10.42,10.97,14.66,11.18,11.67,12.37,9.2
349.999,15.51,12.22,14.84,10.36,10.94,14.67,11.15,11.62,12.3,9.19
350.367,15.57,12.28,14.95,10.41,10.97,14.69,11.19,11.6,12.36,9.2
350.734,15.6,12.3,14.92,10.47,11.01,14.64,11.22,11.58,12.33,9.22
351.102,15.57,12.34,15.02,10.43,11,14.66,11.22,11.64,12.34,9.2
351.47,15.53,12.4,14.94,10.38,10.99,14.68,11.19,11.68,12.28,9.18
351.837,15.61,12.4,14.9,10.42,11,14.64,11.19,11.69,12.26,9.23
352.205,15.7,12.54,14.95,10.49,11.07,14.65,11.3,11.69,12.21,9.32
352.573,15.77,12.49,14.97,10.66,11.14,14.6,11.33,11.62,12.21,9.26
352.94,15.76,12.54,15.03,10.66,11.11,14.57,11.26,11.6,12.22,9.22
353.308,15.78,12.49,15.05,10.6,11.12,14.58,11.29,11.58,12.19,9.25
353.675,15.81,12.43,15.05,10.63,11.1,14.66,11.34,11.56,12.15,9.25
354.042,15.91,12.57,15.13,10.75,11.16,14.71,11.36,11.6,12.22,9.35
354.41,15.85,12.55,15.04,10.73,11.15,14.7,11.31,11.57,12.21,9.39
354.777,15.81,12.53,15.08,10.77,11.19,14.74,11.36,11.66,12.29,9.47
355.144,15.92,12.58,15.08,10.94,11.26,14.75,11.41,11.72,12.26,9.52
355.511,15.96,12.56,15.16,10.98,11.3,14.76,11.47,11.73,12.27,9.54
355.879,15.96,12.52,15.13,10.95,11.32,14.85,11.51,11.73,12.27,9.54
356.246,15.99,12.47,15.2,10.94,11.33,14.89,11.51,11.73,12.26,9.57
356.613,16.03,12.57,15.23,10.79,11.38,14.98,11.6,11.81,12.31,9.61
356.98,16.11,12.54,15.23,10.8,11.44,15.01,11.67,11.81,12.35,9.58
357.347,16.08,12.54,15.3,10.79,11.38,14.98,11.61,11.81,12.29,9.59
357.714,16.15,12.67,15.35,10.87,11.54,15.02,11.68,11.89,12.44,9.66
358.081,16.11,12.61,15.34,10.79,11.49,15.02,11.73,11.88,12.35,9.59
358.448,16.16,12.6,15.41,10.81,11.49,15.09,11.76,11.94,12.35,9.57
358.815,16.23,12.66,15.41,10.77,11.51,15.04,11.73,11.82,12.27,9.52
359.181,16.24,12.64,15.39,10.71,11.46,15.08,11.72,11.75,12.33,9.53
359.548,16.25,12.58,15.43,10.68,11.49,15.08,11.77,11.78,12.43,9.54
359.915,16.25,12.61,15.46,10.69,11.46,15.08,11.8,11.75,12.43,9.55
360.282,16.24,12.59,15.39,10.68,11.43,15.05,11.84,11.76,12.45,9.49
360.648,16.27,12.6,15.4,10.75,11.51,15.06,11.87,11.79,12.51,9.57
361.015,16.37,12.65,15.46,10.86,11.57,15.1,12.03,11.91,12.55,9.7
361.381,16.45,12.68,15.37,10.92,11.59,15.12,12.1,12,12.68,9.65
361.748,16.41,12.66,15.3,10.9,11.5,15.13,12.04,11.98,12.62,9.61
362.114,16.4,12.74,15.33,10.95,11.54,15.19,12.03,12.05,12.61,9.66
362.481,16.48,12.76,15.34,11.07,11.65,15.15,12.07,12.12,12.62,9.77
362.847,16.51,12.74,15.44,11.16,11.66,15.29,12.08,12.17,12.73,9.8
363.214,16.55,12.75,15.58,11.17,11.71,15.28,12.09,12.21,12.75,9.86
363.58,16.65,12.85,15.62,11.27,11.7,15.32,12.14,12.3,12.69,9.93
363.946,16.66,12.89,15.73,11.32,11.77,15.3,12.1,12.33,12.77,9.99
364.312,16.7,12.92,15.87,11.37,11.87,15.34,12.11,12.41,12.81,10.08
364.678,16.7,12.92,15.94,11.41,11.84,15.34,12.08,12.49,12.85,10.1
365.045,16.67,12.93,15.92,11.34,11.82,15.33,11.95,12.41,12.88,10.07
365.411,16.76,13.02,16.04,11.44,12,15.5,12.04,12.45,12.95,10.2
365.777,16.86,13.02,16.1,11.44,12.08,15.45,12.08,12.47,13,10.25
366.143,16.86,12.94,16.09,11.46,12.05,15.38,12.08,12.42,12.97,10.22
366.509,16.88,12.93,16.08,11.43,11.96,15.38,12.08,12.39,13,10.13
366.875,16.92,12.94,16.02,11.44,11.94,15.31,12.17,12.42,12.98,10.19
367.241,16.96,12.96,15.91,11.46,11.91,15.35,12.23,12.41,12.95,10.19
367.606,16.98,13.03,15.91,11.5,12.02,15.34,12.22,12.39,12.99,10.2
367.972,17.03,13.03,15.97,11.61,12.07,15.48,12.39,12.49,12.99,10.21
368.338,17,13.06,15.89,11.57,12.04,15.49,12.37,12.5,13.01,10.17
368.704,16.99,13.14,15.85,11.53,12.07,15.59,12.38,12.49,12.95,10.15
369.069,17.04,13.22,15.88,11.61,12.07,15.55,12.4,12.52,12.91,10.15
369.435,17.02,13.23,15.89,11.61,12.06,15.46,12.46,12.53,12.83,10.13
369.801,17,13.3,15.92,11.66,12.02,15.54,12.49,12.59,12.89,10.2
370.166,17.15,13.37,16.04,11.71,12.17,15.61,12.62,12.66,13.03,10.3
370.532,17.15,13.43,16.12,11.78,12.33,15.73,12.63,12.73,13.07,10.37
370.897,17.21,13.51,16.21,11.78,12.4,15.82,12.66,12.81,13.11,10.37
371.263,17.18,13.5,16.22,11.81,12.42,15.8,12.62,12.84,13.09,10.29
371.628,17.17,13.51,16.18,11.8,12.38,15.92,12.64,12.88,13.07,10.28
371.993,17.21,13.54,16.2,11.77,12.37,15.89,12.62,12.83,13.1,10.34
372.359,17.24,13.55,16.25,11.84,12.39,15.87,12.68,12.83,13.08,10.4
372.724,17.33,13.59,16.29,11.9,12.42,15.92,12.77,12.85,13.12,10.45
373.089,17.32,13.6,16.34,12.04,12.49,16.05,12.89,12.96,13.21,10.52
373.454,17.37,13.6,16.34,12,12.49,16.17,12.88,12.95,13.23,10.56
373.82,17.43,13.57,16.38,12.03,12.58,16.15,12.92,12.95,13.17,10.55
374.185,17.39,13.6,16.37,12.13,12.53,16.14,12.88,12.95,13.13,10.55
374.55,17.52,13.66,16.44,12.2,12.51,16.2,12.95,13.02,13.22,10.64
374.915,17.44,13.69,16.43,12.21,12.52,16.23,13.05,12.97,13.19,10.68
375.28,17.54,13.76,16.6,12.3,12.58,16.31,13.18,13.11,13.29,10.86
375.645,17.6,13.74,16.69,12.29,12.64,16.24,13.18,13.04,13.3,10.85
376.01,17.59,13.84,16.65,12.38,12.65,16.26,13.25,13.09,13.25,10.84
376.374,17.77,13.99,16.78,12.49,12.76,16.4,13.33,13.21,13.32,10.92
376.739,17.81,14.04,16.84,12.6,12.85,16.44,13.35,13.27,13.31,10.99
377.104,17.84,14.04,16.87,12.59,12.9,16.48,13.32,13.29,13.33,11.02
377.469,17.88,14.12,16.94,12.7,12.9,16.55,13.36,13.34,13.44,11.02
377.833,17.92,14.16,17,12.68,12.91,16.64,13.43,13.37,13.49,11.04
378.198,18.01,14.19,17.04,12.71,12.99,16.73,13.5,13.46,13.55,11.09
378.563,18.01,14.26,17,12.67,13.01,16.8,13.56,13.48,13.49,11.04
378.927,18.21,14.39,17.21,12.75,13.12,16.94,13.63,13.63,13.58,11.14
379.292,18.25,14.47,17.25,12.77,13.21,17.04,13.66,13.62,13.6,11.13
379.656,18.35,14.62,17.38,12.88,13.25,17.25,13.78,13.82,13.68,11.28
380.021,18.48,14.63,17.5,12.89,13.36,17.27,13.78,13.9,13.79,11.37
380.385,18.52,14.7,17.46,12.9,13.4,17.35,13.81,13.96,13.83,11.41
380.749,18.63,14.77,17.6,13.04,13.46,17.41,13.97,14.12,14,11.52
381.114,18.69,14.85,17.66,13,13.45,17.43,14.1,14.17,13.95,11.59
381.478,18.75,14.82,17.76,13.03,13.57,17.39,14.16,14.22,13.97,11.64
381.842,18.85,14.9,17.86,13.15,13.7,17.45,14.28,14.25,13.95,11.72
382.206,18.91,15.07,17.91,13.2,13.74,17.51,14.38,14.23,14.01,11.78
382.571,19,15.13,17.98,13.3,13.85,17.51,14.48,14.27,14.07,11.88
382.935,19.02,15.15,17.91,13.39,13.92,17.56,14.48,14.33,14.08,11.84
383.299,19.06,15.2,17.96,13.45,13.97,17.58,14.54,14.39,14.12,11.93
383.663,19.18,15.34,18,13.56,14.08,17.57,14.67,14.52,14.2,12.06
384.027,19.27,15.44,18.07,13.62,14.11,17.65,14.74,14.6,14.27,12.08
384.391,19.34,15.43,18.23,13.73,14.21,17.72,14.85,14.67,14.37,12.16
384.755,19.42,15.48,18.3,13.69,14.22,17.72,14.83,14.61,14.31,12.18
385.118,19.5,15.62,18.38,13.79,14.34,17.75,14.83,14.66,14.34,12.2
385.482,19.53,15.76,18.46,13.89,14.37,17.85,14.89,14.71,14.33,12.28
385.846,19.58,15.79,18.49,13.91,14.35,17.93,14.88,14.79,14.44,12.32
386.21,19.71,15.8,18.57,13.95,14.44,18.02,14.94,14.93,14.48,12.44
386.573,19.82,15.88,18.72,13.96,14.49,18.11,14.97,14.96,14.51,12.5
386.937,19.85,15.88,18.83,13.98,14.45,18.1,15.01,14.96,14.57,12.54
387.301,19.85,15.94,18.87,14.01,14.52,18.11,15.05,15.02,14.56,12.49
387.664,19.9,15.83,18.91,13.99,14.56,18.18,15.1,14.98,14.56,12.37
388.028,19.9,15.8,18.92,14,14.58,18.14,15.09,14.96,14.49,12.35
388.391,19.94,15.81,18.85,13.97,14.54,18.17,15.12,14.99,14.45,12.38
388.755,20.03,15.88,18.88,14.02,14.66,18.26,15.25,15.07,14.49,12.44
389.118,20.1,15.85,18.92,14.05,14.69,18.31,15.36,15.11,14.56,12.47
389.481,20.18,15.91,18.96,14.06,14.71,18.29,15.4,15.15,14.59,12.52
389.845,20.31,16.02,19.07,14.12,14.81,18.34,15.49,15.22,14.63,12.59
390.208,20.34,16.07,19.09,14.16,14.85,18.4,15.5,15.22,14.59,12.57
390.571,20.42,16.08,19.13,14.22,14.87,18.41,15.56,15.3,14.67,12.59
390.934,20.55,16.19,19.19,14.37,15.02,18.56,15.64,15.37,14.68,12.67
391.298,20.74,16.24,19.27,14.45,15.08,18.69,15.76,15.44,14.74,12.79
391.661,20.84,16.33,19.3,14.55,15.1,18.74,15.77,15.48,14.78,12.86
392.024,20.97,16.36,19.38,14.63,15.18,18.91,15.9,15.51,14.81,12.95
392.387,21.01,16.46,19.48,14.7,15.26,18.92,15.92,15.52,14.82,12.98
392.75,21.03,16.46,19.5,14.77,15.3,18.96,15.92,15.56,14.84,13.03
393.113,21.1,16.59,19.63,14.87,15.37,19.11,16.01,15.61,14.86,13.14
393.476,21.15,16.6,19.68,14.9,15.45,19.18,16.07,15.65,14.89,13.13
393.838,21.2,16.65,19.72,15,15.5,19.27,16.15,15.69,14.85,13.15
394.201,21.26,16.68,19.78,15.09,15.57,19.27,16.23,15.75,14.91,13.15
394.564,21.23,16.7,19.73,15.12,15.57,19.29,16.29,15.78,14.82,13.17
394.927,21.26,16.69,19.7,15.13,15.6,19.28,16.32,15.81,14.82,13.24
395.289,21.24,16.73,19.68,15.12,15.64,19.25,16.39,15.79,14.84,13.27
395.652,21.23,16.76,19.72,15.11,15.7,19.28,16.41,15.83,14.73,13.33
396.015,21.22,16.87,19.71,15.16,15.74,19.29,16.45,15.87,14.79,13.35
396.377,21.26,16.92,19.74,15.18,15.78,19.35,16.56,15.88,14.8,13.38
396.74,21.33,17,19.81,15.18,15.78,19.38,16.65,15.97,14.83,13.41
397.102,21.43,16.99,19.79,15.2,15.83,19.35,16.64,15.99,14.83,13.43
397.465,21.51,17.07,19.77,15.31,15.83,19.41,16.67,16.05,14.83,13.56
397.827,21.55,17.08,19.77,15.34,15.84,19.38,16.71,16.06,14.9,13.61
398.189,21.58,17.11,19.82,15.36,15.81,19.42,16.8,16.09,14.92,13.67
398.552,21.64,17.18,19.96,15.46,15.9,19.5,16.88,16.11,14.94,13.71
398.914,21.67,17.21,20,15.49,15.87,19.5,16.99,16.13,14.98,13.67
399.276,21.71,17.22,20.11,15.62,15.82,19.51,16.98,16.21,14.98,13.65
399.638,21.76,17.29,20.22,15.67,15.85,19.57,17.06,16.19,15.1,13.72
400,21.82,17.32,20.37,15.68,15.93,19.59,17.12,16.23,15.11,13.75
400.363,21.89,17.37,20.32,15.73,15.96,19.61,17.11,16.34,15.15,13.73
400.725,21.89,17.38,20.26,15.75,15.97,19.67,17.12,16.26,15.09,13.7
401.087,21.92,17.4,20.28,15.82,15.97,19.75,17.21,16.3,15.14,13.71
401.449,21.91,17.41,20.35,15.8,16.05,19.81,17.26,16.35,15.2,13.64
401.81,21.93,17.44,20.37,15.75,16.03,19.84,17.29,16.36,15.14,13.63
402.172,21.92,17.5,20.33,15.74,16.11,19.88,17.26,16.4,15.17,13.68
402.534,21.98,17.51,20.34,15.74,16.1,19.88,17.23,16.42,15.21,13.72
402.896,21.97,17.55,20.42,15.71,16.11,19.95,17.15,16.4,15.23,13.75
403.258,21.98,17.62,20.44,15.61,16.18,19.98,17.17,16.38,15.22,13.8
403.619,22.01,17.63,20.39,15.63,16.2,20,17.21,16.43,15.24,13.8
403.981,22.06,17.64,20.37,15.64,16.18,20.07,17.28,16.45,15.23,13.8
404.343,22.09,17.66,20.48,15.71,16.25,20.09,17.36,16.48,15.21,13.82
404.704,22.13,17.7,20.6,15.75,16.31,20.08,17.38,16.56,15.29,13.88
405.066,22.08,17.7,20.61,15.69,16.27,20.03,17.35,16.54,15.25,13.83
405.427,22.12,17.72,20.66,15.68,16.27,20.1,17.37,16.54,15.22,13.9
405.789,22.16,17.77,20.76,15.74,16.34,20.15,17.38,16.64,15.27,13.97
406.15,22.2,17.79,20.84,15.76,16.37,20.17,17.41,16.66,15.26,13.98
406.512,22.18,17.83,20.8,15.78,16.37,20.2,17.46,16.73,15.32,14
406.873,22.2,17.84,20.76,15.83,16.45,20.2,17.54,16.79,15.27,13.99
407.234,22.27,17.9,20.74,15.91,16.48,20.3,17.61,16.81,15.36,14.01
407.596,22.24,17.95,20.79,15.95,16.5,20.3,17.6,16.82,15.38,14.05
407.957,22.21,18.02,20.77,15.96,16.52,20.29,17.61,16.83,15.39,14.06
408.318,22.27,18.02,20.8,15.97,16.48,20.31,17.61,16.73,15.38,14.13
408.679,22.31,18.03,20.79,16.01,16.47,20.31,17.55,16.72,15.36,14.16
409.04,22.4,18.02,20.8,16.04,16.53,20.4,17.63,16.77,15.44,14.18
409.401,22.46,18.09,20.78,16.13,16.57,20.35,17.69,16.84,15.54,14.26
409.762,22.47,18.15,20.76,16.19,16.54,20.33,17.71,16.83,15.54,14.28
410.123,22.5,18.22,20.76,16.24,16.53,20.39,17.77,16.87,15.58,14.31
410.484,22.62,18.29,20.81,16.27,16.59,20.45,17.86,16.84,15.61,14.35
410.845,22.71,18.32,20.89,16.29,16.62,20.51,17.94,16.91,15.66,14.41
411.206,22.71,18.33,20.94,16.32,16.64,20.49,17.95,16.93,15.63,14.43
411.567,22.76,18.35,21.01,16.36,16.65,20.53,17.97,16.98,15.65,14.39
411.927,22.82,18.34,21.07,16.39,16.64,20.51,17.98,17.02,15.68,14.45
412.288,22.78,18.33,21.01,16.36,16.65,20.54,18.02,17.02,15.68,14.4
412.649,22.78,18.31,21.04,16.33,16.65,20.43,18.13,16.93,15.67,14.53
413.009,22.78,18.34,21.06,16.34,16.71,20.37,18.09,16.85,15.65,14.57
413.37,22.77,18.33,21.1,16.37,16.71,20.44,18.1,16.84,15.58,14.53
413.731,22.79,18.37,21.07,16.38,16.77,20.46,18.11,16.86,15.62,14.57
414.091,22.85,18.38,21.15,16.44,16.86,20.47,18.18,16.9,15.65,14.58
414.452,22.86,18.31,21.16,16.5,16.86,20.45,18.1,16.88,15.62,14.52
414.812,22.78,18.31,21.14,16.5,16.79,20.42,18.09,16.82,15.61,14.49
415.172,22.8,18.29,21.16,16.52,16.81,20.49,18.04,16.86,15.63,14.58
415.533,22.79,18.29,21.12,16.49,16.8,20.48,18.07,16.81,15.58,14.59
415.893,22.82,18.25,21.12,16.52,16.86,20.56,18.1,16.85,15.62,14.63
416.253,22.82,18.29,21.16,16.57,16.9,20.56,18.09,16.94,15.65,14.69
416.613,22.83,18.39,21.15,16.59,16.98,20.7,18.06,17.11,15.72,14.56
416.974,22.85,18.5,21.2,16.64,16.97,20.81,18.06,17.2,15.82,14.63
417.334,22.81,18.46,21.2,16.58,16.97,20.79,18.08,17.17,15.82,14.66
417.694,22.8,18.43,21.23,16.54,16.96,20.87,18.13,17.12,15.82,14.62
418.054,22.81,18.38,21.2,16.49,16.87,20.85,18.08,17.07,15.77,14.59
418.414,22.82,18.49,21.28,16.49,16.93,20.87,18.14,17.17,15.77,14.69
418.774,22.9,18.6,21.34,16.53,17.02,20.88,18.08,17.21,15.77,14.78
419.134,22.96,18.57,21.34,16.56,17.03,20.87,18.14,17.23,15.8,14.68
419.494,22.92,18.63,21.29,16.55,17.08,20.86,18.14,17.24,15.84,14.72
419.853,22.96,18.71,21.33,16.57,17.08,20.86,18.16,17.23,15.85,14.73
420.213,23.01,18.67,21.38,16.53,17.12,20.84,18.1,17.22,15.84,14.74
420.573,23.07,18.68,21.43,16.65,17.14,20.89,18.15,17.23,15.87,14.79
420.933,23.08,18.59,21.36,16.61,17.12,20.83,18.19,17.23,15.73,14.75
421.292,23.17,18.62,21.39,16.63,17.12,20.83,18.16,17.24,15.74,14.72
421.652,23.21,18.64,21.39,16.64,17.18,20.83,18.14,17.29,15.75,14.77
422.011,23.16,18.63,21.34,16.58,17.16,20.83,18.09,17.24,15.72,14.76
422.371,23.12,18.59,21.29,16.55,17.1,20.79,18.04,17.18,15.7,14.7
422.73,23.15,18.57,21.27,16.62,17.16,20.85,18.09,17.24,15.75,14.69
423.09,23.19,18.6,21.23,16.6,17.17,20.78,18.12,17.21,15.73,14.74
423.449,23.32,18.52,21.29,16.58,17.2,20.79,18.11,17.22,15.66,14.72
423.809,23.31,18.45,21.25,16.56,17.14,20.74,18.02,17.19,15.61,14.65
424.168,23.33,18.51,21.3,16.62,17.15,20.8,18.18,17.24,15.63,14.61
424.527,23.31,18.49,21.28,16.57,17.1,20.8,18.15,17.23,15.61,14.6
424.887,23.35,18.6,21.34,16.61,17.16,20.8,18.19,17.25,15.65,14.64
425.246,23.36,18.66,21.32,16.63,17.15,20.8,18.2,17.29,15.68,14.7
425.605,23.42,18.64,21.35,16.64,17.15,20.76,18.23,17.31,15.66,14.67
425.964,23.49,18.72,21.43,16.69,17.24,20.8,18.28,17.3,15.67,14.75
426.323,23.59,18.73,21.43,16.7,17.3,20.87,18.36,17.35,15.76,14.8
426.682,23.59,18.71,21.46,16.66,17.22,20.83,18.36,17.31,15.68,14.79
427.041,23.6,18.76,21.53,16.64,17.22,20.87,18.38,17.37,15.73,14.8
427.4,23.63,18.9,21.54,16.7,17.2,20.93,18.4,17.42,15.76,14.83
427.759,23.62,18.96,21.59,16.77,17.23,20.99,18.49,17.45,15.78,14.86
428.118,23.66,18.98,21.54,16.78,17.32,21.07,18.44,17.45,15.84,14.95
428.477,23.66,18.95,21.52,16.74,17.29,20.98,18.41,17.39,15.78,14.92
428.835,23.62,18.93,21.5,16.76,17.3,20.98,18.46,17.37,15.79,14.91
429.194,23.66,18.93,21.54,16.82,17.36,21.03,18.53,17.39,15.81,14.84
429.553,23.65,18.98,21.51,16.86,17.38,21.07,18.56,17.35,15.83,14.82
429.911,23.64,19,21.52,16.88,17.37,21.01,18.62,17.45,15.88,14.8
430.27,23.61,18.99,21.52,16.96,17.42,21.01,18.68,17.43,15.87,14.83
430.629,23.68,19.05,21.56,17.01,17.47,21.1,18.76,17.44,15.97,14.87
430.987,23.63,19.07,21.57,16.99,17.54,21.11,18.78,17.43,15.91,14.82
431.346,23.55,19.02,21.56,17.01,17.55,21.12,18.8,17.43,15.88,14.84
431.704,23.61,19.02,21.58,16.96,17.58,21.13,18.84,17.51,15.93,14.94
432.062,23.56,19.04,21.6,16.93,17.52,21.1,18.88,17.56,15.93,14.94
432.421,23.61,19.08,21.7,16.96,17.59,21.21,18.94,17.66,15.98,14.99
432.779,23.67,19.14,21.71,16.97,17.59,21.22,18.91,17.77,16.01,15.02
433.137,23.7,19.11,21.74,16.95,17.58,21.18,18.86,17.79,15.98,15.06
433.496,23.64,19.12,21.77,16.96,17.6,21.19,18.84,17.83,16.01,15.11
433.854,23.68,19.13,21.8,16.96,17.61,21.24,18.84,17.78,16.04,15.13
434.212,23.69,19.19,21.86,16.92,17.58,21.26,18.75,17.85,16.02,15.12
434.57,23.61,19.16,21.82,16.83,17.59,21.25,18.71,17.83,15.95,15.12
434.928,23.6,19.09,21.77,16.81,17.58,21.26,18.64,17.85,15.98,15.16
435.286,23.64,19.09,21.81,16.84,17.59,21.22,18.63,17.84,16.01,15.17
435.644,23.65,19.09,21.81,16.84,17.56,21.23,18.61,17.76,15.91,15.1
436.002,23.68,19.02,21.76,16.81,17.47,21.14,18.53,17.66,15.8,15.05
436.36,23.57,18.95,21.65,16.77,17.42,21.03,18.5,17.59,15.71,15
436.718,23.6,18.91,21.66,16.76,17.34,21.05,18.47,17.48,15.62,14.93
437.075,23.55,18.87,21.58,16.69,17.34,21.03,18.51,17.48,15.6,14.9
437.433,23.57,18.83,21.57,16.65,17.28,21,18.56,17.48,15.57,14.87
437.791,23.55,18.77,21.59,16.63,17.23,20.96,18.55,17.52,15.5,14.82
438.149,23.54,18.77,21.58,16.58,17.21,20.92,18.58,17.48,15.46,14.8
438.506,23.63,18.77,21.56,16.57,17.15,20.83,18.58,17.48,15.45,14.78
438.864,23.7,18.88,21.6,16.66,17.15,20.84,18.67,17.49,15.47,14.77
439.221,23.78,18.91,21.6,16.66,17.18,20.88,18.74,17.52,15.5,14.8
439.579,23.8,18.98,21.55,16.75,17.21,20.87,18.74,17.53,15.6,14.84
439.936,23.86,19.06,21.67,16.75,17.29,20.92,18.79,17.55,15.68,14.87
440.294,23.99,19.14,21.71,16.84,17.36,21,18.86,17.6,15.77,14.92
440.651,23.95,19.2,21.75,16.9,17.49,21.04,18.96,17.74,15.92,15.04
441.009,24.03,19.22,21.84,16.99,17.54,21.08,18.98,17.73,15.94,15.09
441.366,24.05,19.29,21.88,17.04,17.59,21.12,19.03,17.78,15.98,15.14
441.723,24.09,19.34,21.89,17.14,17.7,21.21,19.13,17.84,16.07,15.22
442.08,24.13,19.36,21.88,17.19,17.78,21.26,19.19,17.86,16.13,15.27
442.437,24.17,19.41,21.94,17.24,17.84,21.29,19.21,17.92,16.13,15.3
442.795,24.23,19.43,22.04,17.25,17.87,21.35,19.25,17.95,16.14,15.4
443.152,24.18,19.45,22.07,17.23,17.85,21.38,19.29,17.98,16.17,15.39
443.509,24.16,19.39,22.15,17.21,17.82,21.4,19.3,18.03,16.17,15.4
443.866,24.16,19.38,22.18,17.28,17.86,21.45,19.34,18.09,16.22,15.39
444.223,24.2,19.43,22.25,17.3,17.89,21.49,19.34,18.11,16.23,15.43
444.58,24.24,19.44,22.26,17.28,17.87,21.48,19.34,18.07,16.2,15.4
444.936,24.27,19.44,22.29,17.29,17.84,21.47,19.35,18.15,16.22,15.42
445.293,24.3,19.42,22.29,17.32,17.83,21.48,19.3,18.15,16.18,15.36
445.65,24.34,19.4,22.25,17.34,17.81,21.5,19.26,18.11,16.08,15.35
446.007,24.31,19.37,22.26,17.35,17.72,21.5,19.22,18.1,16.08,15.37
446.363,24.36,19.32,22.22,17.41,17.74,21.58,19.25,18.17,16.16,15.33
446.72,24.37,19.35,22.19,17.46,17.75,21.56,19.29,18.18,16.19,15.3
447.077,24.41,19.35,22.16,17.5,17.75,21.52,19.31,18.22,16.17,15.35
447.433,24.47,19.43,22.18,17.56,17.78,21.56,19.36,18.26,16.21,15.37
447.79,24.52,19.44,22.11,17.54,17.8,21.52,19.38,18.27,16.14,15.46
448.146,24.56,19.48,22.12,17.56,17.81,21.57,19.38,18.3,16.18,15.48
448.503,24.56,19.43,22.15,17.62,17.83,21.57,19.37,18.34,16.14,15.46
448.859,24.57,19.5,22.18,17.58,17.85,21.64,19.41,18.28,16.13,15.5
449.215,24.59,19.59,22.2,17.58,17.84,21.67,19.39,18.36,16.2,15.59
449.572,24.61,19.66,22.3,17.56,17.85,21.7,19.46,18.42,16.27,15.69
449.928,24.59,19.68,22.35,17.56,17.93,21.67,19.48,18.42,16.25,15.66
450.284,24.55,19.79,22.4,17.56,17.97,21.66,19.56,18.5,16.27,15.78
450.641,24.57,19.71,22.46,17.55,17.96,21.65,19.49,18.48,16.21,15.81
450.997,24.59,19.71,22.53,17.54,17.97,21.67,19.45,18.46,16.21,15.82
451.353,24.52,19.74,22.54,17.54,18.01,21.68,19.52,18.48,16.19,15.84
451.709,24.48,19.77,22.56,17.54,18,21.65,19.48,18.5,16.18,15.82
452.065,24.46,19.71,22.5,17.53,17.94,21.61,19.53,18.5,16.15,15.8
452.421,24.48,19.8,22.5,17.49,17.97,21.66,19.55,18.51,16.16,15.85
452.777,24.46,19.83,22.53,17.55,18,21.67,19.56,18.57,16.22,15.85
453.133,24.46,19.8,22.53,17.54,17.99,21.69,19.6,18.5,16.19,15.87
453.488,24.48,19.79,22.55,17.58,18,21.64,19.58,18.53,16.17,15.82
453.844,24.54,19.8,22.54,17.56,18.01,21.69,19.6,18.58,16.14,15.84
454.2,24.53,19.73,22.52,17.52,18,21.67,19.56,18.45,16.09,15.77
454.556,24.52,19.76,22.5,17.48,18.02,21.7,19.65,18.52,16.17,15.74
454.911,24.53,19.76,22.47,17.48,18.03,21.63,19.63,18.51,16.16,15.75
455.267,24.61,19.72,22.48,17.44,18.05,21.61,19.61,18.47,16.16,15.75
455.623,24.63,19.77,22.53,17.45,18.06,21.75,19.65,18.46,16.23,15.78
455.978,24.6,19.8,22.57,17.42,18.14,21.74,19.67,18.45,16.21,15.83
456.334,24.61,19.74,22.62,17.45,18.18,21.75,19.74,18.44,16.28,15.87
456.689,24.65,19.69,22.57,17.42,18.14,21.75,19.75,18.42,16.23,15.86
457.045,24.73,19.7,22.63,17.43,18.23,21.77,19.78,18.47,16.29,15.86
457.4,24.77,19.72,22.6,17.44,18.29,21.76,19.81,18.43,16.31,15.93
457.755,24.78,19.7,22.62,17.46,18.31,21.79,19.78,18.37,16.32,15.96
458.111,24.83,19.73,22.64,17.52,18.29,21.86,19.8,18.43,16.35,15.98
458.466,24.82,19.77,22.61,17.52,18.34,21.87,19.77,18.37,16.31,16.05
458.821,24.83,19.88,22.65,17.57,18.38,22.03,19.88,18.43,16.39,16.04
459.176,24.9,19.97,22.63,17.57,18.38,22.03,19.84,18.47,16.4,16.05
459.531,24.92,19.92,22.58,17.59,18.35,21.89,19.82,18.46,16.35,15.98
459.886,24.96,19.92,22.58,17.59,18.36,21.93,19.79,18.47,16.41,15.94
460.242,24.98,19.97,22.56,17.62,18.35,21.91,19.73,18.44,16.39,15.94
460.597,24.95,20.05,22.59,17.71,18.41,21.89,19.73,18.49,16.39,16.01
460.951,24.86,20.05,22.54,17.69,18.35,21.84,19.68,18.45,16.31,15.96
461.306,24.77,20.04,22.47,17.65,18.3,21.84,19.63,18.48,16.25,15.87
461.661,24.81,20.12,22.51,17.64,18.29,21.85,19.69,18.55,16.32,15.91
462.016,24.78,20.12,22.49,17.64,18.27,21.88,19.69,18.52,16.31,15.93
462.371,24.79,20.14,22.48,17.66,18.22,21.86,19.69,18.58,16.29,15.9
462.726,24.76,20.11,22.51,17.63,18.22,21.82,19.66,18.64,16.24,15.89
463.08,24.73,20.1,22.55,17.71,18.24,21.87,19.76,18.65,16.25,15.96
463.435,24.75,20.11,22.58,17.74,18.34,21.98,19.83,18.7,16.31,16.03
463.79,24.74,20.16,22.62,17.77,18.34,21.96,19.86,18.72,16.29,16.1
464.144,24.76,20.16,22.69,17.74,18.3,21.94,19.83,18.72,16.27,16.08
464.499,24.7,20.09,22.64,17.67,18.27,21.93,19.82,18.69,16.26,16.03
464.853,24.78,20.13,22.66,17.68,18.29,21.98,19.92,18.72,16.32,16.12
465.208,24.8,20.16,22.72,17.63,18.22,22.02,19.89,18.67,16.35,16.09
465.562,24.8,20.11,22.68,17.72,18.21,22,19.91,18.69,16.36,16.1
465.916,24.78,20.17,22.68,17.72,18.22,21.94,19.88,18.71,16.43,16.17
466.271,24.84,20.18,22.77,17.77,18.26,21.98,19.94,18.76,16.45,16.21
466.625,24.86,20.21,22.77,17.77,18.28,22,19.97,18.73,16.54,16.21
466.979,24.9,20.13,22.76,17.74,18.29,22.02,19.92,18.77,16.55,16.2
467.333,24.96,20.2,22.79,17.71,18.2,22.01,19.9,18.81,16.53,16.2
467.688,25,20.16,22.77,17.69,18.16,22,19.87,18.83,16.48,16.16
468.042,24.98,20.16,22.77,17.72,18.11,21.99,19.87,18.93,16.48,16.22
468.396,25.08,20.18,22.79,17.78,18.22,22.05,19.92,18.95,16.53,16.3
468.75,25.04,20.26,22.8,17.79,18.24,22.05,19.89,19,16.49,16.33
469.104,25.12,20.27,22.82,17.83,18.31,21.99,19.95,19.07,16.51,16.42
469.458,25.15,20.32,22.88,17.76,18.34,21.98,19.91,19.04,16.53,16.39
469.811,25.21,20.29,22.89,17.83,18.39,21.99,19.94,19.01,16.5,16.39
470.165,25.04,20.29,22.83,17.75,18.36,22.01,19.91,18.89,16.44,16.35
470.519,25.06,20.28,22.81,17.76,18.33,22.03,19.86,18.87,16.35,16.35
470.873,25,20.39,22.82,17.77,18.33,22.05,19.85,18.81,16.34,16.37
471.227,24.91,20.38,22.84,17.84,18.41,22.01,19.83,18.78,16.37,16.46
471.58,24.91,20.37,22.89,17.83,18.44,22.02,19.83,18.76,16.43,16.51
471.934,24.95,20.45,22.92,17.83,18.5,22.07,19.96,18.77,16.45,16.48
472.287,24.97,20.48,22.97,17.8,18.45,22.12,20,18.82,16.45,16.47
472.641,25.05,20.44,22.99,17.79,18.49,22.12,19.99,18.81,16.54,16.45
472.995,25.02,20.46,22.96,17.81,18.52,22.17,20.02,18.78,16.57,16.47
473.348,25.07,20.45,22.93,17.8,18.54,22.22,20.06,18.81,16.59,16.49
473.701,25.09,20.49,23.02,17.77,18.54,22.26,20.11,18.89,16.61,16.53
474.055,25.19,20.45,23.08,17.77,18.57,22.15,20.06,18.89,16.67,16.54
474.408,25.19,20.45,23.06,17.75,18.62,22.11,20.09,18.92,16.7,16.67
474.761,25.23,20.37,23.03,17.69,18.61,21.97,20.08,18.88,16.66,16.61
475.115,25.31,20.34,23.02,17.61,18.58,22.01,20.13,18.88,16.63,16.54
475.468,25.32,20.33,22.97,17.66,18.63,22.11,20.1,18.91,16.7,16.54
475.821,25.35,20.36,22.9,17.64,18.55,22.1,20.06,18.84,16.7,16.53
476.174,25.39,20.35,22.91,17.64,18.51,22.03,20.04,18.82,16.68,16.53
476.527,25.3,20.36,22.94,17.68,18.48,22.1,20.11,18.84,16.65,16.59
476.88,25.29,20.36,22.96,17.74,18.47,22.13,20.17,18.84,16.64,16.6
477.233,25.26,20.4,22.96,17.82,18.45,22.16,20.16,18.87,16.62,16.63
477.586,25.29,20.39,22.94,17.83,18.49,22.12,20.21,18.85,16.6,16.61
477.939,25.25,20.46,22.9,17.82,18.46,22.14,20.29,18.93,16.59,16.63
478.292,25.29,20.43,22.94,17.85,18.44,22.18,20.21,18.87,16.65,16.56
478.645,25.31,20.5,23.02,17.89,18.45,22.29,20.28,18.95,16.7,16.66
478.998,25.26,20.53,22.99,17.98,18.43,22.31,20.3,18.93,16.7,16.63
479.35,25.29,20.57,23.04,17.97,18.37,22.25,20.37,18.97,16.62,16.65
479.703,25.28,20.52,23.09,18.01,18.47,22.3,20.39,19.03,16.64,16.68
480.056,25.26,20.59,23.05,18.06,18.53,22.34,20.38,19,16.67,16.66
480.408,25.32,20.52,23.03,18.02,18.51,22.21,20.31,18.94,16.68,16.61
480.761,25.36,20.51,23.05,17.95,18.55,22.2,20.32,19.03,16.74,16.65
481.113,25.34,20.48,23.07,17.91,18.57,22.16,20.31,19.01,16.66,16.65
481.466,25.29,20.5,23.08,17.86,18.54,22.17,20.24,19.04,16.67,16.68
481.818,25.4,20.5,23.09,17.93,18.61,22.21,20.21,19.02,16.68,16.77
482.171,25.36,20.5,23.07,17.91,18.6,22.18,20.26,19.1,16.63,16.76
482.523,25.32,20.49,23.04,17.92,18.61,22.22,20.23,19.05,16.64,16.74
482.875,25.3,20.54,23.06,17.92,18.65,22.2,20.21,19.11,16.65,16.77
483.228,25.25,20.58,23.02,17.91,18.7,22.26,20.17,19.11,16.65,16.8
483.58,25.21,20.57,23,17.94,18.66,22.21,20.14,19.1,16.64,16.83
483.932,25.15,20.5,22.99,17.9,18.61,22.22,20.11,19.11,16.63,16.86
484.284,25.1,20.47,22.94,17.87,18.59,22.2,20.12,19.13,16.62,16.85
484.636,25.08,20.42,22.92,17.84,18.58,22.16,20,19.06,16.53,16.8
484.988,25.05,20.4,22.85,17.82,18.54,22.09,19.95,19,16.53,16.77
485.34,25.05,20.37,22.82,17.78,18.48,22.05,19.95,18.93,16.55,16.78
485.692,25.01,20.33,22.8,17.7,18.4,22.05,19.92,18.93,16.54,16.73
486.044,24.97,20.29,22.75,17.64,18.3,22,19.89,18.87,16.55,16.72
486.396,25,20.22,22.72,17.59,18.24,21.88,19.87,18.84,16.52,16.69
486.748,24.98,20.16,22.68,17.55,18.2,21.9,19.86,18.83,16.48,16.7
487.1,24.95,20.12,22.66,17.56,18.13,21.84,19.84,18.78,16.45,16.72
487.451,24.95,20.12,22.62,17.56,18.16,21.82,19.87,18.79,16.46,16.72
487.803,24.97,20.12,22.63,17.54,18.19,21.76,19.83,18.79,16.44,16.72
488.155,25,20.11,22.7,17.54,18.21,21.83,19.82,18.8,16.42,16.73
488.506,24.97,20.18,22.72,17.63,18.19,21.85,19.85,18.86,16.46,16.75
488.858,25.01,20.2,22.75,17.65,18.19,21.88,19.92,18.88,16.45,16.74
489.209,24.99,20.19,22.72,17.68,18.24,21.91,19.95,18.91,16.44,16.71
489.561,24.98,20.2,22.72,17.74,18.29,21.91,20.01,18.96,16.44,16.73
489.912,24.98,20.25,22.76,17.8,18.39,21.95,20.05,18.99,16.38,16.75
490.264,24.94,20.25,22.78,17.81,18.44,22,20.07,19.01,16.36,16.75
490.615,24.97,20.25,22.83,17.81,18.47,22,20.1,19.03,16.39,16.77
490.966,24.95,20.2,22.82,17.76,18.47,21.99,20.13,19.05,16.38,16.74
491.318,24.97,20.15,22.79,17.69,18.47,22,20.12,19.05,16.36,16.73
491.669,24.9,20.13,22.74,17.7,18.43,21.98,20.16,19.03,16.34,16.7
492.02,24.88,20.13,22.68,17.74,18.44,21.93,20.17,19.01,16.32,16.71
492.371,24.9,20.05,22.64,17.64,18.42,21.87,20.16,18.97,16.25,16.71
492.722,24.85,20.02,22.59,17.58,18.42,21.82,20.11,18.92,16.24,16.74
493.073,24.86,20,22.61,17.58,18.36,21.77,20.03,18.89,16.18,16.74
493.424,24.88,19.99,22.63,17.49,18.33,21.72,19.95,18.83,16.15,16.71
493.775,24.86,19.98,22.6,17.44,18.25,21.69,19.9,18.82,16.17,16.69
494.126,24.86,20.01,22.58,17.49,18.24,21.67,19.84,18.85,16.18,16.73
494.477,24.85,19.98,22.59,17.51,18.22,21.64,19.81,18.87,16.19,16.72
494.828,24.89,20.07,22.66,17.61,18.31,21.65,19.82,18.87,16.24,16.72
495.179,24.91,20.16,22.8,17.67,18.32,21.67,19.81,18.85,16.23,16.76
495.53,24.97,20.22,22.87,17.69,18.34,21.73,19.88,18.85,16.28,16.81
495.88,24.94,20.2,22.79,17.61,18.32,21.73,19.87,18.87,16.3,16.79
496.231,24.89,20.19,22.81,17.61,18.34,21.75,19.84,18.86,16.31,16.77
496.582,24.92,20.17,22.86,17.65,18.34,21.76,19.83,18.94,16.36,16.78
496.932,24.96,20.21,22.9,17.61,18.4,21.83,19.87,19.01,16.36,16.83
497.283,24.95,20.23,22.88,17.64,18.38,21.86,19.92,19.01,16.35,16.83
497.633,24.97,20.23,22.86,17.66,18.44,21.89,19.99,19.02,16.42,16.89
497.984,24.99,20.2,22.83,17.58,18.42,21.86,20.03,18.96,16.4,16.84
498.334,25,20.23,22.8,17.5,18.4,21.8,20.02,18.88,16.35,16.87
498.684,25.02,20.19,22.71,17.44,18.35,21.8,19.98,18.89,16.34,16.87
499.035,24.95,20.11,22.68,17.39,18.37,21.8,20,18.86,16.36,16.85
499.385,24.94,20.05,22.68,17.35,18.31,21.81,19.93,18.91,16.32,16.88
499.735,24.97,20.16,22.79,17.45,18.33,21.86,19.97,18.92,16.33,16.9
500.086,25,20.18,22.76,17.46,18.34,21.86,20.04,18.94,16.33,16.91
500.436,24.97,20.17,22.72,17.41,18.37,21.93,20.06,18.95,16.29,16.92
500.786,24.99,20.12,22.7,17.52,18.32,21.86,20.05,18.92,16.31,16.9
501.136,25.01,20.05,22.71,17.5,18.38,21.87,20.01,18.94,16.36,16.95
501.486,25.06,20.04,22.8,17.51,18.34,21.81,19.96,18.95,16.29,16.92
501.836,25.06,20.1,22.91,17.6,18.38,21.87,19.95,19.04,16.3,17.01
502.186,25.1,20.14,22.92,17.65,18.41,21.91,19.95,19.1,16.34,17.06
502.536,25.15,20.18,23.01,17.62,18.43,21.95,19.98,19.15,16.39,17.16
502.886,25.18,20.2,22.98,17.59,18.4,21.85,19.95,19.15,16.34,17.15
503.235,25.18,20.24,22.96,17.61,18.46,21.87,19.99,19.13,16.36,17.14
503.585,25.21,20.17,22.95,17.57,18.48,21.84,19.9,19.15,16.33,17.12
503.935,25.24,20.16,22.93,17.58,18.45,21.85,19.87,19.08,16.38,17.14
504.285,25.26,20.21,22.9,17.62,18.47,21.79,19.89,19.11,16.4,17.16
504.634,25.22,20.16,22.89,17.59,18.51,21.85,19.89,19.03,16.42,17.22
504.984,25.23,20.27,22.89,17.68,18.49,21.84,19.96,19.08,16.48,17.24
505.333,25.23,20.28,22.85,17.67,18.51,21.86,19.99,19.12,16.48,17.29
505.683,25.23,20.19,22.76,17.61,18.54,21.83,19.98,19.04,16.49,17.26
506.032,25.14,20.13,22.77,17.66,18.51,21.82,20.02,19.02,16.5,17.25
506.382,25.07,20.11,22.71,17.67,18.55,21.78,20,19.01,16.46,17.21
506.731,25.09,20.06,22.68,17.69,18.51,21.87,20.05,19.02,16.52,17.31
507.08,25.05,20.04,22.6,17.64,18.47,21.8,19.99,18.98,16.45,17.27
507.43,25.01,20.04,22.58,17.67,18.45,21.72,20.07,18.95,16.47,17.29
507.779,25.02,20.08,22.61,17.67,18.49,21.66,20.06,18.99,16.46,17.31
508.128,24.99,20.02,22.64,17.69,18.41,21.66,20.01,18.96,16.48,17.29
508.477,24.94,20.09,22.62,17.67,18.44,21.62,20.01,19.05,16.48,17.26
508.826,24.86,19.99,22.62,17.65,18.39,21.62,19.98,18.93,16.41,17.24
509.176,24.78,19.98,22.53,17.58,18.36,21.6,19.94,18.86,16.41,17.16
509.525,24.79,20.05,22.53,17.57,18.31,21.64,20.01,18.92,16.44,17.15
509.874,24.87,20.03,22.52,17.5,18.28,21.57,19.94,18.9,16.43,17.08
510.222,24.87,20.04,22.53,17.5,18.25,21.56,19.97,18.85,16.39,17.07
510.571,24.81,20.03,22.51,17.5,18.26,21.48,19.85,18.82,16.38,17.02
510.92,24.86,20.02,22.53,17.48,18.27,21.46,19.8,18.88,16.45,17.07
511.269,24.87,20.05,22.58,17.39,18.28,21.52,19.72,18.86,16.47,17.15
511.618,24.84,19.92,22.57,17.31,18.21,21.56,19.7,18.81,16.43,17.14
511.967,24.84,19.94,22.54,17.28,18.24,21.54,19.65,18.71,16.37,17.13
512.315,24.82,19.89,22.54,17.22,18.08,21.48,19.55,18.65,16.31,17.15
512.664,24.86,19.91,22.47,17.09,18.07,21.4,19.52,18.73,16.28,17.15
513.012,24.9,19.83,22.49,17.1,18.05,21.37,19.46,18.68,16.2,17.26
513.361,24.88,19.76,22.52,17.11,18.04,21.34,19.42,18.59,16.17,17.33
513.71,24.81,19.73,22.46,17.09,18.02,21.33,19.42,18.53,16.16,17.36
514.058,24.77,19.67,22.46,17.04,18,21.38,19.31,18.46,16.18,17.39
514.406,24.75,19.61,22.4,16.97,18,21.39,19.32,18.37,16.09,17.34
514.755,24.76,19.52,22.34,16.96,17.96,21.37,19.29,18.24,15.98,17.27
515.103,24.67,19.47,22.29,16.94,17.9,21.29,19.31,18.18,15.88,17.22
515.451,24.64,19.56,22.27,16.96,17.93,21.34,19.37,18.24,15.93,17.29
515.8,24.63,19.57,22.25,16.9,17.86,21.36,19.34,18.3,15.96,17.37
516.148,24.58,19.59,22.24,16.88,17.91,21.29,19.37,18.25,15.96,17.3
516.496,24.52,19.55,22.22,16.87,17.91,21.27,19.32,18.21,15.94,17.22
516.844,24.46,19.54,22.2,16.83,17.9,21.22,19.27,18.16,15.98,17.16
517.192,24.35,19.55,22.06,16.76,17.85,21.17,19.2,18.12,15.94,17.08
517.54,24.3,19.49,22,16.7,17.78,21.14,19.13,18.05,15.9,17.07
517.888,24.23,19.43,21.93,16.69,17.71,21,19.16,18.05,15.8,17.03
518.236,24.24,19.5,21.97,16.69,17.67,20.93,19.15,18.08,15.86,17.04
518.584,24.2,19.6,22.06,16.71,17.69,20.94,19.17,18.16,15.93,17.17
518.932,24.25,19.57,21.97,16.69,17.68,21,19.11,18.14,15.96,17.19
519.28,24.23,19.51,21.91,16.65,17.63,20.84,19.01,18.02,15.83,17.12
519.628,24.17,19.46,21.89,16.62,17.62,20.77,19.01,17.95,15.8,17.08
519.975,24.18,19.38,21.78,16.58,17.6,20.79,18.98,17.92,15.75,17.11
520.323,24.14,19.35,21.76,16.6,17.54,20.84,18.94,17.81,15.73,17.22
520.671,24.15,19.32,21.77,16.6,17.53,20.85,19.01,17.83,15.73,17.27
521.018,24.22,19.25,21.8,16.57,17.45,20.84,18.99,17.88,15.7,17.3
521.366,24.16,19.36,21.81,16.68,17.49,20.79,19.08,17.93,15.72,17.37
521.713,24.15,19.43,21.76,16.61,17.5,20.78,19.06,17.92,15.79,17.43
522.061,24.15,19.42,21.74,16.57,17.41,20.73,19.02,17.94,15.77,17.43
522.408,24.03,19.31,21.57,16.52,17.3,20.67,18.97,17.82,15.69,17.34
522.756,23.94,19.28,21.57,16.47,17.25,20.56,18.97,17.79,15.62,17.35
523.103,23.88,19.29,21.56,16.42,17.17,20.56,18.93,17.77,15.64,17.34
523.45,23.83,19.2,21.48,16.43,17.1,20.51,18.89,17.7,15.57,17.28
523.798,23.73,19.18,21.46,16.41,17.05,20.44,18.89,17.67,15.53,17.25
524.145,23.77,19.18,21.48,16.29,17.07,20.38,18.88,17.7,15.49,17.2
524.492,23.71,19.31,21.42,16.3,16.99,20.4,18.8,17.71,15.54,17.18
524.839,23.56,19.21,21.38,16.18,16.94,20.31,18.73,17.57,15.51,17.13
525.186,23.55,19.08,21.26,16,16.86,20.32,18.61,17.49,15.44,17.03
525.533,23.5,18.95,21.26,16.02,16.75,20.27,18.52,17.41,15.37,17.02
525.88,23.4,18.85,21.23,15.97,16.75,20.27,18.49,17.35,15.26,17.01
526.227,23.39,18.87,21.27,15.97,16.8,20.23,18.48,17.33,15.31,16.98
526.574,23.42,18.81,21.26,16.08,16.87,20.33,18.47,17.4,15.37,16.95
526.921,23.39,18.84,21.28,16.04,16.93,20.34,18.45,17.39,15.37,16.97
527.268,23.38,18.82,21.28,15.96,16.95,20.36,18.41,17.35,15.42,16.96
527.615,23.41,18.77,21.26,15.81,16.88,20.31,18.3,17.32,15.33,16.92
527.961,23.28,18.81,21.25,15.79,16.82,20.31,18.31,17.33,15.37,16.92
528.308,23.33,18.64,21.24,15.76,16.8,20.18,18.36,17.26,15.31,16.9
528.655,23.33,18.7,21.2,15.8,16.79,20.22,18.32,17.32,15.3,16.89
529.001,23.33,18.73,21.28,15.83,16.89,20.28,18.32,17.38,15.3,16.94
529.348,23.36,18.75,21.27,15.84,16.91,20.3,18.34,17.44,15.29,16.9
529.694,23.4,18.8,21.27,15.85,16.91,20.38,18.35,17.43,15.35,16.9
530.041,23.4,18.79,21.29,15.86,16.92,20.38,18.37,17.5,15.34,16.97
530.387,23.32,18.82,21.25,15.79,16.85,20.32,18.39,17.49,15.31,16.94
530.734,23.31,18.75,21.19,15.82,16.8,20.25,18.44,17.46,15.36,16.93
531.08,23.22,18.74,21.19,15.79,16.73,20.17,18.41,17.48,15.28,16.91
531.426,23.23,18.75,21.15,15.94,16.78,20.19,18.48,17.5,15.35,16.93
531.773,23.22,18.6,21.1,15.97,16.77,20.17,18.36,17.5,15.24,16.92
532.119,23.17,18.62,21.03,15.93,16.83,20.2,18.29,17.55,15.23,16.9
532.465,23.22,18.64,21.07,16.03,16.87,20.17,18.33,17.5,15.22,16.96
532.811,23.23,18.67,21.09,16.05,16.8,20.06,18.33,17.42,15.3,16.89
533.157,23.13,18.66,20.95,15.92,16.77,20,18.33,17.38,15.28,16.78
533.503,23.07,18.63,20.93,15.91,16.75,19.9,18.29,17.41,15.3,16.75
533.849,23.08,18.6,20.85,15.89,16.72,19.87,18.22,17.41,15.29,16.71
534.195,23.03,18.58,20.83,15.9,16.67,19.91,18.15,17.33,15.32,16.75
534.541,23.08,18.61,20.85,15.9,16.65,19.94,18.06,17.39,15.33,16.74
534.887,23.18,18.65,20.79,15.96,16.76,19.98,18.08,17.5,15.35,16.74
535.233,23.17,18.64,20.84,15.9,16.73,20.02,18.07,17.5,15.36,16.72
535.579,23.18,18.79,20.8,15.94,16.82,20.02,18.09,17.49,15.44,16.72
535.924,23.16,18.85,20.86,15.91,16.83,20.02,18.08,17.56,15.43,16.81
536.27,23.11,18.77,20.79,15.76,16.84,20.02,18.02,17.58,15.43,16.68
536.616,23.1,18.73,20.8,15.74,16.86,20.06,18.06,17.7,15.42,16.71
536.961,23.18,18.79,20.97,15.87,16.93,20.09,18.1,17.75,15.5,16.81
537.307,23.22,18.68,20.96,15.9,16.85,20.07,18.11,17.7,15.4,16.79
537.652,23.24,18.66,21.04,15.87,16.82,20.03,18.1,17.68,15.39,16.69
537.998,23.23,18.64,21.01,15.79,16.83,19.96,18.06,17.66,15.31,16.61
538.343,23.15,18.52,20.93,15.7,16.78,19.92,18,17.61,15.27,16.52
538.689,23.08,18.52,20.99,15.65,16.74,19.9,18.03,17.53,15.31,16.53
539.034,23.05,18.43,21,15.67,16.73,19.86,17.96,17.52,15.25,16.52
539.379,23.03,18.33,20.99,15.62,16.7,19.85,18.01,17.51,15.32,16.53
539.725,23.02,18.14,20.99,15.56,16.65,19.77,18.04,17.41,15.31,16.37
540.07,23.03,18.14,20.97,15.57,16.57,19.72,17.99,17.41,15.34,16.35
540.415,22.99,18.07,20.77,15.49,16.46,19.57,17.82,17.26,15.18,16.19
540.76,22.85,18.01,20.62,15.37,16.37,19.49,17.7,17.2,15.09,16.12
541.105,22.72,17.98,20.61,15.26,16.3,19.45,17.63,17.16,15.07,16.05
541.45,22.59,17.95,20.46,15.24,16.29,19.42,17.64,17.03,15.05,16.08
541.795,22.53,17.86,20.41,15.11,16.21,19.37,17.55,16.98,14.96,15.97
542.14,22.43,17.71,20.35,14.95,16.14,19.26,17.49,16.87,14.81,15.88
542.485,22.28,17.5,20.25,14.81,16.08,19.19,17.36,16.84,14.69,15.71
542.83,22.14,17.32,20.04,14.62,15.95,19.07,17.17,16.71,14.62,15.49
543.175,22.01,17.15,19.92,14.42,15.72,18.96,16.98,16.52,14.38,15.3
543.519,21.82,17.09,19.75,14.33,15.55,18.84,16.79,16.42,14.21,15.16
543.864,21.58,16.93,19.62,14.16,15.43,18.74,16.58,16.24,14,14.98
544.209,21.4,16.68,19.53,13.93,15.23,18.6,16.44,16.02,13.88,14.87
544.554,21.33,16.41,19.36,13.68,14.98,18.43,16.13,15.77,13.66,14.58
544.898,21.12,16.14,19.16,13.49,14.8,18.27,15.88,15.5,13.51,14.31
545.243,20.89,15.88,18.96,13.27,14.51,18.09,15.54,15.32,13.22,14
545.587,20.7,15.65,18.81,13.07,14.3,17.82,15.3,15.08,13.07,13.83
545.932,20.53,15.52,18.57,12.99,14.08,17.63,15.05,14.86,12.88,13.63
546.276,20.42,15.29,18.42,12.81,13.77,17.32,14.74,14.54,12.69,13.35
546.621,20.32,15.26,18.35,12.71,13.6,17.12,14.69,14.39,12.62,13.24
546.965,20.18,15.1,18.24,12.57,13.42,16.91,14.53,14.27,12.55,13.07
547.309,19.99,14.95,18.09,12.41,13.24,16.83,14.28,14.09,12.49,12.9
547.653,19.93,14.78,17.95,12.3,13.09,16.7,14.24,13.96,12.34,12.85
547.998,19.92,14.77,17.93,12.36,13.09,16.74,14.23,13.96,12.26,12.77
548.342,19.86,14.72,17.9,12.31,13.01,16.67,14.26,13.92,12.19,12.68
548.686,19.88,14.76,17.85,12.26,13.09,16.67,14.32,14.05,12.23,12.72
549.03,19.96,14.78,17.88,12.24,13.12,16.63,14.35,14.08,12.27,12.77
549.374,20.01,14.81,17.86,12.29,13.2,16.69,14.46,14.16,12.35,12.84
549.718,20.07,14.88,17.99,12.39,13.32,16.79,14.56,14.27,12.52,12.89
550.062,20.11,15.04,18.01,12.49,13.54,17.03,14.73,14.39,12.62,13.11
550.406,20.19,15.16,18.09,12.6,13.67,17.19,14.73,14.45,12.67,13.22
550.75,20.2,15.29,18.13,12.74,13.81,17.25,14.81,14.5,12.74,13.29
551.094,20.38,15.33,18.17,12.8,13.91,17.26,14.99,14.58,12.82,13.37
551.437,20.51,15.44,18.3,12.92,14.07,17.34,15.04,14.69,12.95,13.44
551.781,20.54,15.51,18.32,12.86,14.15,17.37,15.08,14.72,13.11,13.53
552.125,20.57,15.62,18.32,13,14.32,17.45,15.23,14.81,13.29,13.68
552.468,20.66,15.66,18.4,13.1,14.39,17.51,15.25,14.8,13.32,13.78
552.812,20.67,15.75,18.44,13.16,14.47,17.59,15.35,14.91,13.49,13.83
553.156,20.74,15.85,18.52,13.21,14.52,17.66,15.4,15.03,13.6,13.86
553.499,20.78,15.92,18.64,13.23,14.54,17.71,15.46,15.09,13.64,13.94
553.843,20.89,15.92,18.65,13.31,14.52,17.75,15.55,15.15,13.78,13.98
554.186,20.8,15.85,18.62,13.27,14.5,17.72,15.58,15.21,13.78,14.09
554.529,20.85,15.77,18.6,13.24,14.5,17.76,15.54,15.26,13.77,14.02
554.873,20.85,15.78,18.7,13.35,14.56,17.88,15.53,15.31,13.84,14.13
555.216,20.88,15.83,18.8,13.39,14.57,17.94,15.6,15.38,13.92,14.23
555.559,20.88,15.84,18.83,13.51,14.63,17.95,15.64,15.47,13.93,14.27
555.902,20.83,15.85,18.91,13.52,14.56,18,15.56,15.48,13.96,14.24
556.246,20.81,15.88,18.95,13.49,14.57,18.02,15.51,15.49,13.96,14.22
556.589,20.81,15.83,19.1,13.58,14.57,18.04,15.56,15.52,13.97,14.26
556.932,20.77,15.73,19.07,13.58,14.57,18.04,15.47,15.44,13.94,14.22
557.275,20.75,15.67,18.95,13.6,14.63,18.03,15.39,15.37,13.97,14.2
557.618,20.69,15.65,19.01,13.62,14.67,17.99,15.36,15.43,14.01,14.16
557.961,20.77,15.75,18.99,13.68,14.75,18.02,15.36,15.45,14.11,14.13
558.304,20.71,15.73,18.99,13.67,14.76,17.95,15.34,15.42,14.18,14.2
558.646,20.72,15.75,18.97,13.63,14.81,17.89,15.4,15.5,14.15,14.17
558.989,20.61,15.74,18.8,13.64,14.84,17.85,15.39,15.51,14.21,14.12
559.332,20.52,15.67,18.73,13.61,14.78,17.83,15.28,15.44,14.29,14.09
559.675,20.48,15.66,18.7,13.59,14.87,17.77,15.26,15.5,14.25,14.19
560.017,20.4,15.64,18.62,13.62,14.85,17.68,15.28,15.51,14.32,14.22
560.36,20.37,15.74,18.47,13.57,14.83,17.66,15.22,15.46,14.33,14.18
560.703,20.27,15.67,18.5,13.57,14.75,17.56,15.24,15.5,14.34,14.18
561.045,20.19,15.67,18.4,13.54,14.71,17.54,15.25,15.59,14.32,14.16
561.388,20.05,15.63,18.31,13.44,14.59,17.52,15.2,15.47,14.26,14.13
561.73,20,15.52,18.37,13.43,14.51,17.48,15.27,15.4,14.22,14.05
562.073,19.99,15.49,18.4,13.44,14.5,17.56,15.28,15.43,14.15,14.06
562.415,19.87,15.45,18.3,13.28,14.41,17.48,15.15,15.31,14.21,14.01
562.757,19.81,15.34,18.26,13.19,14.29,17.43,15.05,15.16,14.09,13.91
563.1,19.82,15.33,18.32,13.15,14.25,17.51,15.12,15.21,14.03,13.82
563.442,19.81,15.31,18.36,13.17,14.17,17.53,15.14,15.1,14.03,13.7
563.784,19.8,15.26,18.34,13.12,14.12,17.54,15.15,15.06,14,13.63
564.126,19.75,15.16,18.29,13.06,14,17.52,15.05,14.97,13.92,13.52
564.468,19.79,15.21,18.21,13.04,14.04,17.56,15.06,14.97,13.94,13.53
564.81,19.78,15.15,18.26,12.94,13.96,17.58,15,14.82,13.94,13.46
565.152,19.83,15.19,18.26,12.96,14.01,17.47,15.01,14.91,13.97,13.43
565.494,19.75,15.15,18.14,12.89,13.98,17.36,14.87,14.9,13.89,13.31
565.836,19.68,15.18,18.14,12.83,13.95,17.35,14.85,14.84,13.91,13.26
566.178,19.65,15.19,18.09,12.93,13.99,17.38,14.79,14.83,13.86,13.26
566.52,19.67,15.26,18.16,13.01,14.02,17.35,14.81,14.87,13.89,13.27
566.862,19.59,15.22,18.1,12.93,13.92,17.19,14.69,14.81,13.83,13.2
567.204,19.53,15.16,18.06,12.91,13.92,17.15,14.62,14.78,13.8,13.12
567.545,19.41,15.09,17.98,12.92,13.86,17.18,14.56,14.7,13.78,13.03
567.887,19.45,15.04,18.01,12.88,13.95,17.24,14.58,14.68,13.8,13.06
568.229,19.36,15,17.98,12.83,13.93,17.22,14.54,14.62,13.73,12.87
568.57,19.35,15.02,17.94,12.95,14.01,17.23,14.56,14.67,13.78,12.85
568.912,19.32,14.97,17.94,12.99,14.03,17.3,14.54,14.62,13.77,12.87
569.253,19.33,14.94,17.9,13.01,13.95,17.35,14.54,14.62,13.85,12.86
569.595,19.32,14.9,17.8,13.03,13.92,17.36,14.59,14.67,13.85,12.84
569.936,19.35,14.87,17.8,13.05,13.89,17.34,14.57,14.7,13.88,12.78
570.277,19.26,14.79,17.67,12.95,13.88,17.27,14.43,14.7,13.86,12.73
570.619,19.18,14.81,17.6,12.94,13.94,17.32,14.42,14.7,13.87,12.74
570.96,19.17,14.8,17.48,12.92,13.92,17.25,14.47,14.72,13.89,12.74
571.301,19.19,14.73,17.48,12.9,13.97,17.17,14.42,14.77,13.9,12.72
571.642,19.12,14.66,17.4,12.87,13.95,17.08,14.37,14.81,13.87,12.68
571.984,19.06,14.59,17.34,12.84,13.84,17.08,14.32,14.82,13.83,12.65
572.325,19.01,14.59,17.33,12.79,13.8,17.01,14.25,14.82,13.8,12.63
572.666,18.99,14.56,17.3,12.7,13.71,16.95,14.18,14.78,13.81,12.54
573.007,18.93,14.54,17.31,12.68,13.74,16.89,14.15,14.78,13.83,12.48
573.348,18.91,14.52,17.34,12.65,13.73,16.84,14.05,14.72,13.84,12.42
573.689,18.83,14.46,17.28,12.58,13.67,16.78,14.01,14.66,13.8,12.37
574.03,18.83,14.5,17.32,12.59,13.65,16.81,14.04,14.69,13.87,12.34
574.37,18.86,14.47,17.33,12.61,13.6,16.82,14.04,14.68,13.88,12.33
574.711,18.86,14.45,17.34,12.61,13.59,16.86,13.98,14.7,13.89,12.31
575.052,18.83,14.48,17.33,12.64,13.58,16.86,13.99,14.68,13.91,12.28
575.393,18.81,14.47,17.3,12.63,13.52,16.83,13.95,14.65,13.9,12.24
575.733,18.8,14.44,17.32,12.62,13.52,16.79,13.9,14.6,13.93,12.18
576.074,18.78,14.38,17.27,12.6,13.51,16.78,13.9,14.55,13.93,12.16
576.414,18.71,14.34,17.26,12.59,13.51,16.78,13.91,14.56,13.9,12.13
576.755,18.7,14.31,17.26,12.59,13.48,16.8,13.87,14.54,13.92,12.12
577.095,18.67,14.28,17.24,12.58,13.44,16.77,13.87,14.53,13.91,12.1
577.436,18.62,14.25,17.23,12.57,13.43,16.76,13.84,14.48,13.92,12.03
577.776,18.56,14.19,17.17,12.54,13.4,16.74,13.8,14.42,13.84,11.99
578.117,18.5,14.13,17.12,12.48,13.37,16.69,13.76,14.4,13.79,11.91
578.457,18.46,14.09,17.1,12.45,13.34,16.67,13.72,14.38,13.77,11.87
578.797,18.43,14.05,17.07,12.4,13.28,16.65,13.66,14.36,13.71,11.82
579.137,18.35,14.02,17.08,12.37,13.28,16.63,13.63,14.3,13.69,11.78
579.478,18.3,14.03,17.02,12.34,13.26,16.62,13.63,14.3,13.69,11.76
579.818,18.24,14.02,17.01,12.33,13.22,16.6,13.63,14.3,13.69,11.72
580.158,18.24,14,16.97,12.31,13.19,16.56,13.59,14.24,13.66,11.67
580.498,18.22,13.98,16.93,12.28,13.16,16.52,13.57,14.21,13.62,11.61
580.838,18.22,13.96,16.91,12.28,13.15,16.5,13.52,14.2,13.59,11.58
581.178,18.2,13.92,16.88,12.27,13.12,16.46,13.49,14.2,13.55,11.56
581.518,18.2,13.87,16.86,12.27,13.1,16.42,13.48,14.2,13.55,11.53
581.858,18.18,13.84,16.84,12.26,13.11,16.42,13.44,14.18,13.57,11.51
582.197,18.14,13.81,16.81,12.23,13.11,16.39,13.41,14.13,13.55,11.49
582.537,18.1,13.8,16.78,12.19,13.08,16.37,13.38,14.09,13.56,11.45
582.877,18.11,13.77,16.72,12.18,13.04,16.34,13.36,14.1,13.55,11.42
583.217,18.12,13.73,16.75,12.19,13.02,16.34,13.32,14.07,13.51,11.4
583.556,18.1,13.7,16.71,12.17,13.01,16.3,13.27,14.04,13.45,11.34
583.896,18.09,13.68,16.7,12.17,12.99,16.29,13.23,14.04,13.45,11.34
584.235,18.03,13.67,16.67,12.13,13.01,16.33,13.23,14.06,13.43,11.34
584.575,17.98,13.65,16.63,12.09,13,16.34,13.24,14.03,13.41,11.32
584.914,17.96,13.67,16.65,12.09,13.02,16.37,13.23,14.03,13.42,11.32
585.254,17.96,13.67,16.65,12.08,13,16.36,13.22,14.02,13.4,11.31
585.593,17.96,13.66,16.64,12.06,12.98,16.35,13.2,14,13.4,11.31
585.933,17.96,13.63,16.61,12.04,12.94,16.33,13.18,14,13.38,11.26
586.272,17.93,13.6,16.61,12.05,12.94,16.32,13.18,13.99,13.36,11.26
586.611,17.92,13.57,16.61,12.06,12.93,16.34,13.17,14,13.37,11.22
586.95,17.87,13.53,16.57,12.03,12.93,16.3,13.18,13.99,13.37,11.2
587.289,17.86,13.51,16.54,12.03,12.91,16.32,13.16,13.99,13.37,11.22
587.629,17.83,13.48,16.52,12.01,12.9,16.34,13.15,13.99,13.37,11.19
587.968,17.81,13.45,16.52,11.99,12.87,16.32,13.12,13.95,13.37,11.16
588.307,17.82,13.41,16.5,11.96,12.86,16.3,13.09,13.95,13.38,11.13
588.646,17.81,13.36,16.45,11.93,12.8,16.27,13.05,13.9,13.32,11.05
588.985,17.75,13.35,16.43,11.89,12.77,16.28,13.03,13.86,13.3,11.05
589.323,17.75,13.35,16.42,11.88,12.75,16.24,13.02,13.84,13.27,11.01
589.662,17.72,13.34,16.4,11.86,12.73,16.24,13,13.82,13.27,11.02
590.001,17.76,13.33,16.39,11.84,12.75,16.24,12.97,13.83,13.26,11.02
590.34,17.73,13.33,16.38,11.82,12.71,16.24,12.96,13.81,13.22,11
590.679,17.75,13.37,16.35,11.82,12.71,16.27,12.95,13.83,13.22,11.02
591.017,17.73,13.37,16.35,11.76,12.69,16.25,12.93,13.81,13.22,10.97
591.356,17.71,13.35,16.36,11.73,12.64,16.25,12.93,13.79,13.18,10.95
591.695,17.72,13.37,16.37,11.78,12.65,16.23,12.94,13.78,13.17,10.96
592.033,17.69,13.36,16.37,11.77,12.61,16.2,12.89,13.76,13.14,10.95
592.372,17.66,13.35,16.37,11.75,12.61,16.16,12.89,13.76,13.16,10.96
592.71,17.64,13.31,16.32,11.72,12.62,16.09,12.81,13.74,13.17,10.89
593.048,17.58,13.23,16.28,11.68,12.59,16.11,12.75,13.7,13.12,10.88
593.387,17.53,13.21,16.26,11.66,12.56,16.05,12.72,13.67,13.1,10.79
593.725,17.46,13.19,16.22,11.65,12.5,16,12.71,13.6,13.08,10.74
594.063,17.45,13.2,16.22,11.61,12.5,15.94,12.71,13.53,13.12,10.75
594.402,17.37,13.16,16.21,11.56,12.46,15.89,12.65,13.48,13.1,10.72
594.74,17.36,13.14,16.17,11.62,12.43,15.85,12.64,13.44,13.09,10.71
595.078,17.34,13.09,16.08,11.62,12.44,15.8,12.62,13.43,13.09,10.69
595.416,17.32,13.04,16.03,11.52,12.38,15.76,12.57,13.39,13.04,10.62
595.754,17.31,13.01,16.01,11.49,12.36,15.75,12.55,13.35,13.03,10.59
596.092,17.28,13,16,11.47,12.35,15.77,12.58,13.34,12.98,10.61
596.43,17.24,12.96,15.97,11.45,12.3,15.77,12.58,13.34,12.94,10.57
596.768,17.23,12.99,15.98,11.46,12.29,15.72,12.6,13.37,12.96,10.55
597.106,17.21,12.97,15.97,11.49,12.31,15.72,12.63,13.38,12.95,10.58
597.444,17.17,12.92,15.95,11.44,12.31,15.68,12.6,13.36,12.95,10.57
597.781,17.14,12.85,15.91,11.4,12.31,15.69,12.53,13.35,12.89,10.54
598.119,17.11,12.8,15.91,11.39,12.3,15.67,12.48,13.32,12.86,10.48
598.457,17.1,12.76,15.93,11.32,12.3,15.66,12.43,13.3,12.83,10.48
598.795,17.05,12.78,15.95,11.32,12.27,15.67,12.42,13.27,12.81,10.48
599.132,17.03,12.76,15.91,11.33,12.27,15.66,12.4,13.24,12.82,10.5
599.47,16.99,12.75,15.88,11.32,12.25,15.63,12.33,13.23,12.81,10.47
599.807,16.99,12.76,15.82,11.3,12.23,15.58,12.26,13.18,12.79,10.43
600.145,17.01,12.76,15.84,11.34,12.25,15.58,12.26,13.16,12.81,10.45
600.482,17.01,12.74,15.81,11.31,12.25,15.57,12.26,13.11,12.77,10.4
600.82,17.03,12.68,15.77,11.3,12.2,15.58,12.23,13.04,12.78,10.36
601.157,17.06,12.69,15.76,11.29,12.16,15.62,12.22,13.11,12.78,10.35
601.494,17.04,12.69,15.73,11.27,12.16,15.62,12.22,13.11,12.79,10.33
601.831,17.04,12.66,15.73,11.24,12.11,15.58,12.21,13.08,12.75,10.33
602.169,17.06,12.65,15.72,11.23,12.11,15.56,12.21,13.07,12.77,10.3
602.506,17.04,12.61,15.68,11.19,12.1,15.48,12.19,13.07,12.76,10.26
602.843,17,12.57,15.68,11.17,12.07,15.41,12.16,13.03,12.74,10.26
603.18,16.95,12.53,15.66,11.15,12.05,15.39,12.2,13,12.72,10.26
603.517,16.92,12.49,15.69,11.11,12.08,15.36,12.19,13.05,12.76,10.24
603.854,16.9,12.5,15.67,11.05,12.08,15.34,12.19,13.06,12.76,10.2
604.191,16.84,12.48,15.64,11.07,12.08,15.37,12.18,13.02,12.75,10.23
604.528,16.8,12.5,15.64,11.07,12.1,15.33,12.17,13.03,12.75,10.25
604.865,16.76,12.47,15.64,11.04,12.1,15.29,12.12,12.96,12.69,10.19
605.202,16.73,12.44,15.65,11.03,12.09,15.27,12.1,12.96,12.67,10.22
605.538,16.72,12.49,15.59,11.05,12.11,15.26,12.12,12.94,12.71,10.23
605.875,16.66,12.44,15.57,11.02,12.09,15.23,12.1,12.95,12.63,10.2
606.212,16.65,12.43,15.54,11,12.06,15.21,12.08,12.91,12.62,10.18
606.548,16.7,12.44,15.55,11.02,12.05,15.26,12.08,12.96,12.61,10.13
606.885,16.74,12.51,15.56,11.07,12.05,15.28,12.08,13,12.61,10.15
607.222,16.76,12.53,15.56,11.09,12.05,15.3,12.11,12.97,12.6,10.2
607.558,16.78,12.48,15.55,11.1,11.98,15.29,12.09,12.93,12.56,10.23
607.895,16.83,12.52,15.57,11.08,11.97,15.28,12.06,12.93,12.59,10.24
608.231,16.79,12.54,15.55,11.06,11.96,15.27,12.04,12.93,12.55,10.18
608.567,16.77,12.55,15.49,11.1,11.95,15.28,12.06,12.92,12.59,10.2
608.904,16.77,12.56,15.47,11.07,11.95,15.24,12.03,12.87,12.6,10.17
609.24,16.76,12.53,15.51,11.02,11.92,15.24,12.02,12.84,12.56,10.12
609.576,16.76,12.52,15.44,11.04,11.89,15.22,12,12.8,12.55,10.09
609.912,16.74,12.46,15.43,11.03,11.88,15.19,11.95,12.75,12.52,10.04
610.248,16.63,12.37,15.35,10.96,11.84,15.14,11.9,12.67,12.44,9.98
610.585,16.54,12.27,15.3,10.87,11.81,15.06,11.87,12.59,12.43,9.93
610.921,16.46,12.16,15.23,10.83,11.7,15.01,11.77,12.53,12.37,9.83
611.257,16.34,12.09,15.16,10.78,11.65,14.97,11.67,12.45,12.3,9.69
611.593,16.2,11.95,15.05,10.68,11.51,14.84,11.57,12.34,12.16,9.53
611.929,16.11,11.82,14.92,10.53,11.36,14.74,11.44,12.21,12.04,9.44
612.264,15.98,11.67,14.83,10.35,11.23,14.59,11.27,12.06,11.87,9.29
612.6,15.83,11.5,14.72,10.22,11.06,14.48,11.19,11.92,11.73,9.11
612.936,15.67,11.3,14.55,10.07,10.93,14.3,11.07,11.79,11.58,8.93
613.272,15.49,11.18,14.39,9.92,10.8,14.16,10.88,11.64,11.5,8.79
613.608,15.33,11.07,14.25,9.79,10.7,14.05,10.74,11.47,11.35,8.72
613.943,15.26,11,14.14,9.71,10.61,13.93,10.61,11.36,11.31,8.64
614.279,15.09,10.87,14,9.56,10.46,13.85,10.45,11.2,11.11,8.48
614.614,14.94,10.73,13.88,9.42,10.36,13.72,10.32,11.08,10.95,8.34
614.95,14.85,10.67,13.74,9.3,10.25,13.64,10.24,10.96,10.87,8.25
615.285,14.84,10.6,13.7,9.22,10.23,13.56,10.18,10.92,10.81,8.19
615.621,14.76,10.49,13.63,9.21,10.21,13.5,10.15,10.83,10.77,8.15
615.956,14.7,10.52,13.63,9.27,10.19,13.53,10.22,10.88,10.82,8.17
616.292,14.74,10.57,13.63,9.34,10.28,13.57,10.24,10.92,10.83,8.19
616.627,14.78,10.59,13.67,9.35,10.27,13.61,10.24,10.95,10.87,8.27
616.962,14.87,10.63,13.78,9.44,10.36,13.67,10.34,11,10.91,8.34
617.297,14.88,10.66,13.84,9.49,10.36,13.68,10.43,11.08,10.96,8.34
617.632,14.89,10.69,13.92,9.5,10.4,13.75,10.53,11.13,10.95,8.34
617.968,14.97,10.77,14,9.55,10.47,13.73,10.6,11.2,11.03,8.4
618.303,15.08,10.82,14.04,9.61,10.5,13.83,10.66,11.26,11.07,8.46
618.638,15.11,10.81,14.11,9.62,10.58,13.87,10.69,11.35,11.11,8.56
618.973,15.15,10.93,14.18,9.69,10.69,13.98,10.74,11.41,11.22,8.66
619.308,15.27,11.02,14.31,9.79,10.78,14.02,10.85,11.52,11.29,8.76
619.643,15.41,11.09,14.35,9.82,10.86,14.07,10.86,11.57,11.41,8.81
619.977,15.47,11.14,14.43,9.83,10.89,14.09,10.93,11.65,11.48,8.87
620.312,15.58,11.23,14.49,9.93,10.96,14.22,10.93,11.7,11.53,8.94
620.647,15.59,11.36,14.55,9.99,10.97,14.23,10.97,11.76,11.54,9.04
620.982,15.72,11.45,14.63,9.98,11.05,14.35,11.04,11.81,11.6,9.12
621.316,15.76,11.56,14.65,10.02,11.06,14.32,11.1,11.89,11.7,9.2
621.651,15.86,11.62,14.61,10.17,11.13,14.41,11.13,11.97,11.75,9.25
621.986,15.88,11.73,14.65,10.21,11.21,14.41,11.2,12.02,11.89,9.3
622.32,15.99,11.88,14.78,10.38,11.33,14.48,11.31,12.11,12.02,9.39
622.655,15.94,11.87,14.82,10.32,11.31,14.45,11.34,12.15,11.96,9.41
622.989,15.93,11.91,14.83,10.31,11.32,14.47,11.32,12.16,11.94,9.38
623.324,15.89,11.88,14.84,10.27,11.29,14.44,11.29,12.09,11.83,9.34
623.658,15.91,11.89,14.81,10.27,11.26,14.39,11.22,12.04,11.75,9.37
623.992,15.88,12,14.82,10.21,11.28,14.36,11.29,12.14,11.8,9.33
624.326,15.92,11.94,14.82,10.16,11.3,14.44,11.39,12.14,11.8,9.23
624.661,15.91,11.86,14.79,10.2,11.27,14.39,11.35,12.11,11.82,9.22
624.995,15.96,11.77,14.75,10.16,11.24,14.4,11.27,12.03,11.75,9.25
625.329,15.92,11.73,14.81,10.09,11.23,14.45,11.27,12.04,11.75,9.23
625.663,15.89,11.74,14.83,10.12,11.23,14.4,11.27,12.01,11.7,9.22
625.997,15.76,11.66,14.7,10.04,11.1,14.29,11.25,11.93,11.62,9.16
626.331,15.85,11.69,14.62,10.12,11.09,14.27,11.24,11.89,11.63,9.17
626.665,15.81,11.67,14.65,10.12,11.08,14.3,11.23,11.93,11.63,9.17
626.999,15.8,11.66,14.65,10.18,11.13,14.37,11.26,12.01,11.72,9.21
627.333,15.81,11.63,14.63,10.26,11.19,14.42,11.26,12.02,11.8,9.25
627.667,15.85,11.59,14.65,10.35,11.21,14.46,11.26,11.88,11.82,9.24
628.001,15.86,11.49,14.6,10.39,11.21,14.43,11.19,11.91,11.8,9.22
628.334,15.87,11.62,14.59,10.49,11.27,14.52,11.21,11.99,11.81,9.23
628.668,15.84,11.68,14.67,10.57,11.3,14.6,11.24,12,11.87,9.27
629.002,15.86,11.67,14.62,10.55,11.26,14.55,11.23,11.92,11.86,9.23
629.335,15.83,11.63,14.63,10.47,11.28,14.6,11.21,11.96,11.81,9.19
629.669,15.92,11.68,14.72,10.47,11.38,14.65,11.16,11.99,11.84,9.21
630.002,15.91,11.66,14.81,10.52,11.49,14.75,11.18,12.04,11.88,9.22
630.336,15.96,11.7,14.79,10.53,11.51,14.7,11.21,11.97,12.01,9.27
630.669,15.93,11.59,14.71,10.43,11.4,14.61,11.19,11.84,11.86,9.25
631.003,15.89,11.62,14.73,10.33,11.4,14.64,11.19,11.87,11.76,9.2
631.336,15.79,11.53,14.64,10.28,11.37,14.5,11.11,11.89,11.64,9.21
631.669,15.73,11.56,14.66,10.14,11.33,14.5,11.03,11.76,11.6,9.21
632.003,15.66,11.38,14.56,10,11.28,14.38,11,11.64,11.52,9.15
632.336,15.62,11.28,14.45,9.87,11.26,14.29,10.99,11.61,11.44,8.98
632.669,15.61,11.24,14.5,9.82,11.24,14.23,10.94,11.65,11.37,9
633.002,15.58,11.13,14.41,9.85,11.19,14.2,10.98,11.56,11.4,8.97
633.335,15.58,11.05,14.39,9.82,11.06,14.23,11.04,11.54,11.35,8.92
633.668,15.53,11.05,14.29,9.82,10.92,14.14,11.05,11.42,11.39,8.85
634.001,15.49,10.97,14.2,9.76,10.83,14.16,11.05,11.41,11.16,8.77
634.334,15.56,11.05,14.25,9.79,10.87,14.16,11.13,11.43,11.18,8.82
634.667,15.49,10.94,14.17,9.8,10.71,14,11.13,11.31,11.1,8.69
635,15.45,11.02,14.18,9.82,10.7,14.08,11.18,11.24,11.11,8.69
635.333,15.43,11.03,14.19,9.85,10.67,14.02,11.25,11.32,11.21,8.72
635.665,15.47,11.11,14.24,9.89,10.47,14.02,11.12,11.33,11.21,8.69
635.998,15.48,11.09,14.28,9.98,10.47,13.92,11.09,11.31,11.13,8.68
636.331,15.47,11.12,14.41,10.07,10.51,14,11.17,11.26,11.2,8.7
636.663,15.55,11.28,14.53,10.17,10.57,14.05,11.12,11.25,11.26,8.76
636.996,15.55,11.32,14.36,10.16,10.56,13.88,11.03,11.15,11.24,8.68
637.328,15.48,11.25,14.33,10.09,10.5,13.77,10.95,11.14,11.11,8.55
637.661,15.63,11.35,14.37,10.24,10.6,13.85,10.87,11.16,11.26,8.52
637.993,15.76,11.45,14.43,10.31,10.7,13.95,10.87,11.28,11.39,8.53
638.326,15.91,11.56,14.61,10.42,10.88,14.12,11.02,11.5,11.66,8.72
638.658,15.97,11.54,14.75,10.35,10.89,14.1,11.04,11.58,11.76,8.72
638.99,15.86,11.47,14.72,10.32,10.78,14.02,10.99,11.48,11.6,8.56
639.323,15.86,11.55,14.85,10.44,10.97,14.17,11.17,11.53,11.75,8.66
639.655,15.85,11.62,14.91,10.44,11.02,14.34,11.21,11.63,11.82,8.67
639.987,15.91,11.59,14.84,10.43,11.12,14.29,11.16,11.74,11.97,8.78
640.319,15.94,11.53,14.87,10.3,11.07,14.26,11.18,11.76,11.92,8.8
640.651,15.97,11.54,14.88,10.27,11.15,14.31,11.16,11.86,11.96,8.88
640.983,15.99,11.56,14.91,10.28,11.28,14.45,11.18,11.97,12.02,8.95
641.315,15.83,11.53,14.96,10.17,11.26,14.43,11.22,12.04,11.93,8.92
641.647,15.83,11.58,15.07,10.26,11.29,14.41,11.26,12.08,11.84,9.02
641.979,15.72,11.52,14.92,10.15,11.24,14.25,11.17,11.98,11.65,8.84
642.311,15.8,11.5,14.87,10.26,11.27,14.35,11.22,12.01,11.61,8.91
642.643,16.06,11.76,15.08,10.54,11.52,14.57,11.36,12.22,11.83,9.21
642.975,16.02,11.64,14.94,10.31,11.47,14.45,11.25,12.2,11.67,9
643.306,15.98,11.73,14.84,10.38,11.41,14.39,11.17,12.12,11.62,9.07
643.638,15.95,11.75,14.81,10.29,11.25,14.42,11.18,12.02,11.47,8.84
643.97,15.94,11.76,14.75,10.31,11.28,14.54,11.17,12.11,11.55,8.82
644.301,15.89,11.76,15.03,10.45,11.33,14.69,11.27,12.09,11.47,8.8
644.633,16.05,11.86,15.08,10.46,11.3,14.8,11.27,12.04,11.4,8.81
644.964,16.15,11.74,15.1,10.54,11.16,14.68,11.35,11.94,11.41,8.84
645.296,15.93,11.65,14.94,10.36,10.95,14.67,11.24,11.89,11.35,8.64
645.627,15.92,11.63,14.81,10.47,10.84,14.73,11.19,11.81,11.52,8.74
645.959,15.9,11.7,14.68,10.32,10.73,14.6,11.21,11.73,11.36,8.65
646.29,15.75,11.46,14.39,10.07,10.51,14.39,11.13,11.51,11.14,8.35
646.621,15.81,11.69,14.56,10.33,10.74,14.48,11.41,11.73,11.23,8.69
646.952,15.88,11.66,14.82,10.25,10.78,14.47,11.49,11.85,11.3,8.8
647.284,16,11.84,15,10.5,10.92,14.62,11.75,11.94,11.51,9.02
647.615,15.98,11.89,14.91,10.61,10.8,14.41,11.85,11.95,11.42,9.07
647.946,16.01,11.91,14.85,10.61,10.67,14.35,11.88,12.01,11.5,9.18
648.277,16.02,11.96,14.88,10.74,10.63,14.29,12.08,12.25,11.57,9.28
648.608,16.22,12.06,14.84,10.66,10.72,14.39,12.09,12.29,11.75,9.26
648.939,16.37,11.97,14.8,10.68,10.92,14.37,12.02,12.2,11.83,9.15
649.27,16.41,11.92,14.92,10.67,11.17,14.54,12.05,12.33,11.76,9.2
649.601,16.31,11.89,15.11,10.84,11.39,14.63,11.97,12.54,11.79,9.18
649.931,16.56,12.14,15.29,10.93,11.69,14.85,12.08,12.63,11.97,9.32
650.262,16.55,11.98,15.19,10.82,11.5,14.7,11.79,12.48,11.91,9.18
650.593,16.48,11.81,14.79,10.76,11.4,14.46,11.68,12.23,11.78,9
650.924,16.35,11.49,14.5,10.38,11.21,14.27,11.44,12.04,11.5,8.76
651.254,16.39,11.49,14.57,10.4,11.31,14.31,11.35,11.92,11.44,8.77
651.585,16.43,11.54,14.61,10.56,11.44,14.32,11.32,11.84,11.39,8.8
651.915,16.36,11.46,14.61,10.4,11.45,14.24,11.27,11.69,11.4,8.78
652.246,16.14,11.48,14.79,10.43,11.65,14.33,11.2,11.74,11.33,8.87
652.576,15.96,11.47,14.82,10.37,11.64,14.38,11.22,11.78,11.4,8.94
652.907,15.89,11.44,14.79,10.19,11.41,14.32,11.13,11.57,11.29,8.85
653.237,16.02,11.45,14.68,10.04,11.34,14.21,11.01,11.54,11.25,8.92
653.568,15.96,11.32,14.65,10.03,11.17,14.25,11.03,11.54,11.23,8.93
653.898,15.98,11.31,14.73,10.13,11.24,14.28,11.11,11.54,11.26,8.79
654.228,16.14,11.35,14.93,10.23,11.36,14.57,11.27,11.71,11.54,8.99
654.558,16.16,11.57,15.14,10.49,11.49,14.66,11.36,11.82,11.61,9.04
654.888,16.22,11.63,15.22,10.59,11.41,14.66,11.33,11.84,11.8,9.08
655.219,16.34,11.72,15.24,10.59,11.42,14.7,11.4,11.87,11.9,9.12
655.549,16.67,12.15,15.49,10.89,11.77,14.9,11.68,12.21,12.07,9.48
655.879,16.89,12.25,15.51,11.02,11.86,14.99,11.94,12.49,12.28,9.79
656.209,17.09,12.39,15.63,11.3,12.08,15.14,12.14,12.73,12.46,10.06
656.539,17.18,12.54,15.76,11.46,12.27,15.33,12.27,12.9,12.6,10.22
656.868,17.2,12.62,15.83,11.55,12.35,15.48,12.43,12.99,12.74,10.3
657.198,17.24,12.69,15.87,11.61,12.41,15.57,12.48,13.09,12.77,10.37
657.528,17.31,12.75,15.91,11.65,12.48,15.69,12.58,13.17,12.83,10.47
657.858,17.35,12.82,15.98,11.7,12.51,15.77,12.62,13.22,12.87,10.51
658.188,17.39,12.84,16.02,11.74,12.57,15.85,12.67,13.28,12.93,10.59
658.517,17.43,12.88,16.07,11.79,12.65,15.92,12.72,13.3,12.97,10.64
658.847,17.45,12.91,16.08,11.81,12.72,15.96,12.76,13.34,12.99,10.68
659.176,17.46,12.95,16.12,11.85,12.76,16.03,12.8,13.38,13.03,10.7
659.506,17.49,13,16.18,11.91,12.8,16.11,12.82,13.4,13.05,10.73
659.835,17.54,13.08,16.25,11.97,12.87,16.21,12.89,13.46,13.08,10.78
660.165,17.6,13.15,16.33,12.05,12.93,16.31,12.96,13.51,13.13,10.82
660.494,17.64,13.21,16.39,12.12,13,16.4,13.01,13.59,13.16,10.86
660.824,17.68,13.27,16.45,12.19,13.08,16.47,13.07,13.65,13.19,10.9
661.153,17.72,13.33,16.51,12.24,13.14,16.54,13.11,13.69,13.21,10.93
661.482,17.75,13.36,16.57,12.31,13.21,16.6,13.16,13.75,13.21,10.96
661.811,17.78,13.43,16.62,12.37,13.27,16.66,13.2,13.78,13.2,10.97
662.14,17.82,13.48,16.65,12.41,13.31,16.74,13.23,13.84,13.2,10.97
662.47,17.86,13.52,16.74,12.5,13.32,16.81,13.28,13.88,13.2,10.96
662.799,17.91,13.53,16.78,12.53,13.35,16.87,13.32,13.92,13.19,10.96
663.128,17.95,13.56,16.81,12.59,13.44,16.89,13.38,13.98,13.19,10.96
663.457,17.95,13.57,16.82,12.61,13.43,16.89,13.36,13.96,13.17,10.94
663.786,17.93,13.54,16.76,12.55,13.45,16.82,13.35,13.94,13.1,10.92
664.114,17.89,13.47,16.74,12.49,13.38,16.75,13.29,13.8,13.03,10.86
664.443,17.86,13.38,16.71,12.41,13.28,16.69,13.23,13.69,12.99,10.77
664.772,17.74,13.29,16.65,12.39,13.19,16.63,13.11,13.58,12.9,10.67
665.101,17.66,13.26,16.49,12.25,13.09,16.51,12.99,13.38,12.87,10.55
665.43,17.57,13.12,16.4,12.1,12.91,16.29,12.92,13.24,12.81,10.38
665.758,17.48,13.05,16.38,12.04,12.8,16.18,12.89,13.08,12.74,10.35
666.087,17.39,13.01,16.3,11.91,12.83,16.1,12.76,13.06,12.73,10.36
666.415,17.25,12.88,16.23,11.83,12.65,16.04,12.68,12.86,12.66,10.28
666.744,17.19,12.81,16.24,11.69,12.29,15.95,12.57,12.7,12.55,10.2
667.072,17.1,12.45,16.17,11.42,11.87,15.78,12.45,12.48,12.32,9.9
667.401,16.99,12.16,16.12,11.3,11.39,15.52,12.3,12.28,12.02,9.56
667.729,17.12,11.87,16.08,11.34,11.14,15.23,12.04,12.05,11.83,9.4
668.058,17.32,12,16.09,11.4,10.91,15,11.93,11.86,11.7,9.35
668.386,17.4,11.9,16.05,11.03,10.58,14.78,11.92,11.79,11.51,9.16
668.714,17.54,11.77,16.12,11.12,10.55,14.77,11.86,11.93,11.35,9.14
669.042,17.83,11.91,16.07,11.24,10.56,15.04,11.78,11.81,11.36,9.37
669.371,17.77,11.67,16.06,11.1,10.53,14.92,11.71,11.74,11.31,9.37
669.699,17.82,11.64,16.01,10.91,10.42,14.74,11.65,11.63,11.22,9.54
670.027,17.97,11.97,16.15,11.03,10.6,14.85,11.75,11.67,11.34,9.75
670.355,17.81,12,16.11,10.94,10.83,14.69,11.96,11.64,11.33,9.71
670.683,17.68,12.08,15.99,10.94,11.17,14.48,11.96,11.69,11.32,9.71
671.011,17.52,12.07,15.79,10.97,11.15,14.41,11.82,11.58,11.3,9.62
671.339,17.36,12.24,15.82,10.83,11.13,14.3,12.13,11.82,11.51,9.74
671.666,17.21,12.03,15.53,10.55,10.97,14.16,12.05,11.75,11.39,9.73
671.994,17.47,11.94,15.52,10.9,10.84,14.22,12.25,11.57,11.78,9.81
672.322,17.35,11.78,15.3,10.74,10.69,14.21,12.14,11.54,11.76,9.8
672.65,16.89,11.43,15.25,10.52,10.62,13.83,12.09,11.56,11.62,9.49
672.977,16.76,11.5,15.15,10.4,10.72,13.72,12.18,11.71,11.61,9.43
673.305,16.71,11.51,15.14,10.58,10.5,13.99,12.32,11.72,11.6,9.34
673.633,16.68,11.4,15.21,10.74,10.52,13.86,12.24,11.7,11.35,9.19
673.96,16.74,11.38,15.26,10.85,10.78,14.05,11.92,11.7,11.26,9.07
674.288,16.87,11.35,15.32,10.87,10.98,14.24,11.99,11.77,11.24,9.04
674.615,17,11.62,15.52,10.84,11.27,14.56,11.95,11.89,11.39,9.15
674.943,17.01,11.65,15.81,10.85,11.13,14.96,11.77,11.89,11.34,9.17
675.27,17.1,11.85,16.11,11.08,11.43,15.49,12.06,11.99,11.44,9.39
675.597,16.97,11.8,16.07,10.84,11.48,15.28,11.82,12.03,11.2,9.32
675.924,17.05,12.11,16.27,10.93,11.62,15.39,11.99,11.97,11.37,9.4
676.252,17.19,12.44,16.28,11.13,11.83,15.57,12.15,12.06,11.58,9.7
676.579,17.21,12.57,16.18,11.14,11.73,15.49,12.04,11.88,11.6,9.59
676.906,17.35,12.51,16.24,11.17,11.83,15.34,11.97,11.79,11.72,9.61
677.233,17.43,12.54,16.1,10.99,11.95,15.37,11.91,11.75,11.9,9.69
677.56,17.49,12.62,16.06,10.95,11.85,15.54,12.17,11.87,11.9,9.8
677.887,17.35,12.72,16.09,10.97,11.74,15.45,12.11,11.8,12.09,9.83
678.214,17.28,12.64,16.04,11,11.73,15.53,12.34,11.75,12.19,10.05
678.541,17.44,12.67,15.77,11.08,11.98,15.48,12.45,11.79,12.21,10.08
678.868,17.16,12.49,15.67,10.87,11.78,14.93,12.18,11.63,12.02,9.84
679.195,17.23,12.61,16.02,11.17,11.97,15.15,12.4,11.9,12.1,10.1
679.521,17.26,12.61,15.93,11.33,12.06,15.03,12.3,11.9,12.1,10.13
679.848,17.6,12.6,16.2,11.26,12.19,15.09,12.35,12.08,11.96,10.18
680.175,17.77,12.57,16.48,11.45,12.27,15.09,12.42,12.11,11.89,10.25
680.501,17.57,12.7,16.47,11.53,12.58,15.24,12.45,12.22,11.86,10.27
680.828,17.51,12.87,16.52,11.72,12.57,15.35,12.45,12.51,11.89,10.31
681.154,17.44,12.86,16.3,11.81,12.29,14.99,12.42,12.34,11.84,10.25
681.481,17.48,12.59,16.08,11.68,12.23,15,12.3,12.22,11.77,10.2
681.807,17.47,12.57,16.11,11.6,12.19,14.82,12.16,12.36,11.79,10.11
682.134,17.36,12.62,16.11,11.61,12.17,14.67,12.13,12.16,11.73,9.81
682.46,17.55,12.65,16.31,11.81,12.41,14.91,12.25,12.45,11.69,9.82
682.787,17.48,12.59,16.14,11.74,12.34,14.74,12.01,12.3,11.67,9.67
683.113,17.51,12.62,16.17,11.87,12.29,14.86,12.11,12.45,11.78,9.71
683.439,17.36,12.47,15.9,11.75,12.1,14.89,11.84,12.11,11.61,9.5
683.765,17.27,12.5,15.83,11.64,12.1,15.1,11.81,12.25,11.64,9.5
684.091,17.39,12.48,15.73,11.55,12,15.1,11.82,12.14,11.58,9.41
684.417,17.32,12.04,15.67,11.43,11.94,15.1,11.79,11.98,11.5,9.16
684.743,17.53,12.08,15.83,11.44,12.09,15.22,11.8,12.04,11.53,9.22
685.069,17.49,12.19,15.9,11.53,11.95,15.03,11.76,12.11,11.42,9.1
685.395,17.65,12.16,15.82,11.42,11.81,15.15,11.61,11.93,11.36,9.15
685.721,17.64,11.94,15.87,11.19,11.67,15.02,11.53,12.16,11.3,9.47
686.047,17.43,11.78,15.64,10.9,11.53,14.9,11.43,11.88,11.38,9.37
686.373,17.54,11.84,15.62,10.86,11.62,15.2,11.59,12.1,11.43,9.5
686.699,17.59,11.77,15.68,10.66,11.75,15.21,11.57,12.04,11.5,9.6
687.024,17.42,11.74,15.69,10.72,11.88,15.23,11.85,12.19,11.87,9.65
687.35,17.6,11.63,15.49,10.61,11.77,15.22,11.79,12.18,12,9.57
687.676,17.5,11.67,15.43,10.49,11.68,15.1,11.89,12.26,12.05,9.54
688.001,17.5,11.81,15.5,10.44,11.56,15.06,11.88,12.19,11.97,9.61
688.327,17.35,11.85,15.59,10.59,11.59,15.18,11.88,12.31,12.06,9.68
688.652,17.3,11.99,15.6,10.71,11.73,15.34,11.96,12.35,12.3,9.78
688.978,17.22,12.02,15.6,10.91,11.83,15.41,12.14,12.46,12.35,9.81
689.303,17.24,12.22,15.66,11.18,11.95,15.5,12.39,12.45,12.51,9.87
689.629,17.43,12.27,15.8,11.29,11.84,15.47,12.35,12.54,12.42,9.98
689.954,17.32,12.26,15.79,11.39,11.72,15.28,12.35,12.39,12.46,9.92
690.279,17.23,12.29,15.72,11.34,11.5,15.17,12.27,12.4,12.37,9.71
690.604,17.26,12.43,15.78,11.14,11.25,15.11,11.92,12.33,12.07,9.5
690.93,17.03,12.42,16.02,11.27,11.41,15.03,11.88,12.39,11.99,9.58
691.255,17.07,12.39,16.04,11.32,11.46,15.21,11.85,12.36,11.95,9.54
691.58,17,12.53,15.98,11.29,11.51,15.14,11.83,12.42,12.06,9.6
691.905,17.04,12.6,15.9,11.17,11.57,15.12,11.81,12.38,11.98,9.49
692.23,17.13,12.51,15.92,11.06,11.48,15.25,11.81,12.27,11.82,9.43
692.555,17.15,12.61,16.06,11.21,11.5,15.22,11.87,12.36,11.89,9.35
692.88,16.99,12.43,15.9,10.88,11.48,15.28,11.55,12.31,11.67,9.07
693.204,16.91,12.45,15.91,10.95,11.7,15.5,11.7,12.35,11.85,9.01
693.529,16.96,12.49,15.89,10.77,11.75,15.45,11.66,12.42,11.91,9.06
693.854,17.18,12.54,16,10.87,12.01,15.63,11.97,12.47,12.06,9.15
694.179,17.32,12.51,15.93,11.03,12.12,15.59,12.15,12.62,12.27,9.39
694.503,17.49,12.55,15.86,10.95,12.08,15.67,12.28,12.64,12.4,9.4
694.828,17.49,12.5,15.82,10.84,11.94,15.65,12.24,12.59,12.51,9.46
695.153,17.45,12.5,15.79,10.86,11.91,15.69,12.24,12.67,12.61,9.6
695.477,17.37,12.41,15.71,10.7,11.72,15.57,12.19,12.53,12.66,9.62
695.802,17.54,12.63,15.88,10.93,11.89,15.64,12.35,12.68,12.88,9.84
696.126,17.38,12.26,15.77,10.54,11.66,15.42,12.19,12.34,12.51,9.8
696.451,17.6,12.44,15.84,10.66,11.74,15.51,12.4,12.28,12.73,9.92
696.775,17.63,12.55,15.58,10.7,11.64,15.39,12.37,12.25,12.62,9.91
697.099,17.66,12.68,15.62,10.76,11.82,15.43,12.5,12.19,12.6,10.02
697.423,17.42,12.56,15.65,10.54,11.92,15.29,12.33,12.2,12.41,10.02
697.748,17.44,12.61,15.75,10.6,11.95,15.38,12.35,12.16,12.4,10.08
698.072,17.37,12.72,15.8,10.73,11.97,15.37,12.32,12.15,12.35,10.05
698.396,17.27,12.51,15.99,10.68,11.9,15.1,12.07,12.14,12.28,9.9
698.72,17.49,12.33,15.98,10.78,11.86,15.02,11.99,11.91,12,9.73
699.044,17.56,12.03,15.85,10.92,11.75,15.07,11.87,12.04,12.03,9.69
699.368,17.2,11.78,15.65,10.55,11.48,14.74,11.79,12.02,11.69,9.59
699.692,17.28,12.16,15.71,10.62,11.58,14.82,11.7,12.22,11.98,9.56
700.016,17.06,12.06,15.61,10.72,11.56,14.7,11.52,12.3,11.8,9.46
700.34,17.01,12.12,15.6,10.63,11.57,14.67,11.53,12.44,11.82,9.5
700.664,16.98,11.9,15.46,10.6,11.38,14.75,11.31,12.37,11.74,9.24
700.987,17.01,11.9,15.28,10.8,11.05,14.78,11.25,12.19,11.7,9.14