wavelength ,real_1,real_2,real_3,real_4,real_5,real_6,real_7,real_8,real_9,real_10
300.342,12.28,12.91,14.72,13.74,16.92,13.19,15.11,13.16,14.1,14.89
300.715,12.25,12.86,14.72,13.63,17.03,13.19,15.13,13.13,14.09,15.62
301.088,12.03,12.79,14.61,13.52,16.8,13.09,14.98,13.06,13.93,14.46
301.462,12,12.7,14.58,13.46,16.64,12.97,14.92,12.99,13.94,13.03
301.835,11.88,12.59,14.47,13.28,16.57,12.87,14.72,12.84,13.89,14.26
302.208,11.87,12.46,14.44,13.26,16.37,12.94,14.73,12.78,13.84,11.87
302.581,11.86,12.51,14.51,13.25,16.27,12.94,14.75,12.88,13.85,15.87
302.954,11.71,12.45,14.46,13.09,16.18,12.91,14.59,12.83,13.85,13.47
303.327,11.69,12.39,14.41,13.14,16.06,12.86,14.56,12.83,13.82,15.68
303.7,11.64,12.38,14.43,13.06,15.94,12.91,14.59,12.92,13.81,15.87
304.073,11.65,12.35,14.38,13.01,15.89,12.86,14.48,12.91,13.8,13.01
304.446,11.53,12.25,14.22,12.91,15.79,12.87,14.4,12.85,13.77,14.65
304.819,11.51,12.18,14.14,12.94,15.63,12.93,14.49,12.87,13.75,15.87
305.192,11.59,12.17,14.14,12.87,15.63,12.93,14.45,12.83,13.77,13.52
305.564,11.55,12.14,14.14,12.81,15.5,12.85,14.51,12.84,13.69,14.5
305.937,11.51,12.11,14.18,12.81,15.37,12.88,14.62,12.81,13.61,13.21
306.31,11.41,12.13,14.2,12.65,15.28,12.87,14.63,12.8,13.51,14.66
306.682,11.37,11.98,13.98,12.59,15.12,12.93,14.6,12.69,13.43,14.57
307.055,11.43,11.91,13.95,12.54,14.94,12.95,14.58,12.75,13.34,15.97
307.428,11.28,11.85,13.91,12.41,14.8,12.88,14.45,12.7,13.23,14.03
307.8,11.17,11.77,13.77,12.32,14.63,12.83,14.32,12.58,13.08,13.58
308.173,11.06,11.74,13.69,12.27,14.53,12.78,14.37,12.53,12.99,14.26
308.545,11.09,11.71,13.7,12.28,14.39,12.71,14.33,12.52,12.95,14.49
308.917,10.94,11.71,13.69,12.14,14.18,12.58,14.17,12.46,12.9,13.59
309.29,10.72,11.49,13.6,12,13.95,12.43,14.07,12.41,12.79,13.88
309.662,10.59,11.41,13.5,11.88,13.81,12.44,13.83,12.31,12.73,11.24
310.034,10.61,11.43,13.5,11.86,13.8,12.49,13.76,12.37,12.75,14.59
310.407,10.54,11.36,13.34,11.74,13.66,12.31,13.55,12.29,12.68,13.88
310.779,10.37,11.34,13.32,11.54,13.5,12.13,13.43,12.19,12.6,12.7
311.151,10.29,11.39,13.3,11.49,13.42,12.09,13.4,12.11,12.6,11.16
311.523,10.32,11.43,13.22,11.41,13.28,12,13.32,12.04,12.55,11.5
311.895,10.29,11.48,13.31,11.35,13.3,12,13.3,12.06,12.58,12.37
312.267,10.25,11.48,13.31,11.24,13.23,12,13.22,11.99,12.6,14.18
312.639,10.17,11.47,13.14,11.14,13.06,11.85,13.19,11.93,12.5,12.4
313.011,10.19,11.44,13.1,11.04,12.98,11.78,13.09,11.85,12.4,13.73
313.383,10.21,11.55,13.01,11.03,12.94,11.8,13.12,11.8,12.41,15.34
313.755,10.18,11.58,13,10.99,12.84,11.69,13.1,11.8,12.36,12.64
314.127,9.99,11.54,12.78,10.83,12.66,11.48,12.93,11.66,12.25,12.05
314.498,9.89,11.49,12.73,10.8,12.62,11.45,12.9,11.62,12.24,14.3
314.87,9.81,11.37,12.7,10.71,12.56,11.47,12.83,11.53,12.2,12.68
315.242,9.72,11.29,12.7,10.68,12.41,11.43,12.78,11.47,12.14,11.79
315.614,9.62,11.09,12.64,10.52,12.34,11.34,12.68,11.38,12.04,13.89
315.985,9.49,11.02,12.55,10.46,12.16,11.26,12.53,11.23,11.93,12.2
316.357,9.43,10.89,12.49,10.4,11.94,11.15,12.41,11.12,11.79,14.26
316.728,9.41,10.88,12.55,10.29,11.92,11.18,12.23,11.06,11.77,15.62
317.1,9.22,10.77,12.47,10.27,11.8,11.06,12.12,10.96,11.7,15.07
317.471,9.09,10.69,12.45,10.2,11.67,10.99,11.96,10.85,11.61,12.65
317.843,9.03,10.64,12.36,10.18,11.57,11.09,12.01,10.79,11.53,11.39
318.214,8.99,10.51,12.37,10.09,11.37,11.03,11.86,10.75,11.4,13.72
318.585,8.94,10.5,12.35,10.06,11.34,11.02,11.91,10.69,11.41,10.27
318.957,8.97,10.59,12.34,10.1,11.22,10.93,11.82,10.72,11.33,12.25
319.328,8.99,10.59,12.27,10.04,11.24,10.87,11.73,10.68,11.3,13.94
319.699,8.91,10.63,12.26,10.02,11.21,10.88,11.72,10.62,11.27,12.83
320.07,8.93,10.57,12.26,9.95,11.23,10.87,11.69,10.6,11.26,12.09
320.441,8.91,10.63,12.14,9.8,11.25,10.84,11.78,10.59,11.25,9.44
320.813,8.77,10.5,12.17,9.7,11.13,10.85,11.79,10.53,11.21,10.98
321.184,8.87,10.54,12.13,9.57,11.08,10.98,11.73,10.5,11.2,11.85
321.555,8.84,10.53,12.11,9.43,11.04,10.97,11.63,10.47,11.15,11.01
321.926,8.83,10.44,12.06,9.42,11.01,10.88,11.48,10.46,11.08,13.23
322.297,8.72,10.51,12.08,9.39,11.11,10.93,11.5,10.39,11.18,10.33
322.667,8.74,10.48,12,9.31,10.95,10.86,11.37,10.38,11.06,12.56
323.038,8.68,10.4,11.93,9.26,10.96,10.86,11.34,10.38,11,10.84
323.409,8.64,10.34,11.93,9.26,10.88,10.85,11.32,10.36,10.97,8.63
323.78,8.59,10.26,11.73,9.18,10.73,10.8,11.22,10.29,10.93,12.03
324.151,8.48,10.28,11.68,9.16,10.69,10.8,11.15,10.29,10.88,11
324.521,8.4,10.17,11.65,9.15,10.55,10.78,10.95,10.25,10.86,13.02
324.892,8.41,10.22,11.51,9.13,10.55,10.76,10.93,10.2,10.83,12.29
325.262,8.29,10.19,11.47,9.06,10.55,10.62,10.91,10.2,10.76,11.76
325.633,8.27,10.08,11.33,9.04,10.5,10.57,10.88,10.19,10.68,11.98
326.004,8.12,10.03,11.22,8.96,10.48,10.45,10.8,10.1,10.65,10.71
326.374,8.16,9.95,11.12,8.97,10.4,10.48,10.84,10.08,10.6,9.11
326.744,8.01,9.85,11.06,8.94,10.41,10.46,10.73,10.01,10.53,10.91
327.115,7.93,9.89,11.08,8.83,10.4,10.43,10.69,9.87,10.54,11.41
327.485,7.71,9.77,10.98,8.67,10.28,10.34,10.57,9.8,10.42,11.31
327.855,7.62,9.82,10.99,8.61,10.24,10.3,10.6,9.75,10.41,10.94
328.226,7.66,9.79,10.94,8.56,10.09,10.2,10.58,9.72,10.31,11
328.596,7.6,9.73,10.89,8.44,10.09,10.18,10.61,9.71,10.23,12.57
328.966,7.55,9.67,10.87,8.39,10.1,10.18,10.58,9.67,10.2,11.25
329.336,7.43,9.62,10.77,8.39,10,10.17,10.51,9.59,10.12,11
329.706,7.41,9.7,10.83,8.43,9.94,10.15,10.53,9.55,10.11,11.82
330.076,7.35,9.69,10.76,8.27,9.86,10.11,10.48,9.41,10.03,9.89
330.447,7.31,9.69,10.72,8.19,9.77,9.88,10.35,9.33,9.98,11.32
330.816,7.3,9.64,10.67,8.08,9.69,9.78,10.26,9.27,9.94,10.26
331.186,7.28,9.62,10.54,7.99,9.62,9.74,10.16,9.22,9.92,11.31
331.556,7.35,9.67,10.45,7.92,9.59,9.7,10.07,9.12,9.83,11.22
331.926,7.38,9.65,10.42,7.95,9.64,9.65,10.02,9.14,9.75,10.85
332.296,7.31,9.61,10.29,7.89,9.67,9.65,9.96,9.07,9.73,9.34
332.666,7.34,9.62,10.27,7.92,9.62,9.54,9.93,8.99,9.69,10.31
333.036,7.22,9.47,10.1,7.87,9.55,9.4,9.74,8.87,9.55,9.09
333.405,7.26,9.43,10.07,7.81,9.62,9.38,9.72,8.84,9.52,10.94
333.775,7.08,9.34,9.95,7.59,9.57,9.24,9.59,8.78,9.43,9.52
334.144,7.11,9.33,9.87,7.6,9.51,9.24,9.62,8.79,9.37,9.16
334.514,7.02,9.27,9.72,7.46,9.49,9.19,9.56,8.76,9.28,9.51
334.884,6.94,9.22,9.58,7.43,9.48,9.15,9.53,8.66,9.19,8.02
335.253,6.87,9.12,9.54,7.47,9.44,9.07,9.46,8.63,9.07,9.92
335.623,6.86,9.04,9.51,7.51,9.49,9.04,9.47,8.66,9.07,10.49
335.992,6.77,9.08,9.49,7.44,9.4,8.99,9.41,8.57,9.05,10.29
336.361,6.83,9.11,9.54,7.44,9.39,8.98,9.44,8.59,9.04,10.52
336.731,6.68,9.08,9.42,7.35,9.34,8.91,9.25,8.51,9.01,10.12
337.1,6.66,9.05,9.39,7.25,9.34,8.94,9.29,8.49,9.01,9.56
337.469,6.65,9.02,9.4,7.25,9.22,8.87,9.23,8.41,8.99,13.09
337.838,6.66,8.89,9.32,7.3,9.25,8.88,9.18,8.35,8.96,11.98
338.208,6.73,8.81,9.3,7.33,9.36,8.87,9.17,8.33,8.96,7.27
338.577,6.7,8.72,9.25,7.37,9.38,8.9,9.13,8.23,8.93,9.31
338.946,6.76,8.8,9.29,7.31,9.39,8.9,9.12,8.18,8.92,9.87
339.315,6.88,8.84,9.3,7.32,9.41,8.94,9.22,8.16,8.94,10.14
339.684,6.83,8.8,9.23,7.17,9.36,8.94,9.24,8.09,8.92,11.76
340.053,6.87,8.71,9.2,7.16,9.37,8.97,9.26,8.07,8.89,12.26
340.422,6.85,8.67,9.08,7.09,9.33,8.91,9.24,7.92,8.82,9.45
340.79,6.77,8.57,8.99,7.02,9.28,8.9,9.2,7.85,8.7,8.08
341.159,6.76,8.53,8.9,7.04,9.19,8.77,9.14,7.72,8.67,9.47
341.528,6.67,8.37,8.82,6.97,9.2,8.74,9.17,7.63,8.61,7.8
341.897,6.72,8.39,8.79,6.9,9.16,8.73,9.23,7.6,8.59,9.92
342.266,6.6,8.45,8.81,6.8,9.04,8.62,9.1,7.51,8.53,8.51
342.634,6.58,8.49,8.87,6.75,9.01,8.59,9.11,7.53,8.5,8.16
343.003,6.55,8.51,8.8,6.85,9.03,8.59,9.08,7.48,8.52,9.23
343.371,6.43,8.45,8.71,6.74,8.95,8.42,8.95,7.43,8.42,10.56
343.74,6.31,8.38,8.55,6.7,8.89,8.31,8.85,7.33,8.35,7.39
344.108,6.21,8.28,8.36,6.53,8.93,8.15,8.73,7.24,8.26,12.15
344.477,6.03,8.14,8.29,6.45,8.86,8.06,8.59,7.19,8.2,9.41
344.845,6.13,8.17,8.34,6.55,8.89,8.03,8.63,7.19,8.21,10.03
345.214,6.13,8.21,8.27,6.51,8.91,8.06,8.57,7.21,8.11,8.72
345.582,6.14,8.3,8.18,6.53,8.89,8.02,8.54,7.21,8.09,8.59
345.95,6.12,8.22,8.18,6.52,8.84,7.94,8.47,7.13,8,10.31
346.319,6.13,8.11,8.11,6.48,8.86,7.94,8.48,7.03,7.87,10.52
346.687,6.13,8.02,7.97,6.48,8.9,7.93,8.39,6.94,7.8,9.87
347.055,6.15,7.98,7.96,6.52,8.88,7.92,8.47,6.96,7.79,11.1
347.423,6.13,7.86,7.88,6.6,8.9,7.95,8.46,6.93,7.77,8.5
347.791,6.18,7.84,7.92,6.64,8.89,7.93,8.48,6.92,7.64,9.11
348.159,6.27,7.9,7.98,6.76,8.87,7.95,8.51,6.96,7.63,8.09
348.527,6.38,8.01,8.04,6.89,8.97,7.93,8.54,6.99,7.64,9.36
348.895,6.38,7.97,7.96,6.85,8.95,7.86,8.54,6.96,7.59,9.31
349.263,6.43,7.98,8.08,6.98,9.03,7.93,8.59,6.95,7.67,7.82
349.631,6.5,8,8.08,6.96,9.06,7.9,8.54,6.89,7.62,9.65
349.999,6.49,8.08,7.99,6.99,9.09,7.95,8.57,6.9,7.68,9.7
350.367,6.49,8.07,7.93,7.07,9.05,8,8.58,6.97,7.78,11.13
350.734,6.49,8.05,7.88,7.05,8.97,7.89,8.52,6.95,7.74,8.94
351.102,6.57,7.97,7.9,6.99,9.01,7.81,8.47,6.91,7.65,9.84
351.47,6.63,8.04,7.88,7.03,9.07,7.82,8.46,6.92,7.71,9.51
351.837,6.74,8.06,7.84,7.12,9.13,7.85,8.46,6.89,7.77,11.13
352.205,6.73,7.96,7.83,7.12,9.16,7.94,8.47,6.82,7.79,8.76
352.573,6.67,7.79,7.7,7.02,9.15,7.92,8.47,6.74,7.72,9.01
352.94,6.7,7.8,7.69,7.12,9.26,7.93,8.52,6.77,7.75,8.99
353.308,6.69,7.81,7.6,7.13,9.31,7.88,8.53,6.82,7.68,7.8
353.675,6.69,7.82,7.59,7.18,9.28,7.91,8.53,6.84,7.67,10.03
354.042,6.75,7.79,7.7,7.27,9.36,7.86,8.58,6.88,7.62,12.18
354.41,6.78,7.8,7.68,7.29,9.45,7.77,8.55,6.86,7.58,9.81
354.777,6.78,7.81,7.61,7.32,9.5,7.83,8.6,6.82,7.57,8.64
355.144,6.66,7.75,7.52,7.29,9.47,7.81,8.62,6.78,7.53,8.04
355.511,6.68,7.78,7.59,7.32,9.46,7.84,8.66,6.71,7.42,9.23
355.879,6.6,7.76,7.56,7.23,9.51,7.69,8.62,6.72,7.4,7.88
356.246,6.61,7.79,7.55,7.32,9.48,7.62,8.65,6.66,7.35,9.64
356.613,6.63,7.83,7.55,7.38,9.52,7.63,8.66,6.66,7.39,9.46
356.98,6.65,7.79,7.54,7.41,9.5,7.6,8.58,6.61,7.38,11.49
357.347,6.73,7.72,7.56,7.39,9.41,7.51,8.57,6.51,7.4,11.13
357.714,6.71,7.71,7.54,7.33,9.48,7.4,8.61,6.48,7.37,8.07
358.081,6.75,7.69,7.37,7.35,9.56,7.35,8.54,6.43,7.4,7.52
358.448,6.75,7.62,7.3,7.37,9.54,7.34,8.56,6.43,7.4,10.31
358.815,6.82,7.58,7.32,7.42,9.53,7.29,8.55,6.41,7.4,10.29
359.181,6.94,7.56,7.34,7.47,9.61,7.38,8.49,6.46,7.41,8.86
359.548,6.98,7.53,7.27,7.48,9.64,7.32,8.58,6.48,7.4,11.28
359.915,7.07,7.5,7.24,7.57,9.53,7.41,8.6,6.37,7.4,8.99
360.282,7.15,7.51,7.24,7.63,9.58,7.46,8.59,6.36,7.45,6.91
360.648,7.26,7.46,7.25,7.68,9.6,7.41,8.57,6.34,7.4,8.82
361.015,7.27,7.46,7.22,7.72,9.67,7.42,8.62,6.3,7.33,10.85
361.381,7.29,7.53,7.2,7.83,9.76,7.45,8.64,6.32,7.35,7.82
361.748,7.39,7.52,7.24,8.04,9.86,7.54,8.71,6.34,7.41,9.18
362.114,7.37,7.46,7.21,8.11,9.78,7.57,8.73,6.37,7.34,9.62
362.481,7.45,7.5,7.24,8.17,9.85,7.55,8.71,6.33,7.35,10.74
362.847,7.49,7.52,7.23,8.21,9.93,7.57,8.72,6.34,7.3,7.24
363.214,7.55,7.56,7.2,8.25,9.95,7.49,8.74,6.3,7.33,7.59
363.58,7.5,7.55,7.15,8.26,9.93,7.52,8.64,6.29,7.31,8.96
363.946,7.58,7.63,7.24,8.44,10.09,7.46,8.77,6.41,7.37,9.18
364.312,7.63,7.57,7.16,8.37,10.15,7.36,8.81,6.48,7.26,7.35
364.678,7.67,7.58,7.15,8.43,10.16,7.34,8.93,6.54,7.32,7.86
365.045,7.78,7.62,7.23,8.46,10.25,7.46,9.06,6.57,7.4,7.29
365.411,7.83,7.62,7.28,8.5,10.29,7.45,9.04,6.59,7.37,9.26
365.777,7.85,7.56,7.15,8.41,10.22,7.42,9.03,6.57,7.35,7.95
366.143,7.89,7.67,7.24,8.37,10.38,7.45,9.11,6.55,7.43,9.68
366.509,7.91,7.59,7.24,8.43,10.32,7.48,9.16,6.55,7.45,10.68
366.875,7.91,7.54,7.35,8.45,10.37,7.44,9.23,6.58,7.48,9.68
367.241,7.94,7.53,7.44,8.5,10.37,7.43,9.34,6.64,7.46,9.6
367.606,8.04,7.52,7.5,8.66,10.46,7.4,9.35,6.62,7.49,8.99
367.972,8,7.53,7.42,8.62,10.46,7.39,9.34,6.56,7.35,7.92
368.338,7.87,7.52,7.46,8.69,10.45,7.4,9.29,6.49,7.38,6.54
368.704,7.88,7.54,7.53,8.7,10.48,7.41,9.27,6.48,7.35,8.78
369.069,7.85,7.51,7.56,8.81,10.52,7.38,9.22,6.52,7.39,8.21
369.435,7.88,7.49,7.51,8.83,10.48,7.38,9.25,6.53,7.36,8.71
369.801,7.91,7.43,7.51,8.96,10.52,7.36,9.25,6.56,7.33,9.36
370.166,8.03,7.44,7.52,9.07,10.45,7.28,9.28,6.59,7.27,8.92
370.532,8.11,7.61,7.56,9.14,10.56,7.28,9.38,6.63,7.23,9.09
370.897,8.24,7.71,7.55,9.28,10.69,7.34,9.52,6.68,7.29,8.99
371.263,8.23,7.68,7.45,9.35,10.75,7.32,9.47,6.61,7.28,11.48
371.628,8.28,7.78,7.45,9.33,10.86,7.4,9.59,6.68,7.31,9.49
371.993,8.38,7.73,7.53,9.4,10.89,7.39,9.65,6.71,7.38,8.65
372.359,8.59,7.85,7.53,9.57,11,7.44,9.71,6.76,7.45,8.38
372.724,8.63,7.85,7.46,9.7,11,7.55,9.79,6.78,7.37,8.11
373.089,8.67,7.87,7.4,9.61,10.87,7.45,9.81,6.74,7.26,10
373.454,8.76,7.88,7.46,9.67,11,7.45,9.86,6.76,7.28,9.37
373.82,8.83,7.93,7.53,9.64,11.07,7.46,9.91,6.8,7.32,7.17
374.185,8.8,7.84,7.52,9.64,11.13,7.49,9.95,6.83,7.34,9.59
374.55,8.84,7.72,7.6,9.69,11.16,7.52,9.94,6.82,7.36,9.35
374.915,8.86,7.65,7.57,9.78,11.06,7.52,9.94,6.79,7.37,9.2
375.28,8.93,7.64,7.59,9.77,11.05,7.48,10,6.85,7.35,10.48
375.645,9.04,7.64,7.61,9.82,11.06,7.42,10.01,6.85,7.31,9.65
376.01,9.06,7.68,7.66,9.93,11.16,7.49,10.03,6.96,7.35,10.34
376.374,9.04,7.68,7.69,9.99,11.17,7.55,10.13,7.04,7.36,11.48
376.739,9.05,7.69,7.73,9.96,11.24,7.52,10.1,7.04,7.42,9.5
377.104,9.15,7.72,7.84,10.14,11.3,7.65,10.19,7.1,7.48,9.47
377.469,9.19,7.72,7.85,10.23,11.32,7.67,10.23,7.13,7.5,9.72
377.833,9.24,7.79,7.86,10.34,11.32,7.75,10.24,7.13,7.52,10.9
378.198,9.34,7.85,7.92,10.44,11.41,7.84,10.31,7.15,7.52,9.95
378.563,9.45,7.98,8,10.58,11.49,7.89,10.45,7.25,7.57,11.63
378.927,9.53,8.12,8.01,10.58,11.59,7.87,10.39,7.32,7.52,10.29
379.292,9.54,8.14,8.11,10.74,11.66,7.97,10.43,7.35,7.59,12.06
379.656,9.56,8.07,8.13,10.87,11.67,7.98,10.52,7.38,7.63,9.11
380.021,9.53,7.98,8.04,10.88,11.62,7.93,10.45,7.27,7.59,10.08
380.385,9.64,7.99,8.09,10.88,11.67,7.91,10.5,7.29,7.59,9.71
380.749,9.71,8.09,8.18,10.98,11.71,7.88,10.61,7.34,7.62,10.37
381.114,9.77,8.05,8.2,11.03,11.82,7.88,10.6,7.4,7.65,9.5
381.478,9.7,8.02,8.16,11.02,11.87,7.89,10.7,7.38,7.62,11.26
381.842,9.75,8.05,8.23,11.06,11.97,7.89,10.77,7.44,7.62,10.18
382.206,9.85,8.02,8.25,11.1,12.03,7.86,10.78,7.46,7.67,10.46
382.571,9.87,7.96,8.19,11.06,12.1,7.84,10.76,7.46,7.7,8.84
382.935,9.86,7.87,8.25,11.11,12.11,7.88,10.79,7.43,7.71,9.86
383.299,9.93,7.89,8.27,11.22,12.14,7.89,10.85,7.46,7.67,10.66
383.663,9.99,7.91,8.32,11.25,12.17,7.92,10.78,7.46,7.69,9.69
384.027,10.15,7.98,8.39,11.33,12.34,7.96,10.93,7.62,7.71,9.31
384.391,10.17,7.97,8.43,11.34,12.31,7.94,10.92,7.63,7.68,9.56
384.755,10.27,7.98,8.45,11.41,12.42,8.07,10.89,7.7,7.7,9.79
385.118,10.32,8.03,8.36,11.45,12.5,8.07,10.93,7.71,7.67,10.17
385.482,10.45,8.1,8.43,11.54,12.47,8.05,10.99,7.8,7.7,11.8
385.846,10.46,8.08,8.4,11.62,12.49,8.01,11.04,7.82,7.68,10.73
386.21,10.34,8.12,8.37,11.71,12.48,8.06,11.02,7.84,7.62,9.02
386.573,10.38,8.15,8.38,11.82,12.51,8.1,10.99,7.85,7.63,11.31
386.937,10.39,8.22,8.45,11.89,12.59,8.15,11.03,7.96,7.64,11.29
387.301,10.52,8.25,8.5,11.89,12.64,8.23,11.08,8,7.7,10.87
387.664,10.6,8.28,8.49,11.92,12.68,8.3,11.13,8.07,7.73,10.32
388.028,10.62,8.34,8.6,11.96,12.7,8.37,11.18,8.07,7.77,10.14
388.391,10.76,8.4,8.67,12.08,12.79,8.46,11.25,8.2,7.84,13.09
388.755,10.84,8.39,8.62,12.18,12.82,8.44,11.31,8.19,7.81,10.98
389.118,10.88,8.4,8.67,12.21,12.76,8.47,11.35,8.19,7.79,10.61
389.481,10.96,8.42,8.74,12.26,12.87,8.52,11.37,8.19,7.83,12.64
389.845,11.05,8.47,8.79,12.38,12.91,8.58,11.42,8.28,7.9,9.35
390.208,11.23,8.54,8.9,12.48,13.03,8.59,11.52,8.37,7.97,11.9
390.571,11.27,8.55,8.98,12.51,13.05,8.61,11.59,8.43,7.95,12.22
390.934,11.43,8.62,8.97,12.63,13.08,8.65,11.75,8.48,8.03,10.55
391.298,11.44,8.72,9,12.72,13.19,8.65,11.81,8.55,8.05,11.4
391.661,11.49,8.78,9.04,12.74,13.32,8.69,11.95,8.65,8.06,12.25
392.024,11.57,8.89,9.06,12.82,13.4,8.77,12,8.69,8.04,10.86
392.387,11.55,8.95,9.05,12.94,13.51,8.82,12.07,8.7,8.1,10.68
392.75,11.55,8.92,9.14,12.91,13.49,8.81,12.08,8.75,8.15,11.17
393.113,11.55,8.98,9.21,13.01,13.59,8.86,12.06,8.88,8.22,13.47
393.476,11.65,9.07,9.31,13.06,13.65,8.99,12.13,9.01,8.25,12.5
393.838,11.75,9.08,9.34,13.09,13.71,9.06,12.16,9.02,8.29,12.68
394.201,11.79,9.1,9.37,13.14,13.65,9.06,12.16,9.07,8.29,12.47
394.564,11.93,9.22,9.41,13.2,13.74,9.17,12.27,9.13,8.35,11.94
394.927,12.01,9.28,9.45,13.24,13.79,9.22,12.26,9.14,8.31,13.25
395.289,12.04,9.3,9.51,13.27,13.77,9.27,12.34,9.2,8.36,11.86
395.652,12.07,9.3,9.57,13.38,13.76,9.25,12.36,9.16,8.42,10.32
396.015,12.16,9.28,9.58,13.42,13.75,9.33,12.39,9.21,8.45,11.94
396.377,12.22,9.35,9.67,13.51,13.76,9.35,12.46,9.25,8.46,11.7
396.74,12.31,9.49,9.74,13.67,13.9,9.5,12.57,9.32,8.51,14.03
397.102,12.55,9.55,9.87,13.84,13.98,9.6,12.73,9.38,8.57,12.07
397.465,12.57,9.54,9.85,13.98,14.03,9.59,12.74,9.36,8.59,11.84
397.827,12.66,9.61,9.96,14.08,14.11,9.68,12.84,9.49,8.64,11.17
398.189,12.73,9.68,9.93,14.19,14.2,9.76,12.95,9.52,8.68,13.06
398.552,12.76,9.67,9.98,14.29,14.21,9.76,12.98,9.61,8.68,12.66
398.914,12.77,9.65,10.03,14.26,14.21,9.77,13.01,9.65,8.72,12.25
399.276,12.88,9.73,10.03,14.37,14.29,9.74,13.07,9.69,8.71,11.68
399.638,13.05,9.84,10.13,14.5,14.38,9.87,13.18,9.81,8.76,12.55
400,13.1,9.95,10.25,14.57,14.48,9.86,13.21,9.89,8.86,9.96
400.363,13.15,9.98,10.29,14.61,14.54,9.91,13.22,9.91,8.86,13.72
400.725,13.21,9.95,10.33,14.64,14.54,9.9,13.26,9.94,8.91,12.12
401.087,13.1,9.93,10.28,14.57,14.51,9.87,13.23,9.91,8.9,12.65
401.449,13.11,9.97,10.37,14.6,14.57,9.94,13.28,10.03,8.96,13.27
401.81,13.16,9.99,10.39,14.59,14.61,9.99,13.29,10.02,8.98,11.83
402.172,13.24,10.15,10.61,14.7,14.69,10.16,13.39,10.12,9.09,13.62
402.534,13.23,10.22,10.64,14.78,14.74,10.18,13.42,10.12,9.14,12.72
402.896,13.36,10.32,10.73,14.93,14.91,10.28,13.54,10.2,9.19,13.05
403.258,13.4,10.36,10.83,14.92,14.92,10.39,13.52,10.26,9.24,12.47
403.619,13.4,10.43,10.93,14.94,15.04,10.44,13.45,10.3,9.26,11.91
403.981,13.45,10.47,10.9,15.04,15.09,10.49,13.53,10.34,9.28,12.96
404.343,13.52,10.47,10.91,15.1,15.14,10.51,13.56,10.39,9.3,11.83
404.704,13.58,10.55,10.97,15.13,15.21,10.55,13.61,10.43,9.32,12.96
405.066,13.7,10.64,10.98,15.26,15.29,10.64,13.66,10.48,9.32,12.81
405.427,13.83,10.74,10.99,15.29,15.31,10.62,13.74,10.51,9.33,12.47
405.789,13.85,10.87,11.03,15.5,15.42,10.65,13.8,10.58,9.32,14.15
406.15,13.91,10.83,11,15.51,15.43,10.61,13.76,10.59,9.3,13.3
406.512,13.99,10.79,11.04,15.48,15.46,10.62,13.74,10.63,9.27,12.99
406.873,14.01,10.83,11.05,15.54,15.39,10.65,13.77,10.66,9.34,14.18
407.234,14.11,10.86,11.09,15.66,15.49,10.66,13.88,10.71,9.38,12.94
407.596,14.17,10.88,11.04,15.69,15.44,10.64,13.93,10.73,9.36,13.5
407.957,14.21,10.88,11.03,15.7,15.4,10.65,13.92,10.76,9.36,12.62
408.318,14.32,10.94,11.13,15.74,15.46,10.7,13.97,10.86,9.4,12.6
408.679,14.37,10.91,11.21,15.82,15.49,10.72,13.93,10.93,9.44,14.24
409.04,14.47,11.07,11.36,15.86,15.61,10.81,14.04,11.07,9.53,13.45
409.401,14.5,11.08,11.41,15.94,15.68,10.9,14.06,11.1,9.55,13.09
409.762,14.49,11.05,11.46,15.88,15.57,10.88,14.05,11.16,9.59,13.73
410.123,14.56,11.06,11.47,15.89,15.58,10.95,14.1,11.19,9.63,14.19
410.484,14.58,11.21,11.54,15.99,15.62,11.03,14.27,11.26,9.7,13.84
410.845,14.65,11.23,11.67,16.08,15.72,11.03,14.28,11.37,9.68,14.01
411.206,14.67,11.22,11.72,16.16,15.79,11.12,14.3,11.46,9.74,13.08
411.567,14.71,11.28,11.8,16.24,15.86,11.21,14.39,11.49,9.8,15.68
411.927,14.74,11.29,11.89,16.35,15.92,11.3,14.46,11.59,9.83,13.06
412.288,14.71,11.28,11.89,16.4,15.88,11.35,14.51,11.58,9.89,12.89
412.649,15.16,11.8,12.2,16.93,16.33,11.87,14.91,11.95,10.06,12.2
413.009,15.16,11.75,12.24,17.01,16.32,11.87,14.94,11.94,10.14,14.01
413.37,15.17,11.8,12.3,17.08,16.31,11.9,14.95,12.01,10.16,14.02
413.731,15.29,11.9,12.36,17.16,16.44,11.93,15.08,12.08,10.2,12.91
414.091,15.34,11.95,12.48,17.25,16.49,11.96,15.23,12.12,10.23,13.68
414.452,15.46,11.95,12.47,17.34,16.52,11.99,15.13,12.16,10.23,18.18
414.812,15.52,11.98,12.46,17.36,16.52,12.09,15.2,12.18,10.31,11.64
415.172,15.57,12.1,12.49,17.43,16.47,12.07,15.23,12.2,10.37,13.58
415.533,15.62,12.18,12.52,17.49,16.51,12.05,15.26,12.3,10.44,13.95
415.893,15.67,12.23,12.61,17.52,16.52,12.13,15.3,12.28,10.47,14.65
416.253,15.74,12.34,12.66,17.6,16.57,12.14,15.36,12.37,10.49,15.27
416.613,15.41,12.01,12.44,17.21,16.23,11.84,15.17,12.16,10.4,14.24
416.974,15.48,12.06,12.5,17.31,16.22,11.89,15.25,12.23,10.37,13.56
417.334,15.56,12.06,12.54,17.35,16.25,11.96,15.28,12.25,10.41,13.85
417.694,15.63,12.02,12.6,17.39,16.35,12.03,15.31,12.28,10.45,12.82
418.054,15.63,12.06,12.6,17.34,16.4,12.08,15.25,12.34,10.45,13.72
418.414,15.64,12.1,12.75,17.37,16.47,12.12,15.37,12.43,10.5,14.13
418.774,15.64,12.14,12.8,17.42,16.52,12.14,15.36,12.45,10.48,14.38
419.134,15.65,12.17,12.88,17.44,16.57,12.24,15.36,12.49,10.46,13.91
419.494,15.67,12.19,12.93,17.53,16.63,12.32,15.44,12.53,10.43,14.96
419.853,15.73,12.24,12.97,17.6,16.63,12.3,15.45,12.57,10.5,13.48
420.213,15.85,12.19,13.06,17.66,16.69,12.34,15.46,12.59,10.55,15.48
420.573,15.96,12.24,13.13,17.76,16.73,12.28,15.4,12.6,10.57,16.16
420.933,15.95,12.33,13.17,17.73,16.83,12.36,15.39,12.68,10.62,13.99
421.292,16.04,12.46,13.19,17.82,16.82,12.44,15.45,12.71,10.65,14.6
421.652,16.02,12.53,13.18,17.89,16.74,12.51,15.45,12.72,10.68,14.63
422.011,16.12,12.66,13.25,18.1,16.87,12.61,15.52,12.78,10.79,15.73
422.371,16.17,12.7,13.22,18.15,16.87,12.68,15.55,12.74,10.81,14.99
422.73,16.27,12.89,13.32,18.3,16.93,12.78,15.67,12.85,10.93,14.67
423.09,16.34,12.96,13.38,18.42,16.98,12.91,15.76,12.93,10.95,15.3
423.449,16.41,12.99,13.39,18.41,17.01,12.96,15.74,12.95,10.93,16.28
423.809,16.48,13.08,13.42,18.5,17.11,13.14,15.85,13.08,10.91,15.88
424.168,16.47,13.17,13.42,18.5,17.16,13.2,15.86,13.13,10.9,14.61
424.527,16.44,13.26,13.4,18.51,17.18,13.32,15.93,13.2,10.93,13.94
424.887,16.46,13.27,13.48,18.56,17.22,13.28,15.99,13.21,10.98,14.37
425.246,16.47,13.25,13.55,18.64,17.26,13.27,16.05,13.24,11,15.05
425.605,16.56,13.28,13.64,18.71,17.32,13.32,16.1,13.34,11.04,15.75
425.964,16.62,13.22,13.65,18.7,17.29,13.34,16.07,13.36,10.98,15.65
426.323,16.66,13.33,13.71,18.78,17.33,13.42,16.1,13.47,11.03,15.68
426.682,16.62,13.28,13.67,18.71,17.3,13.4,16.09,13.46,11,13.81
427.041,16.64,13.38,13.64,18.75,17.33,13.44,16.17,13.51,11.1,15.75
427.4,16.68,13.42,13.72,18.85,17.31,13.56,16.21,13.54,11.19,14.71
427.759,16.72,13.47,13.82,18.9,17.36,13.54,16.25,13.56,11.22,14.75
428.118,16.78,13.55,13.87,18.96,17.38,13.63,16.31,13.61,11.28,13.54
428.477,16.87,13.52,13.99,19.05,17.41,13.67,16.31,13.7,11.3,15.01
428.835,16.98,13.59,14.01,19.14,17.4,13.72,16.39,13.75,11.36,15.17
429.194,17.01,13.72,14.05,19.15,17.44,13.79,16.41,13.82,11.42,15.56
429.553,17.06,13.8,14.07,19.19,17.45,13.83,16.43,13.84,11.48,15.2
429.911,17.1,13.94,14.18,19.21,17.51,13.83,16.53,13.89,11.56,15.37
430.27,17.15,13.95,14.27,19.19,17.52,13.9,16.58,13.91,11.6,16.3
430.629,17.27,14.02,14.4,19.37,17.63,14.09,16.7,14.03,11.67,16.63
430.987,17.37,13.98,14.49,19.39,17.66,14.08,16.7,14.05,11.63,16.27
431.346,17.37,14.05,14.51,19.4,17.63,14.06,16.76,14.08,11.63,15.72
431.704,17.44,14.09,14.54,19.44,17.69,14.14,16.84,14.16,11.72,15.12
432.062,17.51,14.15,14.59,19.59,17.68,14.18,16.94,14.2,11.74,16.09
432.421,17.53,14.21,14.62,19.62,17.7,14.22,17.04,14.21,11.73,15.83
432.779,17.56,14.27,14.69,19.78,17.73,14.35,17.07,14.24,11.77,15.76
433.137,17.64,14.28,14.71,19.84,17.77,14.4,17.08,14.31,11.76,15.33
433.496,17.7,14.39,14.75,19.86,17.84,14.51,17.15,14.36,11.76,16.34
433.854,17.69,14.43,14.73,19.96,17.83,14.57,17.16,14.41,11.76,16.43
434.212,17.67,14.46,14.77,20.07,17.87,14.53,17.14,14.45,11.77,15.72
434.57,17.75,14.48,14.85,20.05,17.81,14.53,17.17,14.47,11.78,15.56
434.928,17.76,14.5,14.9,20.04,17.83,14.59,17.22,14.55,11.84,16.87
435.286,17.79,14.52,14.97,20.09,17.87,14.59,17.23,14.59,11.83,14.91
435.644,17.78,14.53,15.09,20.17,17.86,14.61,17.24,14.61,11.86,16.12
436.002,17.79,14.6,15.09,20.13,17.89,14.59,17.26,14.67,11.93,14.98
436.36,17.82,14.67,15.14,20.21,17.94,14.6,17.27,14.61,12,16.72
436.718,17.77,14.64,15.08,20.11,17.92,14.57,17.25,14.63,11.96,15.56
437.075,17.84,14.71,15.13,20.2,17.97,14.66,17.36,14.66,12.04,16.46
437.433,17.86,14.73,15.16,20.24,17.96,14.63,17.42,14.67,12.04,16.54
437.791,17.91,14.77,15.22,20.27,17.96,14.62,17.47,14.7,12.02,16.33
438.149,17.94,14.8,15.19,20.27,17.96,14.72,17.54,14.77,12.04,17.17
438.506,17.89,14.77,15.13,20.27,18.07,14.64,17.5,14.74,12.04,16.34
438.864,17.96,14.87,15.22,20.35,18.09,14.68,17.49,14.73,12.04,17.08
439.221,18.03,14.89,15.25,20.41,18.15,14.75,17.6,14.8,12.1,16.54
439.579,18.15,14.98,15.24,20.45,18.13,14.81,17.64,14.85,12.15,16.98
439.936,18.16,15.03,15.3,20.48,18.13,14.92,17.64,14.86,12.11,17.67
440.294,18.2,15.03,15.36,20.44,18.13,14.99,17.67,14.97,12.1,16.45
440.651,18.29,15.14,15.46,20.55,18.19,15.08,17.74,15,12.16,16.17
441.009,18.3,15.16,15.54,20.52,18.18,15.04,17.65,15,12.15,16.16
441.366,18.37,15.15,15.59,20.61,18.25,15.13,17.64,15.03,12.21,17.27
441.723,18.42,15.2,15.64,20.65,18.24,15.28,17.67,15.07,12.31,17.37
442.08,18.62,15.33,15.73,20.8,18.27,15.32,17.73,15.06,12.37,17.2
442.437,18.66,15.48,15.81,20.87,18.26,15.46,17.8,15.11,12.4,15.54
442.795,18.64,15.52,15.82,20.91,18.28,15.52,17.85,15.15,12.45,16.81
443.152,18.66,15.61,15.89,21,18.29,15.57,17.84,15.19,12.54,16.78
443.509,18.68,15.61,15.85,20.98,18.35,15.6,17.81,15.15,12.56,16.39
443.866,18.67,15.58,15.89,21.06,18.35,15.56,17.76,15.18,12.63,16.12
444.223,18.75,15.6,15.83,21.19,18.36,15.61,17.82,15.21,12.72,17.53
444.58,18.82,15.56,15.94,21.18,18.39,15.62,17.85,15.26,12.76,17.53
444.936,18.88,15.66,15.95,21.27,18.44,15.68,17.97,15.3,12.83,17.03
445.293,18.88,15.83,15.98,21.24,18.39,15.75,17.97,15.41,12.85,17.17
445.65,18.9,15.86,16.05,21.25,18.5,15.79,17.98,15.42,12.89,17.94
446.007,18.87,15.82,16.07,21.25,18.5,15.84,18,15.49,12.9,16.3
446.363,18.88,15.82,16.1,21.28,18.47,15.89,18.08,15.54,12.96,18.1
446.72,18.95,15.87,16.16,21.36,18.5,15.92,18.07,15.61,13,16.09
447.077,19.02,15.92,16.23,21.38,18.54,15.96,18.08,15.61,13.01,19.59
447.433,19.01,16.01,16.31,21.44,18.57,15.99,18.12,15.68,13.01,17.72
447.79,19.15,16.11,16.37,21.46,18.62,16.13,18.22,15.71,13.07,17.88
448.146,19.12,16.2,16.43,21.45,18.63,16.18,18.19,15.79,13.1,18.01
448.503,19.14,16.34,16.43,21.52,18.63,16.28,18.23,15.82,13.14,17.55
448.859,19.17,16.33,16.45,21.47,18.6,16.3,18.22,15.86,13.13,17.85
449.215,19.23,16.33,16.59,21.59,18.73,16.33,18.32,15.91,13.14,17.24
449.572,19.28,16.37,16.59,21.64,18.74,16.36,18.36,15.98,13.2,17.04
449.928,19.27,16.47,16.67,21.66,18.8,16.39,18.39,16.01,13.21,18.28
450.284,19.37,16.52,16.67,21.74,18.85,16.45,18.41,16.04,13.23,17.29
450.641,19.33,16.54,16.71,21.76,18.8,16.46,18.4,16,13.24,17.58
450.997,19.28,16.64,16.71,21.79,18.81,16.5,18.47,16.08,13.26,16.34
451.353,19.3,16.63,16.78,21.75,18.78,16.51,18.47,16.14,13.27,16.04
451.709,19.26,16.7,16.74,21.74,18.77,16.52,18.44,16.15,13.22,17.53
452.065,19.34,16.79,16.86,21.81,18.76,16.55,18.5,16.17,13.25,15.95
452.421,19.35,16.77,16.82,21.8,18.77,16.53,18.46,16.2,13.22,19.61
452.777,19.32,16.87,16.88,21.81,18.73,16.63,18.45,16.2,13.22,18.31
453.133,19.34,16.95,16.84,21.8,18.65,16.61,18.47,16.22,13.28,18.11
453.488,19.24,16.92,16.88,21.79,18.6,16.67,18.5,16.13,13.28,18.54
453.844,19.31,16.99,16.92,21.85,18.58,16.68,18.52,16.19,13.37,17.57
454.2,19.29,17,17.07,21.77,18.61,16.72,18.47,16.22,13.38,16.97
454.556,19.44,17.09,17.1,21.8,18.68,16.8,18.51,16.31,13.42,16.01
454.911,19.51,17.1,17.14,21.81,18.71,16.88,18.51,16.31,13.44,18.98
455.267,19.6,17.16,17.17,21.96,18.78,16.95,18.53,16.29,13.47,17.48
455.623,19.64,17.17,17.2,22.06,18.84,17,18.59,16.31,13.51,18.85
455.978,19.65,17.18,17.19,22.03,18.86,17.04,18.62,16.32,13.5,19.19
456.334,19.73,17.32,17.22,22.14,18.92,17.05,18.71,16.35,13.6,17.78
456.689,19.76,17.35,17.21,22.22,18.98,17.06,18.79,16.39,13.62,17.01
457.045,19.78,17.31,17.23,22.23,19.01,17.06,18.73,16.34,13.64,17.68
457.4,19.91,17.44,17.24,22.29,18.98,17.04,18.74,16.43,13.64,17.95
457.755,19.88,17.37,17.17,22.26,18.95,17.09,18.71,16.38,13.56,19.85
458.111,19.93,17.47,17.13,22.33,18.93,17.09,18.74,16.4,13.55,17.73
458.466,19.88,17.47,17.12,22.26,18.89,17.12,18.76,16.38,13.59,17.45
458.821,19.97,17.44,17.12,22.28,18.87,17.15,18.77,16.36,13.59,18.66
459.176,19.97,17.43,17.07,22.25,18.76,17.11,18.8,16.37,13.62,19.24
459.531,20.01,17.54,17.17,22.28,18.8,17.13,18.82,16.46,13.69,17.04
459.886,20.03,17.5,17.18,22.25,18.75,17.15,18.89,16.5,13.69,17.8
460.242,19.96,17.45,17.23,22.16,18.65,17.26,18.83,16.55,13.65,17.88
460.597,19.98,17.45,17.27,22.17,18.66,17.28,18.8,16.57,13.66,18.01
460.951,20.01,17.49,17.29,22.15,18.59,17.38,18.87,16.67,13.65,17.76
461.306,20.02,17.53,17.37,22.24,18.71,17.41,18.91,16.69,13.65,17.18
461.661,20.08,17.66,17.49,22.27,18.71,17.43,18.99,16.78,13.72,18.23
462.016,20.06,17.67,17.45,22.29,18.76,17.39,19,16.8,13.75,17.96
462.371,20.03,17.69,17.51,22.36,18.79,17.39,19.05,16.83,13.7,17.02
462.726,20.05,17.81,17.59,22.37,18.79,17.45,19.02,16.89,13.78,19.4
463.08,20.07,17.95,17.73,22.39,18.84,17.56,19.1,16.94,13.81,18.39
463.435,20.03,17.86,17.77,22.27,18.79,17.56,19.09,16.9,13.81,18.33
463.79,20,17.93,17.77,22.31,18.8,17.56,19.06,16.9,13.84,17.97
464.144,20.09,18,17.86,22.39,18.86,17.53,19.07,16.89,13.86,18.8
464.499,20.14,18.03,17.9,22.39,18.86,17.55,19.08,16.89,13.89,18.44
464.853,20.12,18.06,17.93,22.49,18.97,17.54,19.03,16.91,13.91,17.88
465.208,20.14,18.07,17.96,22.46,18.9,17.63,19,16.95,13.96,17.31
465.562,20.18,18.17,18,22.54,18.94,17.75,19,16.98,14.02,17.39
465.916,20.15,18.19,18.1,22.59,18.84,17.81,18.93,16.96,14.04,15.62
466.271,20.2,18.22,18.09,22.64,18.83,17.88,18.98,17.01,14.05,17.54
466.625,20.24,18.24,18.07,22.62,18.85,17.94,19.06,17.04,14.02,18.08
466.979,20.24,18.28,18.06,22.6,18.88,17.91,19.06,17.08,14.06,17.03
467.333,20.3,18.38,18.03,22.72,18.87,17.96,19.09,17.15,14.09,17.96
467.688,20.38,18.47,18.09,22.75,18.92,18.05,19.12,17.12,14.12,17.5
468.042,20.35,18.57,18.12,22.75,18.93,18.12,19.15,17.16,14.19,16.81
468.396,20.34,18.57,18.12,22.79,18.93,18.12,19.17,17.22,14.2,16.83
468.75,20.38,18.58,18.17,22.72,18.85,18.19,19.25,17.19,14.23,19.97
469.104,20.42,18.58,18.15,22.77,18.89,18.17,19.29,17.24,14.22,20.11
469.458,20.42,18.52,18.14,22.7,18.87,18.11,19.3,17.24,14.25,18.62
469.811,20.54,18.58,18.16,22.68,18.94,18.14,19.43,17.28,14.29,18.01
470.165,20.64,18.65,18.16,22.67,18.97,18.26,19.47,17.29,14.4,17.7
470.519,20.64,18.7,18.23,22.71,19.02,18.31,19.5,17.33,14.5,19.78
470.873,20.63,18.63,18.27,22.8,19.02,18.42,19.55,17.36,14.49,18.97
471.227,20.64,18.64,18.34,22.81,19,18.43,19.6,17.37,14.51,20.72
471.58,20.67,18.71,18.34,22.85,19.06,18.5,19.64,17.45,14.55,19.41
471.934,20.71,18.62,18.31,22.89,19.01,18.47,19.68,17.42,14.54,19.55
472.287,20.76,18.68,18.3,22.89,18.97,18.56,19.63,17.4,14.58,17.16
472.641,20.77,18.73,18.24,22.98,19.02,18.52,19.58,17.4,14.57,17.67
472.995,20.76,18.76,18.23,22.93,18.91,18.56,19.56,17.39,14.58,18.83
473.348,20.75,18.81,18.26,22.98,18.89,18.62,19.56,17.39,14.56,15.91
473.701,20.76,18.85,18.29,22.95,18.86,18.63,19.55,17.39,14.55,17.09
474.055,20.71,18.83,18.33,22.93,18.85,18.54,19.44,17.35,14.52,19.15
474.408,20.69,18.84,18.34,22.93,18.76,18.42,19.34,17.35,14.45,18.7
474.761,20.69,18.92,18.32,22.86,18.7,18.41,19.27,17.34,14.44,18.47
475.115,20.71,18.97,18.32,22.86,18.74,18.48,19.27,17.32,14.44,18.71
475.468,20.64,18.92,18.32,22.8,18.65,18.49,19.21,17.28,14.41,18.74
475.821,20.72,18.99,18.45,22.77,18.65,18.55,19.24,17.33,14.47,18.51
476.174,20.7,19.08,18.53,22.78,18.72,18.62,19.34,17.37,14.53,19.97
476.527,20.73,19.16,18.71,22.8,18.76,18.69,19.4,17.41,14.58,17.37
476.88,20.77,19.26,18.73,22.76,18.79,18.73,19.39,17.43,14.61,18.37
477.233,20.83,19.25,18.75,22.82,18.84,18.75,19.34,17.44,14.63,20.45
477.586,20.85,19.24,18.79,22.83,18.78,18.77,19.29,17.45,14.67,18.41
477.939,20.84,19.25,18.82,22.86,18.76,18.76,19.31,17.48,14.64,19.35
478.292,20.87,19.23,18.78,22.94,18.75,18.84,19.38,17.46,14.67,17.98
478.645,20.84,19.2,18.78,22.97,18.75,18.88,19.41,17.48,14.63,18.38
478.998,20.84,19.2,18.76,22.96,18.7,18.85,19.37,17.49,14.64,17.84
479.35,20.91,19.26,18.81,23.03,18.75,18.83,19.37,17.55,14.66,21.19
479.703,20.82,19.21,18.76,23.05,18.7,18.85,19.31,17.56,14.62,20.37
480.056,20.78,19.17,18.77,23.09,18.65,18.86,19.32,17.58,14.63,20
480.408,20.74,19.09,18.7,23.04,18.59,18.87,19.32,17.62,14.62,18.15
480.761,20.67,19.03,18.8,23.09,18.6,18.85,19.36,17.6,14.63,19.4
481.113,20.66,19.09,18.81,23.06,18.56,18.94,19.42,17.61,14.63,19.53
481.466,20.62,19.11,18.79,23.09,18.59,18.95,19.46,17.61,14.64,17.41
481.818,20.63,19.14,18.76,23.12,18.58,18.99,19.42,17.63,14.71,18.54
482.171,20.64,19.18,18.82,23.12,18.57,18.97,19.42,17.63,14.73,18.83
482.523,20.72,19.24,18.89,23.11,18.55,18.97,19.44,17.6,14.8,18.91
482.875,20.76,19.31,18.98,23.16,18.62,19.06,19.52,17.66,14.86,19
483.228,20.8,19.37,19.05,23.15,18.67,19.1,19.59,17.7,14.87,19.48
483.58,20.84,19.42,19.02,23.14,18.66,19.13,19.57,17.68,14.87,19.65
483.932,20.9,19.4,19.06,23.11,18.67,19.16,19.56,17.66,14.86,18.55
484.284,20.94,19.48,19.03,23.15,18.71,19.23,19.58,17.64,14.89,18.61
484.636,20.95,19.56,19,23.11,18.7,19.31,19.57,17.63,14.89,19.19
484.988,20.88,19.56,19,23.06,18.71,19.27,19.59,17.62,14.89,19.19
485.34,20.86,19.6,19.07,23.09,18.73,19.32,19.63,17.63,14.88,18.11
485.692,20.87,19.65,19.15,23.03,18.75,19.36,19.69,17.61,14.87,18.93
486.044,20.8,19.67,19.14,22.99,18.74,19.37,19.71,17.58,14.87,19.19
486.396,20.75,19.7,19.11,23,18.72,19.38,19.71,17.6,14.87,18.4
486.748,20.71,19.73,19.07,22.95,18.66,19.39,19.64,17.57,14.84,18.45
487.1,20.66,19.71,19.13,22.92,18.62,19.39,19.66,17.54,14.82,18.89
487.451,20.67,19.73,19.14,22.89,18.64,19.4,19.68,17.56,14.79,18.61
487.803,20.66,19.75,19.13,22.88,18.61,19.43,19.64,17.54,14.77,17.09
488.155,20.63,19.81,19.17,22.89,18.57,19.43,19.65,17.56,14.74,17.92
488.506,20.64,19.79,19.21,22.87,18.58,19.46,19.66,17.59,14.76,18.43
488.858,20.7,19.85,19.19,22.83,18.56,19.48,19.68,17.58,14.78,18
489.209,20.72,19.91,19.17,22.8,18.51,19.52,19.67,17.57,14.75,17.42
489.561,20.72,19.95,19.16,22.81,18.48,19.56,19.66,17.61,14.76,17.65
489.912,20.83,20.01,19.15,22.8,18.49,19.64,19.69,17.63,14.78,18.83
490.264,20.87,20,19.16,22.81,18.53,19.69,19.69,17.65,14.79,18.42
490.615,20.93,20.06,19.2,22.82,18.52,19.7,19.74,17.67,14.8,18.54
490.966,20.96,20.08,19.11,22.82,18.54,19.77,19.76,17.7,14.84,19.54
491.318,20.97,20.16,19.08,22.81,18.52,19.81,19.82,17.71,14.88,18.38
491.669,20.98,20.22,19.05,22.76,18.49,19.8,19.81,17.68,14.89,19.46
492.02,21.02,20.22,19.05,22.76,18.5,19.85,19.78,17.67,14.9,19.02
492.371,21.07,20.25,19,22.82,18.46,19.82,19.8,17.64,14.92,19.32
492.722,21.09,20.24,19.03,22.89,18.44,19.85,19.8,17.66,14.94,19.49
493.073,21.07,20.21,19.03,22.88,18.45,19.81,19.79,17.69,14.94,19.17
493.424,21.07,20.27,19.02,22.93,18.48,19.86,19.83,17.66,14.96,18.18
493.775,20.96,20.2,19.02,22.9,18.43,19.78,19.78,17.65,14.92,18.03
494.126,20.94,20.28,19.04,22.88,18.38,19.8,19.78,17.64,14.91,18.32
494.477,20.88,20.23,19.03,22.85,18.37,19.78,19.79,17.61,14.92,18.67
494.828,20.83,20.25,19.02,22.83,18.28,19.74,19.75,17.52,14.9,18.98
495.179,20.84,20.24,19.07,22.81,18.25,19.75,19.73,17.55,14.92,18.84
495.53,20.86,20.29,19.07,22.87,18.27,19.76,19.79,17.59,14.97,18.93
495.88,20.85,20.29,19.08,22.89,18.26,19.72,19.8,17.6,14.99,18.79
496.231,20.8,20.33,19.05,22.81,18.23,19.78,19.74,17.57,14.99,18.38
496.582,20.8,20.36,19.07,22.81,18.26,19.79,19.74,17.57,14.96,18.08
496.932,20.82,20.38,19.07,22.84,18.16,19.8,19.75,17.57,14.98,18.84
497.283,20.86,20.36,19.04,22.79,18.1,19.79,19.74,17.59,14.98,18.01
497.633,20.93,20.39,19.09,22.79,18.04,19.8,19.74,17.63,15.02,18.18
497.984,20.99,20.39,19.16,22.79,18.05,19.78,19.74,17.65,15.04,19.59
498.334,20.96,20.38,19.15,22.82,17.98,19.8,19.63,17.67,15.03,18.31
498.684,20.96,20.36,19.17,22.81,17.98,19.84,19.65,17.71,14.99,18.27
499.035,20.88,20.33,19.21,22.8,17.99,19.82,19.68,17.68,14.96,18.4
499.385,20.83,20.29,19.26,22.78,17.94,19.8,19.68,17.69,14.93,18.21
499.735,20.79,20.29,19.29,22.71,17.85,19.83,19.71,17.67,14.98,19.3
500.086,20.76,20.28,19.36,22.71,17.84,19.78,19.71,17.73,14.98,17.44
500.436,20.73,20.25,19.35,22.69,17.77,19.78,19.65,17.73,14.97,17.25
500.786,20.72,20.28,19.35,22.67,17.76,19.85,19.62,17.72,14.94,19.97
501.136,20.66,20.27,19.41,22.66,17.77,19.79,19.61,17.71,14.92,19.95
501.486,20.64,20.29,19.41,22.67,17.78,19.83,19.63,17.71,14.88,18.45
501.836,20.62,20.32,19.36,22.65,17.74,19.88,19.66,17.67,14.88,18.03
502.186,20.62,20.37,19.35,22.58,17.76,19.89,19.71,17.68,14.88,20.06
502.536,20.59,20.39,19.34,22.58,17.67,19.83,19.67,17.65,14.92,19.69
502.886,20.56,20.43,19.32,22.55,17.63,19.83,19.63,17.63,14.92,17.53
503.235,20.52,20.43,19.29,22.57,17.57,19.83,19.61,17.63,14.94,19.36
503.585,20.52,20.44,19.24,22.6,17.52,19.84,19.53,17.66,14.89,18.6
503.935,20.5,20.4,19.19,22.5,17.44,19.76,19.52,17.63,14.87,17.69
504.285,20.45,20.42,19.17,22.45,17.45,19.8,19.49,17.62,14.91,18.87
504.634,20.47,20.46,19.17,22.49,17.51,19.84,19.53,17.6,15,18.25
504.984,20.48,20.49,19.15,22.42,17.45,19.86,19.47,17.59,14.97,18.05
505.333,20.4,20.54,19.16,22.37,17.48,19.92,19.49,17.59,15,20.09
505.683,20.34,20.53,19.16,22.35,17.44,19.92,19.47,17.59,15.03,19.92
506.032,20.33,20.46,19.21,22.36,17.41,19.89,19.46,17.6,15.01,18.55
506.382,20.31,20.44,19.17,22.28,17.38,19.91,19.45,17.58,14.97,18.37
506.731,20.34,20.39,19.2,22.25,17.35,19.87,19.44,17.55,14.98,19.41
507.08,20.39,20.38,19.25,22.22,17.39,19.89,19.44,17.55,14.97,18.96
507.43,20.32,20.38,19.29,22.14,17.42,19.82,19.45,17.51,14.95,18.66
507.779,20.4,20.46,19.29,22.21,17.44,19.89,19.53,17.5,14.97,17.71
508.128,20.35,20.42,19.25,22.24,17.38,19.82,19.55,17.49,14.98,18.37
508.477,20.3,20.39,19.23,22.19,17.31,19.76,19.5,17.52,14.9,18.79
508.826,20.24,20.37,19.2,22.2,17.33,19.71,19.53,17.53,14.91,18.8
509.176,20.26,20.36,19.18,22.2,17.3,19.71,19.52,17.5,14.9,17.98
509.525,20.25,20.33,19.16,22.22,17.27,19.7,19.47,17.49,14.84,19.05
509.874,20.14,20.37,19.08,22.16,17.27,19.69,19.53,17.48,14.81,18.83
510.222,20.17,20.38,19.15,22.21,17.33,19.72,19.47,17.47,14.86,17.27
510.571,20.17,20.43,19.14,22.2,17.31,19.76,19.44,17.48,14.87,17.54
510.92,20.12,20.46,19.11,22.13,17.27,19.76,19.43,17.46,14.89,19.44
511.269,20.1,20.46,19.08,22.11,17.23,19.79,19.5,17.46,14.95,18.81
511.618,20.01,20.43,19.06,22.11,17.23,19.77,19.45,17.44,14.96,18.76
511.967,20,20.48,19.12,22.06,17.21,19.76,19.5,17.42,14.96,19.09
512.315,20.01,20.5,19.23,22.09,17.21,19.82,19.56,17.38,15,18.97
512.664,20.02,20.46,19.16,22.03,17.07,19.85,19.51,17.35,15.02,18.88
513.012,19.95,20.4,19.13,21.97,17.03,19.76,19.44,17.28,14.98,18.73
513.361,19.91,20.34,19.09,21.87,17.03,19.71,19.43,17.29,14.97,18.29
513.71,19.98,20.37,19.12,21.85,16.93,19.7,19.32,17.24,15.03,19.06
514.058,20,20.37,19.13,21.86,16.87,19.62,19.33,17.32,15.03,18.11
514.406,19.94,20.39,19.03,21.86,16.91,19.62,19.35,17.28,15.01,18.25
514.755,19.88,20.34,18.92,21.79,16.86,19.54,19.29,17.27,14.95,18.61
515.103,19.83,20.34,18.87,21.79,16.85,19.52,19.19,17.25,14.89,19.03
515.451,19.8,20.34,18.87,21.77,16.82,19.53,19.17,17.24,14.8,19.14
515.8,19.81,20.33,18.79,21.67,16.79,19.56,19.16,17.22,14.78,18.41
516.148,19.7,20.29,18.69,21.59,16.68,19.44,19.08,17.2,14.79,17.86
516.496,19.64,20.3,18.72,21.62,16.71,19.48,19.14,17.18,14.73,19.33
516.844,19.64,20.34,18.7,21.59,16.67,19.55,19.2,17.18,14.76,18.27
517.192,19.64,20.35,18.68,21.61,16.61,19.49,19.17,17.16,14.77,18.63
517.54,19.56,20.29,18.64,21.59,16.52,19.44,19.15,17.15,14.71,19.97
517.888,19.45,20.32,18.59,21.5,16.5,19.44,19.23,17.06,14.7,19.84
518.236,19.4,20.28,18.69,21.46,16.46,19.47,19.22,17.09,14.72,17.97
518.584,19.44,20.33,18.78,21.49,16.49,19.51,19.27,17.06,14.72,18.75
518.932,19.46,20.28,18.82,21.5,16.38,19.52,19.25,17.05,14.75,18.6
519.28,19.39,20.19,18.82,21.42,16.3,19.46,19.21,17.03,14.79,20.14
519.628,19.35,20.19,18.83,21.41,16.29,19.4,19.1,16.98,14.75,18.12
519.975,19.38,20.18,18.79,21.34,16.29,19.46,19.11,16.97,14.75,18.31
520.323,19.35,20.17,18.74,21.27,16.27,19.42,19.06,17.01,14.8,17.07
520.671,19.31,20.2,18.7,21.28,16.21,19.37,18.97,16.97,14.77,20.1
521.018,19.23,20.2,18.7,21.23,16.17,19.32,18.95,16.89,14.74,18.63
521.366,19.23,20.2,18.78,21.2,16.26,19.35,18.97,16.87,14.71,17.59
521.713,19.28,20.14,18.8,21.23,16.24,19.4,18.89,16.88,14.67,19.67
522.061,19.3,20.18,18.77,21.17,16.13,19.35,18.86,16.86,14.63,18.36
522.408,19.25,20.17,18.71,21.16,16.09,19.35,18.82,16.88,14.64,18.57
522.756,19.25,20.16,18.73,21.12,16.15,19.36,18.8,16.85,14.65,18.87
523.103,19.24,20.19,18.71,21.08,16.17,19.36,18.79,16.81,14.61,17.92
523.45,19.22,20.17,18.72,21.12,16.17,19.4,18.87,16.84,14.65,18.42
523.798,19.14,20.19,18.78,21.13,16.15,19.36,18.84,16.79,14.59,19.36
524.145,19.11,20.2,18.83,21.09,16.09,19.33,18.88,16.74,14.56,18.31
524.492,19.12,20.12,18.91,21.01,16.06,19.33,18.8,16.72,14.54,19.44
524.839,19.2,20.13,18.98,21.01,16.08,19.39,18.84,16.74,14.58,19.33
525.186,19.22,20.19,18.97,20.98,16.08,19.45,18.91,16.79,14.7,18.45
525.533,19.11,20.18,18.88,20.96,15.96,19.34,18.87,16.73,14.71,18.95
525.88,19.05,20.12,18.8,20.9,15.92,19.26,18.92,16.71,14.75,19.56
526.227,19.03,20.12,18.78,20.8,15.87,19.23,18.85,16.66,14.72,17.92
526.574,18.96,20.15,18.75,20.72,15.81,19.23,18.87,16.67,14.73,18.54
526.921,18.98,20.19,18.71,20.74,15.74,19.25,18.92,16.67,14.76,18.52
527.268,19.02,20.15,18.72,20.69,15.62,19.2,18.84,16.65,14.75,19.32
527.615,19.03,20.1,18.61,20.61,15.58,19.17,18.81,16.62,14.76,18.62
527.961,19.05,20.07,18.55,20.66,15.6,19.17,18.81,16.57,14.75,19.42
528.308,19,20.05,18.51,20.59,15.54,19.12,18.91,16.52,14.73,17.36
528.655,18.85,20.02,18.44,20.55,15.54,19.08,18.82,16.49,14.69,17.36
529.001,18.77,19.91,18.37,20.44,15.44,18.98,18.68,16.41,14.59,20.39
529.348,18.75,19.9,18.39,20.31,15.44,18.98,18.66,16.4,14.53,20.64
529.694,18.73,19.91,18.43,20.34,15.46,19.03,18.55,16.35,14.47,16.97
530.041,18.68,19.87,18.49,20.34,15.44,19.03,18.59,16.33,14.47,19.21
530.387,18.65,19.86,18.48,20.29,15.4,19.02,18.58,16.26,14.41,18.34
530.734,18.62,19.87,18.52,20.24,15.4,19.01,18.53,16.22,14.4,19.11
531.08,18.57,19.86,18.46,20.15,15.39,18.96,18.56,16.22,14.38,18.91
531.426,18.54,19.83,18.51,20.15,15.37,18.92,18.58,16.21,14.34,17
531.773,18.55,19.86,18.57,20.05,15.34,18.93,18.47,16.24,14.36,17.86
532.119,18.46,19.92,18.53,20.04,15.36,18.97,18.46,16.28,14.38,16.77
532.465,18.46,19.86,18.44,19.88,15.18,18.97,18.43,16.27,14.37,18.24
532.811,18.44,19.83,18.39,19.88,15.16,18.94,18.39,16.23,14.35,18.69
533.157,18.48,19.85,18.34,19.89,15.13,18.95,18.44,16.21,14.32,17.33
533.503,18.5,19.81,18.25,19.85,15.05,18.93,18.39,16.19,14.28,18.5
533.849,18.43,19.81,18.18,19.82,15.02,18.92,18.37,16.13,14.22,18.76
534.195,18.35,19.76,18.1,19.75,14.98,18.88,18.36,16.15,14.2,17.11
534.541,18.32,19.69,18.03,19.67,14.96,18.83,18.29,16.09,14.19,18.1
534.887,18.17,19.64,18.07,19.59,14.93,18.81,18.23,16.01,14.14,19.73
535.233,18.12,19.64,18,19.47,14.86,18.78,18.19,16.01,14.14,17.22
535.579,18,19.6,17.91,19.45,14.81,18.72,18.21,15.94,14.09,18.7
535.924,17.97,19.52,17.86,19.45,14.78,18.66,18.11,15.91,14.06,18.77
536.27,17.93,19.51,17.87,19.48,14.78,18.61,18.05,15.84,14.04,17.84
536.616,17.87,19.51,17.84,19.4,14.74,18.6,18.08,15.84,14.01,17.61
536.961,17.83,19.48,17.89,19.39,14.73,18.59,18.05,15.79,14.06,17.72
537.307,17.76,19.52,17.94,19.37,14.69,18.54,18.1,15.76,14.08,16.66
537.652,17.75,19.42,17.92,19.29,14.61,18.5,17.98,15.77,14.07,16.95
537.998,17.71,19.34,17.97,19.27,14.55,18.42,17.9,15.7,14.05,17.99
538.343,17.66,19.32,17.97,19.25,14.53,18.47,17.95,15.74,14.03,16.47
538.689,17.71,19.34,17.96,19.29,14.51,18.5,17.97,15.77,14.04,17.89
539.034,17.72,19.38,17.98,19.27,14.51,18.56,18.01,15.76,14.06,18.4
539.379,17.67,19.34,17.96,19.23,14.45,18.48,17.91,15.72,14.03,18.45
539.725,17.66,19.34,17.94,19.14,14.41,18.48,17.93,15.68,14.05,17.28
540.07,17.57,19.35,17.92,19.1,14.43,18.4,18,15.68,14.04,16.15
540.415,17.48,19.37,17.87,19.09,14.44,18.42,17.99,15.65,14.04,18.4
540.76,17.43,19.32,17.85,19.06,14.45,18.41,17.94,15.66,14,17.71
541.105,17.4,19.28,17.78,19,14.42,18.39,17.85,15.63,14,18.49
541.45,17.37,19.34,17.79,18.98,14.41,18.39,17.93,15.65,14,18.43
541.795,17.39,19.37,17.68,18.93,14.42,18.38,17.92,15.65,13.96,16.06
542.14,17.3,19.37,17.68,18.92,14.37,18.3,17.85,15.61,13.93,17.4
542.485,17.22,19.37,17.63,18.85,14.37,18.24,17.81,15.56,13.92,16.79
542.83,17.12,19.28,17.6,18.81,14.34,18.12,17.69,15.53,13.86,16.09
543.175,17.13,19.25,17.63,18.69,14.28,18.12,17.7,15.5,13.87,19.05
543.519,17.02,19.18,17.59,18.63,14.19,18.05,17.64,15.45,13.82,15.65
543.864,17.05,19.18,17.57,18.6,14.12,18.11,17.56,15.45,13.8,17.02
544.209,17.07,19.12,17.54,18.56,14.04,18.03,17.49,15.44,13.79,17.59
544.554,17,19.14,17.48,18.5,13.97,17.98,17.49,15.39,13.79,17.58
544.898,16.94,19.12,17.42,18.42,13.87,17.91,17.45,15.34,13.74,18.05
545.243,16.85,19.06,17.38,18.3,13.86,17.84,17.36,15.25,13.7,16.61
545.587,16.78,19.15,17.35,18.28,13.77,17.83,17.28,15.23,13.73,16.66
545.932,16.78,19.16,17.29,18.18,13.73,17.81,17.23,15.18,13.71,16.71
546.276,16.76,19.12,17.19,18.19,13.7,17.75,17.21,15.16,13.66,17.03
546.621,16.67,19.03,17.12,18.11,13.62,17.7,17.19,15.1,13.61,16.08
546.965,16.62,19,17.07,18.1,13.63,17.64,17.16,15.08,13.56,17.04
547.309,16.61,19.03,17.03,18.06,13.64,17.61,17.14,15.05,13.5,15.72
547.653,16.53,18.99,17.04,17.99,13.65,17.57,17.13,15.01,13.47,15.93
547.998,16.52,18.98,17.1,17.93,13.66,17.51,17.13,14.97,13.42,16.04
548.342,16.52,18.94,17.09,17.88,13.64,17.49,17.09,14.9,13.39,18.11
548.686,16.49,18.95,17.12,17.86,13.7,17.51,17.1,14.93,13.37,17.73
549.03,16.48,18.95,17.11,17.86,13.7,17.54,17.09,14.95,13.41,18.63
549.374,16.4,18.83,17.11,17.78,13.64,17.5,17.15,14.92,13.33,15.32
549.718,16.35,18.77,17.06,17.73,13.6,17.46,17.15,14.92,13.3,16.66
550.062,16.27,18.67,17.01,17.59,13.46,17.4,17.07,14.85,13.24,17.04
550.406,16.24,18.72,17.04,17.51,13.41,17.39,17.04,14.79,13.22,16.44
550.75,16.17,18.73,17,17.44,13.35,17.39,17.04,14.79,13.19,15.48
551.094,16.15,18.69,17.03,17.42,13.34,17.37,17.03,14.8,13.16,16.15
551.437,16.15,18.7,17.05,17.42,13.33,17.35,17.03,14.75,13.17,17.38
551.781,16.06,18.68,16.95,17.36,13.28,17.33,16.97,14.69,13.14,16.15
552.125,15.96,18.65,16.95,17.33,13.24,17.3,16.91,14.69,13.11,16.74
552.468,15.98,18.67,16.93,17.31,13.17,17.32,16.92,14.67,13.11,17.82
552.812,15.97,18.62,16.86,17.28,13.1,17.23,16.96,14.58,13.05,16.4
553.156,16.02,18.64,16.9,17.31,13.16,17.19,16.94,14.56,13.1,17.22
553.499,16.05,18.59,16.95,17.28,13.16,17.19,16.91,14.51,13.07,17.14
553.843,16.07,18.63,17.02,17.29,13.21,17.2,16.9,14.49,13.08,15.8
554.186,16.04,18.62,16.97,17.31,13.21,17.19,16.86,14.46,13.04,16.81
554.529,15.98,18.59,16.92,17.28,13.18,17.13,16.81,14.43,13.05,16.45
554.873,15.98,18.6,16.91,17.28,13.18,17.13,16.8,14.39,13.05,16.61
555.216,15.88,18.53,16.79,17.19,13.11,17.09,16.69,14.36,13.01,14.96
555.559,15.86,18.56,16.84,17.19,13.12,17.1,16.68,14.37,13.03,13.66
555.902,15.79,18.52,16.77,17.13,13.06,17.05,16.71,14.32,13.02,17.62
556.246,15.69,18.47,16.74,17.13,13.08,17,16.67,14.27,12.99,15.01
556.589,15.55,18.41,16.71,17.04,13.05,16.96,16.54,14.27,12.97,16.3
556.932,15.46,18.38,16.62,16.97,12.96,16.91,16.47,14.24,12.86,15.19
557.275,15.32,18.35,16.53,16.94,12.91,16.87,16.47,14.19,12.86,16.17
557.618,15.27,18.32,16.51,16.9,12.88,16.9,16.51,14.21,12.86,17.82
557.961,15.28,18.35,16.52,16.93,12.95,16.92,16.53,14.24,12.93,16.37
558.304,15.26,18.33,16.54,16.89,12.96,16.91,16.48,14.14,12.87,16.35
558.646,15.16,18.35,16.53,16.82,12.89,16.86,16.47,14.11,12.84,16.25
558.989,15.13,18.31,16.52,16.83,12.84,16.81,16.47,14.1,12.83,16.03
559.332,15.08,18.21,16.42,16.75,12.75,16.83,16.45,14.05,12.78,16.2
559.675,15.08,18.21,16.39,16.7,12.74,16.79,16.35,14.02,12.75,16.17
560.017,15.03,18.18,16.37,16.6,12.71,16.71,16.33,14.01,12.71,14.54
560.36,15.05,18.16,16.33,16.61,12.71,16.68,16.3,13.98,12.72,16.48
560.703,15.02,18.17,16.34,16.56,12.74,16.75,16.3,13.95,12.72,16.13
561.045,15.04,18.22,16.34,16.52,12.69,16.71,16.25,13.93,12.71,16.07
561.388,14.95,18.28,16.27,16.46,12.63,16.59,16.19,13.86,12.63,16.8
561.73,14.91,18.15,16.25,16.37,12.55,16.55,16.14,13.82,12.58,15.34
562.073,14.88,18.09,16.21,16.38,12.53,16.52,16.14,13.83,12.61,16.48
562.415,14.88,18,16.12,16.33,12.5,16.51,16.07,13.81,12.62,16.16
562.757,14.82,17.99,16.1,16.25,12.43,16.49,16.06,13.78,12.59,15.29
563.1,14.7,17.95,16.13,16.22,12.42,16.38,16.01,13.75,12.56,15.93
563.442,14.63,17.91,16.1,16.17,12.36,16.38,16,13.75,12.54,16.13
563.784,14.57,17.86,16.07,16.08,12.3,16.4,15.96,13.73,12.55,14.09
564.126,14.49,17.81,16.05,16.02,12.25,16.39,15.95,13.66,12.48,15.26
564.468,14.44,17.75,16,15.94,12.17,16.29,15.88,13.6,12.49,15.95
564.81,14.34,17.66,15.94,15.89,12.15,16.26,15.78,13.56,12.44,16.03
565.152,14.33,17.55,15.91,15.87,12.18,16.26,15.75,13.55,12.44,14.62
565.494,14.2,17.58,15.86,15.8,12.12,16.18,15.69,13.46,12.43,16.05
565.836,14.15,17.61,15.81,15.68,12.02,16.13,15.63,13.42,12.4,17.06
566.178,14.08,17.58,15.84,15.69,12.05,16.08,15.62,13.4,12.37,15.33
566.52,14.01,17.53,15.8,15.58,12.09,16,15.57,13.32,12.32,14.38
566.862,14.04,17.55,15.78,15.56,12.09,16,15.53,13.31,12.3,15
567.204,13.99,17.5,15.76,15.49,12.11,15.96,15.45,13.25,12.23,15.41
567.545,13.95,17.44,15.72,15.43,12.1,15.91,15.38,13.2,12.18,14.8
567.887,13.92,17.43,15.7,15.33,12.03,15.83,15.33,13.16,12.19,16.26
568.229,13.85,17.41,15.64,15.26,12.03,15.77,15.3,13.12,12.16,14.98
568.57,13.79,17.4,15.61,15.19,12,15.75,15.3,13.1,12.15,15.42
568.912,13.7,17.39,15.58,15.12,11.89,15.71,15.23,13.09,12.13,15.99
569.253,13.71,17.33,15.55,15.09,11.9,15.76,15.22,13.13,12.13,16.93
569.595,13.6,17.22,15.52,15.04,11.92,15.75,15.2,13.06,12.06,15.56
569.936,13.52,17.24,15.48,14.93,11.85,15.74,15.21,13.01,12.05,15.8
570.277,13.53,17.31,15.48,14.98,11.86,15.77,15.23,13.01,12.06,15.18
570.619,13.46,17.35,15.41,14.91,11.8,15.72,15.22,12.97,12.04,15.1
570.96,13.42,17.35,15.38,14.87,11.77,15.66,15.2,12.92,12.05,15.03
571.301,13.35,17.38,15.37,14.84,11.75,15.63,15.18,12.84,12.04,15.65
571.642,13.29,17.41,15.38,14.86,11.73,15.61,15.16,12.85,12,15.95
571.984,13.17,17.37,15.33,14.8,11.66,15.58,15.16,12.81,11.94,15.01
572.325,13.15,17.37,15.33,14.77,11.64,15.55,15.13,12.76,11.93,13.8
572.666,13.1,17.36,15.28,14.71,11.62,15.53,15.08,12.71,11.88,14.07
573.007,13.02,17.33,15.21,14.65,11.57,15.44,15,12.64,11.8,15.55
573.348,12.96,17.36,15.21,14.62,11.56,15.44,14.95,12.62,11.8,15.05
573.689,12.92,17.37,15.13,14.61,11.54,15.43,14.88,12.6,11.73,15.73
574.03,12.88,17.3,15.13,14.52,11.49,15.38,14.83,12.57,11.69,14.47
574.37,12.82,17.21,15.11,14.47,11.44,15.36,14.79,12.53,11.65,14.75
574.711,12.78,17.17,15.09,14.43,11.4,15.33,14.76,12.5,11.61,14.81
575.052,12.73,17.11,15.06,14.38,11.4,15.32,14.73,12.49,11.56,14.61
575.393,12.69,17.07,15.01,14.32,11.37,15.34,14.69,12.48,11.52,14.68
575.733,12.73,17.08,15.01,14.3,11.36,15.34,14.63,12.43,11.49,14.54
576.074,12.67,17.06,15,14.28,11.34,15.3,14.6,12.38,11.47,14.61
576.414,12.64,17.02,14.94,14.24,11.34,15.29,14.59,12.32,11.43,14.59
576.755,12.61,17.01,14.92,14.2,11.36,15.27,14.6,12.29,11.43,15.05
577.095,12.62,16.99,14.9,14.18,11.36,15.23,14.61,12.28,11.41,14.84
577.436,12.57,16.92,14.9,14.1,11.33,15.18,14.55,12.21,11.38,14.29
577.776,12.53,16.91,14.84,14.08,11.31,15.2,14.49,12.16,11.36,14.13
578.117,12.48,16.88,14.83,14.06,11.3,15.18,14.46,12.14,11.34,15.35
578.457,12.42,16.89,14.81,14.02,11.24,15.17,14.42,12.12,11.31,15.23
578.797,12.39,16.92,14.77,13.99,11.18,15.11,14.39,12.05,11.3,14.16
579.137,12.35,16.9,14.75,13.95,11.18,15.09,14.39,12.01,11.29,14.37
579.478,12.29,16.87,14.72,13.9,11.16,15.05,14.36,12,11.27,14.77
579.818,12.28,16.86,14.67,13.84,11.14,15.02,14.34,12,11.22,14.36
580.158,12.25,16.85,14.68,13.8,11.13,14.99,14.33,12,11.22,14.25
580.498,12.19,16.86,14.65,13.76,11.1,14.98,14.3,11.97,11.19,14.53
580.838,12.14,16.83,14.59,13.73,11.05,14.94,14.26,11.94,11.19,15.03
581.178,12.1,16.8,14.56,13.7,11.02,14.93,14.23,11.92,11.16,13.9
581.518,12.04,16.78,14.53,13.63,10.99,14.85,14.2,11.87,11.13,14.2
581.858,12.03,16.76,14.47,13.57,10.96,14.81,14.17,11.83,11.1,14.18
582.197,12,16.75,14.42,13.55,10.99,14.78,14.15,11.79,11.07,13.81
582.537,11.96,16.71,14.4,13.51,10.98,14.78,14.12,11.79,11.04,14.03
582.877,11.92,16.69,14.38,13.51,10.98,14.74,14.09,11.76,11.03,13.74
583.217,11.88,16.66,14.37,13.48,10.97,14.7,14.06,11.74,11.02,14.44
583.556,11.84,16.62,14.36,13.47,10.96,14.68,14.01,11.71,11.01,14.17
583.896,11.8,16.57,14.33,13.45,10.92,14.67,13.95,11.66,10.98,14.1
584.235,11.79,16.56,14.32,13.41,10.89,14.64,13.94,11.64,10.97,13.83
584.575,11.77,16.53,14.34,13.37,10.89,14.65,13.91,11.61,10.93,14.42
584.914,11.73,16.52,14.3,13.36,10.88,14.61,13.88,11.62,10.92,14.16
585.254,11.71,16.48,14.28,13.35,10.85,14.59,13.86,11.62,10.9,14.36
585.593,11.68,16.5,14.27,13.37,10.85,14.6,13.85,11.62,10.9,13.64
585.933,11.65,16.45,14.23,13.32,10.81,14.58,13.8,11.61,10.89,14.82
586.272,11.61,16.44,14.18,13.31,10.77,14.55,13.76,11.58,10.87,14.07
586.611,11.59,16.42,14.15,13.29,10.77,14.51,13.73,11.56,10.85,13.93
586.95,11.55,16.4,14.1,13.26,10.77,14.5,13.71,11.52,10.83,14.36
587.289,11.52,16.39,14.02,13.22,10.77,14.47,13.71,11.5,10.82,13.63
587.629,11.47,16.41,13.97,13.19,10.74,14.44,13.7,11.51,10.79,13.65
587.968,11.4,16.37,13.93,13.17,10.72,14.41,13.64,11.49,10.75,13.67
588.307,11.36,16.35,13.87,13.14,10.7,14.34,13.6,11.47,10.72,14.04
588.646,11.35,16.38,13.82,13.13,10.71,14.31,13.57,11.44,10.71,13.76
588.985,11.3,16.39,13.77,13.09,10.71,14.31,13.55,11.41,10.69,13.68
589.323,11.27,16.34,13.73,13.02,10.68,14.25,13.52,11.35,10.66,14.02
589.662,11.29,16.35,13.71,13.02,10.7,14.24,13.55,11.32,10.65,13.32
590.001,11.3,16.33,13.67,12.96,10.71,14.21,13.52,11.29,10.6,13.64
590.34,11.25,16.31,13.61,12.89,10.67,14.2,13.47,11.28,10.56,13.37
590.679,11.22,16.33,13.59,12.86,10.63,14.19,13.45,11.25,10.53,13.8
591.017,11.22,16.34,13.6,12.82,10.6,14.15,13.43,11.24,10.49,13.38
591.356,11.22,16.31,13.59,12.78,10.61,14.14,13.39,11.19,10.5,13.22
591.695,11.23,16.3,13.57,12.73,10.62,14.11,13.38,11.15,10.49,14.03
592.033,11.19,16.28,13.53,12.68,10.58,14.1,13.37,11.11,10.47,14.15
592.372,11.14,16.2,13.54,12.58,10.55,14.07,13.36,11.05,10.44,13.25
592.71,11.13,16.17,13.5,12.55,10.55,14,13.33,11.04,10.44,13.97
593.048,11.09,16.18,13.51,12.55,10.53,13.99,13.34,11.01,10.45,14.38
593.387,11.02,16.12,13.5,12.52,10.5,13.92,13.27,10.97,10.41,14.14
593.725,10.99,16.09,13.5,12.49,10.48,13.89,13.26,10.94,10.42,13.5
594.063,10.97,16.05,13.48,12.49,10.47,13.88,13.26,10.89,10.42,12.79
594.402,10.99,16.01,13.44,12.46,10.45,13.84,13.22,10.87,10.42,13.11
594.74,10.93,15.99,13.43,12.44,10.47,13.82,13.21,10.82,10.41,12.77
595.078,10.87,16.01,13.43,12.41,10.42,13.81,13.15,10.79,10.39,13.72
595.416,10.79,15.99,13.37,12.39,10.37,13.78,13.12,10.78,10.37,13.72
595.754,10.76,15.97,13.35,12.39,10.36,13.75,13.07,10.74,10.34,12.44
596.092,10.79,16.02,13.33,12.41,10.37,13.79,13.05,10.75,10.33,12.48
596.43,10.76,16,13.34,12.4,10.34,13.82,13.03,10.69,10.31,13.13
596.768,10.72,15.98,13.28,12.34,10.34,13.8,12.96,10.71,10.29,12.57
597.106,10.72,16.02,13.27,12.31,10.31,13.78,12.99,10.69,10.3,13.46
597.444,10.66,16.04,13.25,12.32,10.3,13.79,12.98,10.67,10.3,13.94
597.781,10.63,16.01,13.24,12.28,10.26,13.77,12.96,10.66,10.26,13.56
598.119,10.57,15.99,13.22,12.26,10.25,13.71,12.94,10.64,10.26,13.26
598.457,10.57,15.96,13.2,12.26,10.23,13.71,12.91,10.64,10.24,12.75
598.795,10.55,15.92,13.15,12.25,10.26,13.65,12.93,10.63,10.21,12.46
599.132,10.54,15.9,13.15,12.21,10.27,13.64,12.92,10.61,10.19,12.57
599.47,10.53,15.88,13.07,12.17,10.24,13.6,12.9,10.59,10.19,12.33
599.807,10.49,15.82,13.03,12.15,10.21,13.53,12.86,10.56,10.17,13.53
600.145,10.48,15.81,13.01,12.12,10.21,13.5,12.87,10.58,10.16,12.65
600.482,10.44,15.79,12.97,12.08,10.19,13.47,12.84,10.53,10.15,13.2
600.82,10.41,15.72,12.92,12.07,10.22,13.47,12.8,10.53,10.13,12.42
601.157,10.38,15.69,12.9,12.01,10.18,13.41,12.71,10.52,10.1,13.03
601.494,10.36,15.7,12.86,11.96,10.19,13.34,12.71,10.47,10.07,12.7
601.831,10.35,15.7,12.86,11.93,10.18,13.34,12.71,10.46,10.06,12.96
602.169,10.33,15.69,12.82,11.89,10.16,13.34,12.66,10.42,10.04,13.11
602.506,10.29,15.65,12.78,11.84,10.15,13.31,12.62,10.4,10.03,13.56
602.843,10.3,15.63,12.75,11.84,10.14,13.29,12.61,10.39,10.02,13.17
603.18,10.27,15.59,12.76,11.83,10.18,13.29,12.59,10.38,10,12.91
603.517,10.23,15.57,12.69,11.81,10.17,13.29,12.58,10.35,9.97,13.06
603.854,10.2,15.52,12.68,11.81,10.16,13.25,12.51,10.32,9.95,12.76
604.191,10.2,15.52,12.69,11.82,10.17,13.25,12.51,10.32,9.91,12.51
604.528,10.16,15.51,12.64,11.76,10.15,13.24,12.49,10.28,9.89,13.6
604.865,10.14,15.48,12.59,11.75,10.18,13.26,12.49,10.24,9.88,13.57
605.202,10.16,15.45,12.54,11.76,10.18,13.28,12.43,10.28,9.89,12.84
605.538,10.15,15.41,12.49,11.75,10.18,13.29,12.38,10.24,9.86,12.49
605.875,10.13,15.34,12.43,11.73,10.15,13.26,12.34,10.23,9.83,12.69
606.212,10.14,15.33,12.41,11.7,10.14,13.24,12.33,10.21,9.84,12.12
606.548,10.09,15.29,12.36,11.67,10.13,13.2,12.26,10.15,9.84,14.46
606.885,10.09,15.33,12.35,11.67,10.08,13.2,12.26,10.16,9.84,12.37
607.222,10.06,15.33,12.35,11.61,10.06,13.18,12.24,10.14,9.82,12.71
607.558,10.03,15.32,12.32,11.59,10.07,13.16,12.22,10.1,9.81,12.57
607.895,10.02,15.28,12.27,11.59,10.06,13.13,12.22,10.08,9.81,12.15
608.231,10.01,15.28,12.26,11.58,10.04,13.1,12.16,10.06,9.76,12.56
608.567,10,15.28,12.25,11.59,10.03,13.09,12.19,10.05,9.74,13.03
608.904,9.93,15.23,12.26,11.52,10.02,13.07,12.18,9.98,9.71,12.93
609.24,9.9,15.25,12.22,11.53,10.04,13.03,12.18,10,9.69,12.84
609.576,9.87,15.26,12.21,11.56,10.04,13.02,12.16,9.97,9.67,12.5
609.912,9.84,15.25,12.18,11.53,10.02,13,12.13,9.93,9.64,13.22
610.248,9.85,15.28,12.16,11.52,10.02,13.02,12.14,9.96,9.6,11.75
610.585,9.83,15.24,12.15,11.49,10.03,13,12.12,9.94,9.59,11.46
610.921,9.82,15.22,12.12,11.53,10.04,12.98,12.09,9.93,9.57,11.75
611.257,9.8,15.22,12.09,11.5,10.02,12.99,12.1,9.94,9.54,11.99
611.593,9.79,15.24,12.05,11.47,9.99,12.93,12.02,9.91,9.52,13.31
611.929,9.78,15.24,12.08,11.49,10.02,12.94,12.03,9.89,9.52,12.66
612.264,9.75,15.17,12.02,11.44,9.96,12.88,11.95,9.85,9.5,12.27
612.6,9.77,15.18,12,11.45,9.96,12.88,11.91,9.84,9.51,12.8
612.936,9.76,15.16,11.97,11.41,9.96,12.84,11.91,9.78,9.5,11.93
613.272,9.78,15.14,11.97,11.36,9.94,12.79,11.93,9.78,9.49,11.45
613.608,9.77,15.15,11.96,11.38,9.94,12.8,11.89,9.75,9.45,11.7
613.943,9.75,15.09,11.97,11.4,9.91,12.78,11.88,9.72,9.43,12.27
614.279,9.71,15.09,11.96,11.37,9.9,12.75,11.85,9.68,9.43,12.55
614.614,9.7,15.08,11.96,11.35,9.93,12.71,11.85,9.67,9.43,13.16
614.95,9.69,15.09,11.93,11.39,9.95,12.68,11.83,9.65,9.41,11.97
615.285,9.64,15.05,11.89,11.35,9.99,12.68,11.86,9.61,9.37,12.12
615.621,9.6,15.03,11.81,11.27,9.93,12.64,11.85,9.57,9.36,12.7
615.956,9.58,15.02,11.77,11.24,9.91,12.63,11.85,9.55,9.33,13.6
616.292,9.58,15.04,11.79,11.27,9.96,12.64,11.89,9.57,9.34,12.61
616.627,9.57,15.03,11.82,11.29,9.94,12.68,11.89,9.57,9.36,12.6
616.962,9.55,15.06,11.78,11.3,9.96,12.72,11.88,9.55,9.38,11.96
617.297,9.56,14.99,11.75,11.29,9.96,12.7,11.87,9.55,9.37,11.79
617.632,9.56,15.03,11.74,11.27,9.96,12.65,11.85,9.53,9.36,11.82
617.968,9.58,14.97,11.68,11.26,10.01,12.64,11.83,9.49,9.32,12.58
618.303,9.58,14.98,11.61,11.25,9.97,12.73,11.82,9.46,9.3,11.87
618.638,9.56,14.91,11.58,11.19,9.91,12.7,11.77,9.4,9.29,12.46
618.973,9.63,14.95,11.57,11.19,9.9,12.72,11.76,9.46,9.31,12.78
619.308,9.66,14.94,11.6,11.27,9.88,12.7,11.77,9.48,9.32,13.01
619.643,9.67,14.94,11.61,11.28,9.96,12.71,11.82,9.5,9.32,13.66
619.977,9.62,14.94,11.52,11.27,9.91,12.63,11.79,9.47,9.27,12.79
620.312,9.64,14.95,11.43,11.23,9.9,12.59,11.71,9.46,9.21,12.74
620.647,9.64,14.92,11.44,11.2,9.9,12.56,11.69,9.46,9.19,12.88
620.982,9.58,14.94,11.37,11.18,9.9,12.52,11.63,9.43,9.16,12.9
621.316,9.62,14.89,11.32,11.15,9.93,12.56,11.63,9.45,9.17,12.68
621.651,9.59,14.91,11.32,11.13,9.86,12.57,11.64,9.45,9.16,12.63
621.986,9.6,14.9,11.32,11.11,9.88,12.5,11.55,9.46,9.19,12.71
622.32,9.61,14.95,11.3,11.15,9.93,12.5,11.62,9.48,9.19,12.79
622.655,9.56,14.87,11.28,11.14,9.91,12.48,11.57,9.44,9.18,13.47
622.989,9.57,14.89,11.22,11.1,9.97,12.48,11.51,9.43,9.15,12.81
623.324,9.57,14.95,11.25,11.16,9.95,12.47,11.45,9.4,9.17,12.86
623.658,9.52,14.86,11.21,11.09,9.89,12.47,11.38,9.32,9.14,11.64
623.992,9.47,14.78,11.21,11.08,9.87,12.45,11.4,9.28,9.15,11.74
624.326,9.46,14.79,11.16,11.08,9.85,12.44,11.41,9.25,9.13,12.15
624.661,9.5,14.82,11.22,11.12,9.89,12.44,11.5,9.29,9.16,12.11
624.995,9.49,14.87,11.24,11.18,9.9,12.44,11.54,9.26,9.16,13.52
625.329,9.51,14.89,11.22,11.25,9.94,12.43,11.55,9.28,9.18,12.59
625.663,9.44,14.92,11.16,11.2,9.96,12.41,11.6,9.25,9.15,13.91
625.997,9.44,14.85,11.17,11.15,9.9,12.39,11.55,9.23,9.12,12.85
626.331,9.47,14.93,11.16,11.17,9.93,12.4,11.56,9.22,9.13,12.45
626.665,9.44,14.89,11.12,11.18,9.9,12.35,11.55,9.19,9.11,12.48
626.999,9.48,14.86,11.1,11.13,9.94,12.35,11.52,9.15,9.12,11.03
627.333,9.54,14.92,11.12,11.16,9.96,12.4,11.58,9.19,9.13,14.11
627.667,9.57,14.95,11.11,11.15,9.99,12.4,11.53,9.2,9.11,12.04
628.001,9.55,14.9,11.08,11.15,9.99,12.42,11.52,9.18,9.13,13.68
628.334,9.54,14.88,11.04,11.13,9.94,12.41,11.47,9.12,9.07,12.39
628.668,9.53,14.83,11.02,11.07,9.94,12.38,11.37,9.12,9.05,13.31
629.002,9.49,14.74,11.02,11.03,9.91,12.35,11.3,9.06,8.98,12.35
629.335,9.55,14.7,11.04,11.04,9.88,12.32,11.24,9.08,8.99,12.08
629.669,9.52,14.75,11.02,11.02,9.91,12.3,11.23,9.07,9.03,11.93
630.002,9.46,14.66,10.95,10.93,9.89,12.29,11.15,9.05,8.93,12.06
630.336,9.52,14.75,10.97,10.99,9.94,12.33,11.18,9.07,8.96,12.14
630.669,9.49,14.72,10.93,11,9.91,12.3,11.19,9.09,8.95,12.79
631.003,9.5,14.7,10.95,11.07,9.96,12.29,11.18,9.12,8.95,12.35
631.336,9.46,14.71,10.93,11.04,9.92,12.28,11.22,9.12,8.98,13.98
631.669,9.48,14.76,10.94,11.04,9.94,12.24,11.22,9.13,8.93,10.89
632.003,9.49,14.77,10.94,11.05,9.95,12.22,11.2,9.13,8.93,13.14
632.336,9.46,14.78,10.9,11.03,9.9,12.17,11.24,9.08,8.91,12.21
632.669,9.51,14.92,10.87,11.04,9.95,12.1,11.31,9.1,8.96,11.56
633.002,9.52,14.9,10.87,11.09,9.96,12.13,11.33,9.1,8.94,12.68
633.335,9.53,14.88,10.85,11.1,9.97,12.12,11.3,9.11,8.87,12.02
633.668,9.57,14.94,10.89,11.19,9.96,12.1,11.41,9.14,8.93,13.35
634.001,9.5,14.87,10.83,11.12,9.92,12.08,11.34,9.12,8.88,13.46
634.334,9.56,14.93,10.83,11.14,9.96,12.11,11.36,9.12,8.88,13.54
634.667,9.54,14.92,10.79,11.07,9.96,12.13,11.36,9.1,8.83,12.91
635,9.55,14.94,10.81,11.14,10.03,12.17,11.4,9.1,8.8,12.77
635.333,9.54,14.89,10.8,11.15,10,12.22,11.35,9.08,8.81,12.59
635.665,9.52,14.9,10.85,11.2,10.03,12.26,11.37,9.1,8.83,13.58
635.998,9.49,14.88,10.78,11.19,10.06,12.28,11.36,9.13,8.81,12.14
636.331,9.45,14.81,10.75,11.19,10.01,12.33,11.31,9.06,8.77,13.94
636.663,9.49,14.8,10.72,11.2,10.03,12.32,11.3,9.04,8.77,13.24
636.996,9.53,14.81,10.74,11.28,10.02,12.39,11.31,9.04,8.81,12.59
637.328,9.5,14.75,10.72,11.28,10.04,12.41,11.25,9,8.78,12.89
637.661,9.57,14.81,10.78,11.37,10.11,12.45,11.31,9.01,8.79,12.82
637.993,9.52,14.74,10.78,11.37,10.11,12.4,11.27,8.95,8.78,12.96
638.326,9.54,14.77,10.81,11.41,10.15,12.33,11.24,8.95,8.86,12
638.658,9.49,14.69,10.73,11.39,10.08,12.29,11.2,8.94,8.8,11.91
638.99,9.51,14.76,10.72,11.41,10.09,12.21,11.25,8.92,8.78,13.81
639.323,9.52,14.67,10.64,11.4,10.08,12.14,11.2,8.88,8.76,13.18
639.655,9.56,14.73,10.71,11.5,10.1,12.19,11.27,8.91,8.8,13.75
639.987,9.54,14.68,10.68,11.45,10.18,12.18,11.26,8.93,8.78,13.61
640.319,9.53,14.67,10.64,11.43,10.13,12.17,11.25,8.93,8.74,13.15
640.651,9.53,14.71,10.66,11.4,10.2,12.14,11.29,8.9,8.75,14.19
640.983,9.58,14.78,10.72,11.41,10.28,12.14,11.29,8.93,8.81,14.89
641.315,9.54,14.71,10.66,11.33,10.22,12.08,11.29,8.91,8.79,14.83
641.647,9.55,14.72,10.63,11.29,10.17,12.13,11.3,8.94,8.77,12.2
641.979,9.52,14.72,10.6,11.26,10.12,12.14,11.25,8.91,8.72,13.21
642.311,9.58,14.76,10.66,11.27,10.14,12.14,11.24,8.87,8.75,15.37
642.643,9.6,14.69,10.65,11.27,10.15,12.16,11.19,8.92,8.78,12.52
642.975,9.59,14.74,10.58,11.23,10.2,12.2,11.21,8.91,8.79,14.27
643.306,9.64,14.76,10.6,11.19,10.2,12.2,11.09,8.89,8.76,13.35
643.638,9.67,14.81,10.63,11.29,10.21,12.22,11.15,8.91,8.77,14.64
643.97,9.69,14.85,10.66,11.35,10.26,12.24,11.2,8.93,8.81,13.56
644.301,9.68,14.88,10.62,11.38,10.27,12.25,11.18,8.96,8.81,14.18
644.633,9.7,14.9,10.54,11.42,10.25,12.27,11.23,8.96,8.76,12.65
644.964,9.76,14.95,10.54,11.47,10.28,12.32,11.23,8.97,8.71,13.72
645.296,9.83,14.98,10.48,11.53,10.34,12.29,11.25,9.02,8.71,13.04
645.627,9.83,14.98,10.43,11.54,10.33,12.25,11.3,8.99,8.74,14.59
645.959,9.82,15.02,10.42,11.59,10.37,12.28,11.33,8.99,8.77,11.63
646.29,9.85,15.09,10.4,11.66,10.46,12.31,11.37,8.99,8.82,13.51
646.621,9.86,15.12,10.41,11.67,10.42,12.32,11.32,9,8.82,13.23
646.952,9.87,15.08,10.33,11.69,10.44,12.32,11.37,8.99,8.84,12.03
647.284,9.88,15.14,10.28,11.65,10.45,12.34,11.38,8.99,8.84,13.64
647.615,9.9,15.14,10.25,11.64,10.48,12.31,11.39,8.99,8.84,13.79
647.946,9.89,15.07,10.22,11.6,10.49,12.33,11.34,8.95,8.84,11.81
648.277,9.84,15.08,10.22,11.6,10.5,12.36,11.3,8.92,8.82,13.47
648.608,9.78,15.02,10.24,11.59,10.58,12.38,11.36,8.95,8.87,14.84
648.939,9.75,15,10.27,11.61,10.55,12.43,11.31,8.93,8.86,13.79
649.27,9.8,15,10.33,11.64,10.58,12.53,11.33,8.97,8.83,13.29
649.601,9.85,15.03,10.31,11.61,10.53,12.5,11.28,8.97,8.78,14.33
649.931,9.77,14.95,10.27,11.51,10.41,12.46,11.17,8.94,8.66,12.95
650.262,9.79,14.91,10.3,11.57,10.45,12.48,11.16,8.96,8.66,12.09
650.593,9.74,14.93,10.3,11.67,10.51,12.48,11.2,8.97,8.66,12.34
650.924,9.7,14.86,10.31,11.62,10.42,12.39,11.16,8.98,8.63,11.65
651.254,9.72,14.87,10.34,11.67,10.49,12.43,11.15,8.97,8.63,15.22
651.585,9.74,14.91,10.32,11.72,10.47,12.39,11.21,8.94,8.63,12.4
651.915,9.73,14.9,10.3,11.68,10.42,12.3,11.21,8.9,8.61,13.32
652.246,9.79,14.88,10.34,11.69,10.41,12.26,11.17,8.84,8.63,14.21
652.576,9.76,14.91,10.25,11.68,10.5,12.23,11.2,8.84,8.61,13.66
652.907,9.76,14.96,10.22,11.66,10.54,12.24,11.16,8.84,8.59,13.86
653.237,9.74,14.9,10.17,11.66,10.55,12.23,11.19,8.86,8.58,13.27
653.568,9.86,14.93,10.21,11.73,10.67,12.27,11.36,8.91,8.63,13.61
653.898,9.88,14.99,10.2,11.73,10.73,12.27,11.47,8.95,8.64,12.4
654.228,9.86,14.9,10.19,11.68,10.7,12.21,11.36,8.88,8.57,12.58
654.558,9.97,14.9,10.18,11.77,10.8,12.24,11.38,8.85,8.58,14.59
654.888,9.88,14.92,10.13,11.72,10.73,12.22,11.34,8.79,8.52,14.15
655.219,9.88,14.93,10.18,11.72,10.72,12.23,11.37,8.88,8.5,13.12
655.549,9.86,14.87,10.23,11.83,10.8,12.29,11.39,8.88,8.51,13.46
655.879,9.87,14.89,10.22,11.9,10.88,12.26,11.4,8.91,8.47,13.59
656.209,9.81,14.94,10.31,11.97,10.89,12.22,11.47,8.92,8.48,14.06
656.539,9.79,14.94,10.37,12.01,10.95,12.23,11.51,8.93,8.52,13.62
656.868,9.78,15.02,10.42,12.06,11.06,12.28,11.49,8.99,8.55,13.59
657.198,9.74,15.07,10.45,12.09,11.08,12.29,11.46,8.97,8.55,13.15
657.528,9.75,15.06,10.45,12.13,11.09,12.33,11.43,8.98,8.56,12.84
657.858,9.77,15.13,10.47,12.16,11.12,12.34,11.44,8.98,8.59,13.16
658.188,9.75,15.19,10.5,12.17,11.11,12.34,11.47,9,8.6,12.43
658.517,9.79,15.21,10.51,12.21,11.13,12.35,11.5,9.03,8.6,13.38
658.847,9.8,15.22,10.5,12.21,11.12,12.35,11.48,9.02,8.6,12.9
659.176,9.83,15.26,10.48,12.23,11.16,12.37,11.49,9.04,8.6,12.73
659.506,9.85,15.29,10.48,12.23,11.16,12.4,11.5,9.04,8.6,12.8
659.835,9.91,15.32,10.48,12.24,11.15,12.44,11.47,9.04,8.62,12.64
660.165,9.94,15.36,10.43,12.26,11.14,12.45,11.46,9.05,8.61,13.02
660.494,9.99,15.4,10.41,12.27,11.13,12.47,11.46,9.04,8.6,13.16
660.824,10.03,15.42,10.37,12.27,11.1,12.48,11.43,9.04,8.59,12.63
661.153,10.07,15.46,10.36,12.27,11.08,12.5,11.44,9.03,8.58,13.01
661.482,10.12,15.49,10.34,12.26,11.07,12.52,11.46,9.05,8.56,12.89
661.811,10.18,15.52,10.31,12.28,11.07,12.56,11.44,9.04,8.55,13.2
662.14,10.21,15.53,10.27,12.26,11.07,12.57,11.43,9.02,8.55,13.14
662.47,10.27,15.56,10.22,12.26,11.05,12.61,11.42,9.01,8.53,12.97
662.799,10.34,15.59,10.21,12.26,10.99,12.61,11.42,9.02,8.54,13.77
663.128,10.4,15.65,10.19,12.32,10.98,12.65,11.43,9.02,8.55,13.72
663.457,10.42,15.69,10.15,12.33,11.02,12.65,11.44,9.03,8.53,13.15
663.786,10.42,15.64,10.14,12.29,10.95,12.66,11.45,8.99,8.51,14.26
664.114,10.43,15.62,10.16,12.32,10.97,12.66,11.53,9.01,8.54,12.35
664.443,10.47,15.63,10.18,12.34,11.01,12.71,11.59,9.03,8.56,14.01
664.772,10.49,15.63,10.18,12.39,11.02,12.67,11.62,9.03,8.6,14.15
665.101,10.51,15.62,10.16,12.46,11.02,12.66,11.65,8.99,8.66,13.94
665.43,10.55,15.62,10.14,12.49,11.1,12.7,11.71,9.04,8.71,15.22
665.758,10.61,15.65,10.14,12.59,11.08,12.73,11.7,9.01,8.7,15.04
666.087,10.59,15.71,10.18,12.66,11.22,12.73,11.78,9.03,8.8,13.26
666.415,10.56,15.67,10.11,12.71,11.24,12.74,11.75,9,8.79,15.54
666.744,10.57,15.64,10.03,12.67,11.28,12.73,11.72,9.03,8.81,12.47
667.072,10.57,15.6,10.1,12.69,11.3,12.75,11.81,9.04,8.86,15.5
667.401,10.71,15.79,10.24,12.86,11.53,12.88,11.92,9.14,8.97,14.23
667.729,10.73,15.86,10.14,12.93,11.51,12.92,11.91,9.17,8.99,16.03
668.058,10.7,15.77,10.19,12.94,11.52,12.88,11.93,9.15,9,14.86
668.386,10.79,15.79,10.19,12.95,11.58,12.93,11.94,9.19,8.99,13.97
668.714,10.77,15.75,10.23,12.95,11.59,12.97,11.92,9.21,8.96,16.18
669.042,10.74,15.68,10.2,12.92,11.54,12.96,11.93,9.25,8.94,13.8
669.371,10.74,15.71,10.24,12.9,11.51,13,11.99,9.27,8.99,14.47
669.699,10.76,15.63,10.22,12.9,11.48,12.98,11.95,9.31,8.92,13.67
670.027,10.82,15.74,10.25,12.92,11.51,13.02,11.98,9.37,8.95,15.29
670.355,10.8,15.81,10.28,12.92,11.43,12.99,11.97,9.33,8.9,13.65
670.683,10.81,15.83,10.25,12.95,11.46,12.99,12,9.33,8.86,15.37
671.011,10.76,15.78,10.19,12.91,11.4,12.8,11.89,9.27,8.79,14.37
671.339,10.77,15.66,10.26,12.9,11.43,12.72,11.86,9.22,8.76,12.84
671.666,10.78,15.78,10.25,13.01,11.46,12.72,11.9,9.24,8.76,14.93
671.994,10.72,15.81,10.24,13.05,11.53,12.7,12,9.24,8.71,13.42
672.322,10.8,15.88,10.33,13.2,11.61,12.76,12.07,9.26,8.8,14
672.65,10.84,15.94,10.28,13.25,11.62,12.67,11.97,9.21,8.82,13.57
672.977,10.83,15.91,10.36,13.33,11.74,12.78,11.97,9.25,8.84,16.61
673.305,10.85,15.96,10.38,13.34,11.82,12.77,12.01,9.25,8.86,14.71
673.633,10.89,15.94,10.45,13.35,11.84,12.83,12.1,9.28,8.9,13.57
673.96,10.98,15.95,10.48,13.4,11.95,12.86,12.12,9.28,8.88,14.23
674.288,11.01,15.94,10.45,13.45,11.91,12.86,12.1,9.26,8.86,15.91
674.615,11.15,16.01,10.5,13.56,11.94,13.01,12.23,9.31,8.92,14.71
674.943,11.2,16.11,10.46,13.55,11.96,12.98,12.23,9.3,8.9,15.93
675.27,11.28,16.18,10.45,13.53,11.99,13.03,12.32,9.31,8.95,14.3
675.597,11.33,16.24,10.4,13.5,11.97,13.09,12.28,9.33,8.95,14
675.924,11.33,16.3,10.39,13.39,12,13.06,12.26,9.33,8.9,14.23
676.252,11.28,16.24,10.47,13.34,12.05,13.08,12.31,9.32,8.86,14.54
676.579,11.28,16.28,10.38,13.3,12.03,12.98,12.33,9.33,8.83,13.13
676.906,11.38,16.32,10.44,13.4,12.04,13.1,12.37,9.38,8.88,15.57
677.233,11.38,16.31,10.34,13.42,11.98,13.03,12.37,9.36,8.86,14.86
677.56,11.37,16.32,10.35,13.44,11.96,13.05,12.34,9.4,8.99,14.5
677.887,11.37,16.32,10.3,13.43,11.99,13.03,12.31,9.41,8.99,14.44
678.214,11.38,16.25,10.33,13.39,12.02,12.95,12.23,9.36,8.97,15.96
678.541,11.35,16.23,10.33,13.36,11.95,13.04,12.23,9.38,8.96,14.68
678.868,11.29,16.21,10.41,13.39,12.02,13.07,12.14,9.38,8.92,14.99
679.195,11.35,16.19,10.45,13.43,12.09,13.12,12.22,9.38,8.99,14.57
679.521,11.37,16.17,10.44,13.44,12.02,13.1,12.21,9.4,8.97,15.51
679.848,11.47,16.23,10.46,13.52,12.11,13.21,12.3,9.47,9.02,14.4
680.175,11.55,16.25,10.62,13.61,12.14,13.28,12.33,9.47,9.01,14.4
680.501,11.52,16.28,10.62,13.59,12.14,13.26,12.35,9.43,8.95,15.59
680.828,11.52,16.38,10.7,13.58,12.21,13.27,12.33,9.41,8.91,16.94
681.154,11.54,16.34,10.68,13.52,12.27,13.27,12.4,9.4,8.79,15
681.481,11.67,16.38,10.67,13.52,12.4,13.32,12.46,9.46,8.79,15.61
681.807,11.63,16.46,10.65,13.61,12.46,13.37,12.52,9.57,8.84,15.85
682.134,11.71,16.56,10.73,13.76,12.52,13.39,12.61,9.65,9,16
682.46,11.71,16.55,10.74,13.78,12.51,13.39,12.71,9.66,8.99,15.27
682.787,11.7,16.63,10.84,13.84,12.56,13.36,12.74,9.73,9.03,16.13
683.113,11.72,16.63,10.86,13.9,12.65,13.49,12.81,9.78,9.1,16.09
683.439,11.64,16.57,10.85,13.93,12.59,13.45,12.72,9.73,9.08,16.15
683.765,11.72,16.6,10.77,13.91,12.62,13.43,12.72,9.8,9.1,14.54
684.091,11.73,16.65,10.77,13.98,12.64,13.41,12.73,9.81,9.17,15.57
684.417,11.81,16.66,10.8,14.11,12.63,13.49,12.81,9.89,9.27,15.14
684.743,11.9,16.74,10.83,14.18,12.59,13.54,12.83,9.98,9.31,14.77
685.069,11.91,16.79,10.85,14.26,12.52,13.49,12.88,9.98,9.33,15.21
685.395,11.89,16.81,10.85,14.17,12.54,13.56,12.88,9.92,9.29,15.11
685.721,11.89,16.79,10.82,14.11,12.57,13.61,12.82,9.94,9.19,14.16
686.047,11.97,16.82,10.85,14.13,12.62,13.65,12.79,9.99,9.25,15.89
686.373,12.04,16.81,10.76,14.09,12.55,13.66,12.73,9.97,9.22,14.65
686.699,12.05,16.86,10.7,14.17,12.5,13.56,12.71,9.95,9.19,13.34
687.024,12.14,16.99,10.68,14.21,12.57,13.6,12.85,10.06,9.28,15.19
687.35,12.09,17.06,10.72,14.23,12.62,13.69,12.95,10.07,9.34,15.99
687.676,12.15,17.01,10.76,14.22,12.64,13.68,12.96,10.09,9.29,18.28
688.001,12.15,17.07,10.79,14.24,12.72,13.69,12.92,10.13,9.26,17.61
688.327,12.13,17.1,10.77,14.34,12.84,13.73,12.95,10.07,9.28,15.85
688.652,12.06,17.08,10.84,14.32,12.87,13.84,12.93,10.1,9.31,14.59
688.978,12.14,17.1,10.92,14.42,12.91,13.83,13.06,10.17,9.38,16.43
689.303,12.28,17.09,10.91,14.56,12.95,13.84,13.09,10.19,9.42,16.25
689.629,12.29,17.16,10.94,14.63,13.01,13.82,13.16,10.24,9.45,14.39
689.954,12.29,17.16,10.95,14.73,13.08,13.79,13.2,10.24,9.46,15.97
690.279,12.31,17.15,10.98,14.7,13.16,13.81,13.2,10.24,9.44,15.51
690.604,12.32,17.17,11.04,14.66,13.14,13.82,13.16,10.23,9.4,15.49
690.93,12.35,17.08,11.02,14.67,13.16,13.79,13.1,10.13,9.34,15.29
691.255,12.41,17.19,11.12,14.75,13.29,13.96,13.18,10.22,9.41,15.26
691.58,12.35,17.16,11.1,14.72,13.34,13.99,13.24,10.18,9.46,15.37
691.905,12.35,17.22,11.13,14.71,13.3,13.97,13.24,10.27,9.47,17.05
692.23,12.43,17.28,11.15,14.82,13.34,13.99,13.34,10.31,9.47,15.87
692.555,12.44,17.32,11.05,14.85,13.36,14.03,13.27,10.32,9.43,15.31
692.88,12.4,17.32,11.03,14.77,13.39,13.96,13.26,10.31,9.4,16.32
693.204,12.43,17.27,10.94,14.79,13.38,13.99,13.27,10.3,9.4,14.72
693.529,12.46,17.31,10.97,14.86,13.44,14.11,13.31,10.33,9.39,17.33
693.854,12.46,17.32,10.94,14.87,13.4,14.19,13.27,10.35,9.43,15.72
694.179,12.55,17.33,10.95,15.01,13.47,14.15,13.35,10.38,9.47,16.04
694.503,12.58,17.42,10.92,15.04,13.49,14.22,13.42,10.48,9.51,16.86
694.828,12.61,17.47,10.84,15.07,13.47,14.21,13.44,10.47,9.56,17.47
695.153,12.76,17.43,10.87,15.12,13.54,14.17,13.41,10.5,9.51,16.91
695.477,12.78,17.4,10.89,15.09,13.48,14.14,13.46,10.44,9.49,15.48
695.802,12.74,17.38,10.85,15.1,13.46,14.12,13.44,10.39,9.53,16.66
696.126,12.75,17.4,10.94,15.14,13.43,14.11,13.42,10.39,9.56,17.98
696.451,12.75,17.49,11.01,15.23,13.49,14.21,13.43,10.4,9.51,17.66
696.775,12.8,17.51,11.04,15.31,13.48,14.3,13.41,10.44,9.51,14.66
697.099,12.81,17.54,11.07,15.31,13.46,14.28,13.46,10.46,9.57,15.17
697.423,12.86,17.56,11.16,15.31,13.5,14.31,13.57,10.49,9.6,13.97
697.748,12.83,17.55,11.14,15.19,13.47,14.36,13.47,10.43,9.55,14.04
698.072,12.88,17.68,11.24,15.25,13.44,14.34,13.52,10.47,9.61,17.36
698.396,12.86,17.66,11.24,15.21,13.44,14.32,13.5,10.5,9.57,15.53
698.72,12.77,17.73,11.27,15.21,13.46,14.36,13.55,10.48,9.57,15.14
699.044,12.77,17.8,11.38,15.29,13.57,14.49,13.57,10.47,9.6,19.37
699.368,12.88,17.8,11.48,15.3,13.69,14.51,13.52,10.51,9.61,17.03
699.692,12.88,17.86,11.4,15.35,13.73,14.54,13.52,10.52,9.64,17.94
700.016,12.89,17.87,11.41,15.33,13.71,14.57,13.56,10.53,9.7,15.53
700.34,12.94,17.93,11.44,15.35,13.74,14.58,13.64,10.57,9.69,15.84
700.664,12.99,17.99,11.47,15.37,13.79,14.61,13.62,10.52,9.69,17.04
700.987,13.05,18.03,11.46,15.52,13.8,14.63,13.61,10.6,9.71,15.41