wavelength,fac_1,fac_2,fac_3,fac_4,fac_5,fac_6,fac_7,fac_8,fac_9,fac_10
300.342,5.68,6.33,6.01,6.55,5.18,6.24,3.21,7.75,5.47,5.05
300.715,5.69,6.38,6.05,6.58,5.23,6.31,3.25,7.81,5.52,5.08
301.088,5.59,6.29,5.93,6.49,5.16,6.17,3.22,7.65,5.49,5.05
301.462,5.62,6.29,5.89,6.48,5.12,6.16,3.24,7.58,5.54,5.01
301.835,5.68,6.28,5.89,6.53,5.16,6.17,3.3,7.64,5.61,4.97
302.208,5.72,6.29,5.91,6.56,5.2,6.16,3.29,7.63,5.7,4.93
302.581,5.72,6.25,5.91,6.61,5.21,6.23,3.3,7.6,5.74,4.94
302.954,5.73,6.23,5.91,6.65,5.13,6.2,3.3,7.61,5.73,4.93
303.327,5.71,6.25,5.91,6.69,5.19,6.22,3.3,7.63,5.76,4.93
303.7,5.71,6.24,5.91,6.66,5.2,6.2,3.36,7.65,5.76,4.95
304.073,5.81,6.3,5.99,6.73,5.22,6.26,3.4,7.72,5.83,5.06
304.446,5.77,6.29,6.02,6.71,5.27,6.31,3.37,7.69,5.88,5
304.819,5.72,6.23,5.97,6.67,5.21,6.29,3.35,7.67,5.82,4.97
305.192,5.78,6.22,6.01,6.68,5.25,6.38,3.38,7.74,5.86,5.02
305.564,5.77,6.2,6.02,6.72,5.23,6.41,3.37,7.79,5.84,4.98
305.937,5.81,6.24,6.07,6.74,5.24,6.44,3.36,7.75,5.82,4.99
306.31,5.84,6.35,6.1,6.76,5.29,6.51,3.43,7.78,5.83,5.02
306.682,5.88,6.41,6.15,6.77,5.35,6.5,3.48,7.86,5.85,5.1
307.055,5.87,6.34,6.11,6.75,5.36,6.49,3.47,7.84,5.85,5.13
307.428,5.9,6.38,6.11,6.72,5.32,6.51,3.46,7.86,5.86,5.13
307.8,5.91,6.32,6.1,6.81,5.28,6.53,3.36,7.88,5.85,5.08
308.173,5.83,6.2,6,6.76,5.2,6.46,3.31,7.86,5.81,4.98
308.545,5.93,6.25,6.06,6.92,5.21,6.46,3.38,7.98,5.86,5.05
308.917,6.02,6.32,6.11,7,5.3,6.56,3.42,8.12,5.93,5.14
309.29,6.07,6.37,6.19,7.05,5.29,6.57,3.44,8.15,5.93,5.15
309.662,6.11,6.43,6.18,7.03,5.28,6.59,3.47,8.17,5.94,5.21
310.034,6.08,6.47,6.12,7.05,5.26,6.63,3.42,8.18,5.96,5.27
310.407,6.04,6.43,6.07,7.08,5.22,6.56,3.38,8.16,5.89,5.23
310.779,6.05,6.41,6.04,7.06,5.18,6.48,3.32,8.15,5.86,5.14
311.151,5.96,6.43,6.03,7.03,5.22,6.39,3.25,8.12,5.93,5.08
311.523,5.94,6.39,5.98,7.02,5.24,6.32,3.25,8.07,5.89,5.11
311.895,5.93,6.48,6.01,6.98,5.24,6.35,3.28,8.07,5.91,5.18
312.267,5.96,6.58,6.06,7.02,5.3,6.41,3.34,8.13,5.93,5.27
312.639,5.95,6.63,6.1,6.99,5.3,6.46,3.3,8.16,5.92,5.26
313.011,5.97,6.6,6.09,6.91,5.21,6.39,3.23,8.09,5.89,5.2
313.383,5.89,6.6,6.01,6.89,5.25,6.42,3.18,8.06,5.86,5.19
313.755,5.88,6.61,6.12,6.9,5.32,6.45,3.19,8.14,5.9,5.2
314.127,5.98,6.56,6.14,6.91,5.38,6.45,3.25,8.13,5.93,5.18
314.498,6.01,6.52,6.22,6.98,5.4,6.51,3.29,8.24,6,5.26
314.87,5.97,6.48,6.22,7,5.36,6.56,3.31,8.24,6.02,5.32
315.242,6.16,6.63,6.34,7.17,5.53,6.78,3.52,8.45,6.13,5.48
315.614,6.18,6.69,6.41,7.22,5.51,6.86,3.51,8.47,6.15,5.47
315.985,6.21,6.63,6.46,7.23,5.55,6.87,3.56,8.47,6.17,5.45
316.357,6.18,6.56,6.44,7.25,5.51,6.81,3.51,8.4,6.15,5.4
316.728,6.2,6.48,6.36,7.24,5.47,6.79,3.52,8.34,6.15,5.37
317.1,6.18,6.55,6.38,7.32,5.54,6.83,3.6,8.32,6.17,5.37
317.471,6.21,6.5,6.43,7.32,5.51,6.79,3.55,8.36,6.21,5.33
317.843,6.28,6.55,6.43,7.37,5.57,6.8,3.56,8.3,6.27,5.39
318.214,6.23,6.61,6.51,7.33,5.57,6.81,3.53,8.33,6.23,5.42
318.585,6.34,6.71,6.53,7.35,5.63,6.84,3.63,8.34,6.26,5.47
318.957,6.39,6.79,6.61,7.43,5.75,6.91,3.64,8.37,6.32,5.49
319.328,6.34,6.75,6.61,7.38,5.68,6.88,3.53,8.3,6.3,5.49
319.699,6.44,6.78,6.64,7.4,5.78,6.93,3.6,8.37,6.37,5.57
320.07,6.44,6.87,6.64,7.45,5.81,6.92,3.59,8.43,6.37,5.61
320.441,6.49,6.92,6.66,7.5,5.87,7.01,3.66,8.53,6.42,5.68
320.813,6.47,6.96,6.7,7.54,5.89,7,3.66,8.55,6.4,5.71
321.184,6.52,6.95,6.72,7.55,5.89,7.06,3.66,8.65,6.41,5.79
321.555,6.51,7,6.77,7.57,5.87,7.09,3.69,8.64,6.43,5.85
321.926,6.47,6.99,6.72,7.56,5.81,7.05,3.67,8.61,6.37,5.81
322.297,6.45,6.93,6.72,7.59,5.8,6.98,3.65,8.6,6.39,5.84
322.667,6.34,6.84,6.7,7.51,5.75,6.95,3.56,8.51,6.36,5.75
323.038,6.31,6.84,6.68,7.46,5.67,6.89,3.54,8.49,6.33,5.69
323.409,6.26,6.8,6.56,7.39,5.59,6.81,3.58,8.46,6.21,5.6
323.78,6.22,6.71,6.56,7.43,5.55,6.79,3.54,8.46,6.17,5.56
324.151,6.2,6.66,6.55,7.41,5.49,6.79,3.56,8.42,6.16,5.52
324.521,6.17,6.67,6.47,7.34,5.47,6.71,3.51,8.3,6.13,5.41
324.892,6.05,6.63,6.37,7.18,5.39,6.62,3.47,8.22,6.07,5.34
325.262,6.04,6.67,6.37,7.16,5.39,6.56,3.46,8.16,6.07,5.33
325.633,6.07,6.68,6.33,7.15,5.38,6.53,3.51,8.14,6.02,5.32
326.004,6.09,6.71,6.4,7.22,5.44,6.65,3.59,8.3,6.09,5.39
326.374,6.08,6.75,6.37,7.23,5.42,6.7,3.62,8.34,6.08,5.41
326.744,6.12,6.84,6.39,7.22,5.45,6.7,3.68,8.37,6.04,5.42
327.115,6.15,6.85,6.37,7.22,5.5,6.74,3.7,8.45,6.04,5.48
327.485,6.22,6.89,6.44,7.26,5.51,6.8,3.67,8.49,6.12,5.51
327.855,6.21,6.95,6.43,7.26,5.5,6.83,3.68,8.47,6.1,5.53
328.226,6.19,6.99,6.42,7.31,5.53,6.83,3.69,8.47,6.06,5.55
328.596,6.25,6.95,6.47,7.35,5.54,6.89,3.69,8.52,6.03,5.62
328.966,6.29,6.95,6.56,7.41,5.58,7.01,3.78,8.58,6.08,5.65
329.336,6.26,6.93,6.51,7.4,5.6,6.99,3.77,8.59,6.06,5.59
329.706,6.28,6.94,6.53,7.41,5.67,6.99,3.74,8.6,6.07,5.59
330.076,6.24,6.87,6.46,7.36,5.58,6.89,3.65,8.43,6.01,5.51
330.447,6.21,6.85,6.45,7.32,5.6,6.88,3.69,8.43,6.04,5.49
330.816,6.27,6.84,6.45,7.39,5.56,6.93,3.67,8.41,6.07,5.48
331.186,6.27,6.72,6.41,7.4,5.5,6.91,3.67,8.3,6.08,5.47
331.556,6.27,6.74,6.44,7.42,5.53,6.93,3.66,8.31,6.08,5.48
331.926,6.28,6.74,6.41,7.36,5.55,6.9,3.66,8.3,6.12,5.46
332.296,6.3,6.65,6.4,7.32,5.56,6.87,3.64,8.29,6.2,5.42
332.666,6.25,6.64,6.43,7.3,5.49,6.85,3.6,8.21,6.24,5.34
333.036,6.34,6.68,6.41,7.4,5.53,6.79,3.56,8.25,6.27,5.34
333.405,6.28,6.62,6.4,7.38,5.49,6.85,3.52,8.19,6.26,5.36
333.775,6.27,6.53,6.43,7.35,5.48,6.89,3.52,8.18,6.28,5.35
334.144,6.26,6.51,6.43,7.32,5.5,6.85,3.51,8.23,6.24,5.34
334.514,6.34,6.53,6.45,7.35,5.54,6.86,3.49,8.26,6.28,5.37
334.884,6.27,6.51,6.41,7.34,5.58,6.85,3.47,8.28,6.28,5.4
335.253,6.27,6.59,6.42,7.35,5.64,6.85,3.5,8.34,6.28,5.41
335.623,6.27,6.55,6.45,7.35,5.61,6.78,3.47,8.29,6.26,5.42
335.992,6.27,6.56,6.48,7.41,5.61,6.82,3.5,8.27,6.25,5.45
336.361,6.24,6.63,6.47,7.36,5.57,6.85,3.56,8.3,6.22,5.48
336.731,6.29,6.7,6.46,7.34,5.58,6.89,3.55,8.39,6.22,5.57
337.1,6.28,6.67,6.44,7.28,5.58,6.93,3.53,8.4,6.23,5.59
337.469,6.32,6.75,6.49,7.29,5.64,6.93,3.58,8.39,6.31,5.6
337.838,6.29,6.76,6.42,7.31,5.58,6.84,3.52,8.37,6.3,5.53
338.208,6.32,6.75,6.37,7.33,5.61,6.87,3.54,8.32,6.26,5.53
338.577,6.32,6.73,6.33,7.33,5.62,6.93,3.54,8.28,6.26,5.49
338.946,6.36,6.7,6.32,7.29,5.6,6.92,3.55,8.23,6.24,5.49
339.315,6.43,6.71,6.37,7.3,5.63,7.01,3.6,8.26,6.3,5.54
339.684,6.48,6.73,6.37,7.34,5.69,7.1,3.67,8.37,6.39,5.53
340.053,6.5,6.71,6.33,7.31,5.67,7.08,3.65,8.42,6.38,5.51
340.422,6.56,6.69,6.37,7.34,5.68,7.06,3.6,8.4,6.37,5.52
340.79,6.55,6.67,6.37,7.34,5.72,7,3.62,8.36,6.36,5.44
341.159,6.57,6.7,6.39,7.38,5.71,7,3.65,8.29,6.34,5.42
341.528,6.62,6.65,6.37,7.4,5.65,6.98,3.67,8.37,6.28,5.4
341.897,6.62,6.7,6.41,7.4,5.68,6.99,3.69,8.44,6.32,5.43
342.266,6.62,6.79,6.47,7.39,5.64,7.06,3.7,8.48,6.39,5.46
342.634,6.56,6.82,6.46,7.4,5.6,7.04,3.71,8.42,6.4,5.52
343.003,6.55,6.8,6.44,7.37,5.56,7,3.62,8.44,6.39,5.44
343.371,6.52,6.79,6.39,7.35,5.52,6.89,3.55,8.42,6.38,5.39
343.74,6.4,6.73,6.35,7.26,5.44,6.73,3.5,8.33,6.25,5.35
344.108,6.3,6.72,6.36,7.27,5.46,6.69,3.51,8.3,6.24,5.33
344.477,6.27,6.76,6.36,7.28,5.5,6.72,3.54,8.33,6.25,5.34
344.845,6.23,6.71,6.36,7.29,5.51,6.72,3.52,8.31,6.2,5.35
345.214,6.16,6.68,6.37,7.19,5.44,6.66,3.49,8.29,6.19,5.29
345.582,6.09,6.66,6.36,7.19,5.45,6.65,3.45,8.22,6.18,5.31
345.95,6.12,6.68,6.37,7.19,5.51,6.66,3.52,8.28,6.18,5.36
346.319,6.12,6.64,6.38,7.23,5.54,6.62,3.55,8.31,6.17,5.37
346.687,6.13,6.57,6.39,7.19,5.52,6.52,3.5,8.35,6.12,5.32
347.055,6.07,6.61,6.43,7.2,5.53,6.57,3.58,8.37,6.14,5.39
347.423,6.01,6.68,6.46,7.19,5.53,6.61,3.58,8.34,6.1,5.4
347.791,6.05,6.68,6.49,7.25,5.63,6.71,3.66,8.3,6.18,5.39
348.159,6.06,6.63,6.49,7.23,5.6,6.71,3.63,8.32,6.18,5.37
348.527,6.03,6.58,6.47,7.2,5.52,6.68,3.56,8.3,6.17,5.33
348.895,6.07,6.6,6.49,7.21,5.53,6.67,3.61,8.29,6.25,5.38
349.263,6.1,6.67,6.51,7.29,5.62,6.76,3.67,8.4,6.28,5.48
349.631,6.13,6.62,6.52,7.26,5.64,6.72,3.67,8.44,6.31,5.51
349.999,6.17,6.59,6.52,7.24,5.59,6.75,3.67,8.41,6.29,5.45
350.367,6.22,6.56,6.5,7.22,5.62,6.74,3.63,8.44,6.27,5.42
350.734,6.26,6.59,6.49,7.22,5.66,6.78,3.65,8.47,6.29,5.43
351.102,6.32,6.55,6.47,7.27,5.72,6.78,3.65,8.46,6.35,5.37
351.47,6.32,6.47,6.41,7.24,5.71,6.75,3.63,8.44,6.36,5.32
351.837,6.33,6.5,6.36,7.2,5.66,6.74,3.54,8.46,6.31,5.31
352.205,6.4,6.56,6.38,7.18,5.71,6.78,3.57,8.48,6.33,5.33
352.573,6.42,6.58,6.36,7.22,5.75,6.81,3.6,8.5,6.32,5.32
352.94,6.39,6.57,6.33,7.18,5.76,6.79,3.56,8.53,6.27,5.27
353.308,6.4,6.55,6.33,7.17,5.78,6.76,3.49,8.48,6.23,5.25
353.675,6.43,6.61,6.29,7.19,5.74,6.76,3.46,8.39,6.17,5.18
354.042,6.47,6.68,6.33,7.26,5.78,6.79,3.52,8.41,6.22,5.25
354.41,6.38,6.73,6.33,7.25,5.76,6.82,3.55,8.39,6.23,5.29
354.777,6.37,6.74,6.33,7.26,5.72,6.8,3.58,8.41,6.24,5.23
355.144,6.32,6.78,6.38,7.22,5.73,6.79,3.58,8.39,6.2,5.25
355.511,6.34,6.76,6.39,7.24,5.76,6.8,3.63,8.41,6.18,5.26
355.879,6.37,6.71,6.42,7.28,5.74,6.81,3.64,8.41,6.22,5.31
356.246,6.37,6.72,6.41,7.29,5.7,6.8,3.61,8.41,6.23,5.31
356.613,6.37,6.73,6.41,7.3,5.74,6.76,3.65,8.38,6.27,5.34
356.98,6.33,6.66,6.38,7.27,5.72,6.76,3.7,8.39,6.25,5.37
357.347,6.34,6.68,6.36,7.25,5.69,6.8,3.74,8.44,6.31,5.34
357.714,6.37,6.71,6.44,7.32,5.73,6.85,3.83,8.56,6.36,5.44
358.081,6.31,6.6,6.39,7.27,5.68,6.76,3.72,8.47,6.33,5.37
358.448,6.32,6.51,6.4,7.26,5.62,6.74,3.69,8.5,6.26,5.33
358.815,6.29,6.49,6.38,7.22,5.58,6.72,3.63,8.4,6.2,5.32
359.181,6.36,6.49,6.39,7.25,5.59,6.76,3.59,8.42,6.22,5.34
359.548,6.43,6.5,6.42,7.24,5.59,6.8,3.53,8.42,6.19,5.36
359.915,6.38,6.51,6.32,7.19,5.58,6.76,3.51,8.43,6.16,5.32
360.282,6.35,6.47,6.34,7.16,5.57,6.74,3.54,8.41,6.12,5.32
360.648,6.35,6.5,6.33,7.2,5.61,6.82,3.57,8.45,6.17,5.33
361.015,6.42,6.58,6.4,7.3,5.64,6.88,3.64,8.47,6.26,5.34
361.381,6.43,6.5,6.41,7.27,5.61,6.79,3.61,8.41,6.2,5.35
361.748,6.31,6.44,6.3,7.15,5.55,6.74,3.55,8.37,6.12,5.2
362.114,6.31,6.52,6.34,7.18,5.61,6.82,3.62,8.42,6.13,5.23
362.481,6.33,6.59,6.4,7.17,5.67,6.84,3.68,8.37,6.24,5.24
362.847,6.32,6.6,6.4,7.15,5.67,6.86,3.68,8.38,6.32,5.23
363.214,6.27,6.57,6.33,7.16,5.65,6.87,3.71,8.4,6.33,5.23
363.58,6.29,6.61,6.34,7.13,5.63,6.87,3.78,8.47,6.35,5.29
363.946,6.3,6.62,6.41,7.14,5.67,6.9,3.82,8.48,6.39,5.26
364.312,6.34,6.62,6.47,7.16,5.68,6.9,3.84,8.48,6.44,5.24
364.678,6.38,6.58,6.48,7.13,5.59,6.88,3.8,8.46,6.43,5.24
365.045,6.37,6.58,6.41,7.12,5.54,6.85,3.68,8.44,6.44,5.22
365.411,6.44,6.67,6.44,7.21,5.62,6.91,3.76,8.5,6.55,5.29
365.777,6.5,6.71,6.44,7.22,5.67,6.95,3.76,8.46,6.63,5.36
366.143,6.48,6.67,6.37,7.15,5.6,6.89,3.67,8.41,6.61,5.34
366.509,6.44,6.63,6.29,7.1,5.58,6.89,3.7,8.43,6.57,5.31
366.875,6.48,6.62,6.29,7.1,5.6,6.94,3.71,8.46,6.54,5.32
367.241,6.53,6.65,6.34,7.11,5.59,6.93,3.74,8.48,6.59,5.31
367.606,6.47,6.7,6.36,7.19,5.59,6.89,3.7,8.44,6.62,5.28
367.972,6.49,6.75,6.41,7.23,5.59,6.93,3.73,8.46,6.59,5.36
368.338,6.42,6.71,6.32,7.15,5.57,6.95,3.66,8.44,6.5,5.38
368.704,6.4,6.7,6.35,7.14,5.57,6.94,3.65,8.43,6.47,5.41
369.069,6.41,6.75,6.4,7.1,5.61,6.94,3.7,8.42,6.43,5.37
369.435,6.32,6.69,6.41,7.03,5.55,6.95,3.64,8.39,6.39,5.3
369.801,6.31,6.68,6.46,7.07,5.53,6.97,3.66,8.4,6.43,5.36
370.166,6.34,6.73,6.54,7.14,5.6,7.04,3.69,8.46,6.47,5.43
370.532,6.38,6.8,6.56,7.19,5.66,7.08,3.64,8.44,6.51,5.46
370.897,6.37,6.85,6.53,7.23,5.66,7.06,3.68,8.5,6.55,5.51
371.263,6.29,6.82,6.5,7.15,5.59,6.99,3.65,8.41,6.49,5.45
371.628,6.32,6.8,6.49,7.06,5.56,6.99,3.66,8.39,6.54,5.41
371.993,6.32,6.79,6.43,7.04,5.58,6.98,3.58,8.36,6.52,5.39
372.359,6.33,6.84,6.47,7.1,5.62,6.98,3.62,8.37,6.58,5.42
372.724,6.33,6.9,6.42,7.12,5.63,6.95,3.59,8.37,6.58,5.37
373.089,6.33,6.86,6.41,7.14,5.63,6.99,3.59,8.36,6.6,5.41
373.454,6.35,6.86,6.39,7.18,5.68,6.99,3.6,8.38,6.56,5.4
373.82,6.37,6.83,6.37,7.09,5.69,6.96,3.58,8.39,6.5,5.34
374.185,6.33,6.79,6.29,7.07,5.65,6.93,3.61,8.35,6.49,5.34
374.55,6.34,6.77,6.29,7.13,5.63,6.96,3.71,8.41,6.5,5.32
374.915,6.36,6.69,6.3,7.12,5.61,6.97,3.66,8.35,6.46,5.3
375.28,6.4,6.75,6.37,7.18,5.72,7.05,3.71,8.43,6.46,5.39
375.645,6.34,6.7,6.29,7.19,5.73,7.03,3.68,8.39,6.43,5.41
376.01,6.38,6.71,6.25,7.18,5.68,7.04,3.68,8.42,6.46,5.37
376.374,6.49,6.72,6.24,7.25,5.68,7.14,3.71,8.48,6.52,5.39
376.739,6.54,6.7,6.26,7.27,5.65,7.2,3.75,8.53,6.56,5.41
377.104,6.5,6.73,6.22,7.25,5.61,7.14,3.72,8.5,6.52,5.4
377.469,6.56,6.76,6.17,7.22,5.66,7.1,3.73,8.49,6.57,5.38
377.833,6.54,6.75,6.13,7.29,5.63,7.11,3.7,8.45,6.57,5.38
378.198,6.52,6.76,6.15,7.32,5.66,7.12,3.66,8.47,6.59,5.34
378.563,6.52,6.75,6.17,7.27,5.63,7.12,3.58,8.43,6.59,5.38
378.927,6.62,6.8,6.22,7.35,5.71,7.18,3.67,8.49,6.65,5.45
379.292,6.65,6.8,6.23,7.35,5.7,7.16,3.62,8.45,6.65,5.44
379.656,6.74,6.85,6.29,7.4,5.75,7.21,3.67,8.54,6.64,5.44
380.021,6.7,6.88,6.38,7.43,5.74,7.19,3.7,8.46,6.66,5.44
380.385,6.65,6.86,6.35,7.37,5.74,7.12,3.72,8.45,6.67,5.36
380.749,6.68,6.99,6.4,7.35,5.84,7.18,3.78,8.5,6.77,5.43
381.114,6.68,6.94,6.44,7.37,5.84,7.16,3.84,8.54,6.8,5.41
381.478,6.62,6.93,6.51,7.37,5.78,7.17,3.82,8.54,6.81,5.4
381.842,6.66,6.96,6.54,7.38,5.8,7.18,3.88,8.6,6.87,5.44
382.206,6.71,6.98,6.57,7.36,5.78,7.18,3.91,8.62,6.91,5.44
382.571,6.72,7.01,6.57,7.39,5.76,7.16,3.94,8.62,6.89,5.46
382.935,6.64,7,6.53,7.33,5.69,7.1,3.87,8.56,6.85,5.39
383.299,6.59,6.95,6.51,7.36,5.71,7.11,3.84,8.58,6.83,5.34
383.663,6.6,7.03,6.59,7.39,5.78,7.18,3.9,8.63,6.89,5.4
384.027,6.62,7,6.63,7.4,5.85,7.16,3.91,8.71,6.86,5.43
384.391,6.65,7.07,6.69,7.42,5.87,7.21,3.95,8.73,6.83,5.51
384.755,6.58,6.95,6.64,7.39,5.81,7.13,3.91,8.68,6.74,5.4
385.118,6.62,6.98,6.6,7.38,5.8,7.18,3.93,8.66,6.7,5.39
385.482,6.67,6.98,6.57,7.36,5.85,7.24,3.97,8.69,6.72,5.45
385.846,6.59,6.98,6.55,7.34,5.84,7.21,3.92,8.64,6.65,5.42
386.21,6.63,7.03,6.59,7.37,5.9,7.2,3.95,8.72,6.64,5.45
386.573,6.61,7.01,6.61,7.34,5.95,7.18,3.97,8.73,6.66,5.43
386.937,6.58,7.02,6.6,7.3,6,7.19,4.01,8.77,6.7,5.38
387.301,6.6,7.04,6.58,7.25,5.96,7.2,4.02,8.75,6.7,5.39
387.664,6.54,6.95,6.49,7.26,5.89,7.15,3.93,8.64,6.63,5.36
388.028,6.52,6.92,6.37,7.22,5.81,7.14,3.93,8.6,6.63,5.35
388.391,6.53,6.91,6.34,7.23,5.78,7.07,3.86,8.55,6.62,5.31
388.755,6.55,6.94,6.43,7.3,5.83,7.12,3.86,8.55,6.63,5.38
389.118,6.51,6.91,6.43,7.29,5.83,7.12,3.78,8.54,6.62,5.4
389.481,6.47,6.94,6.43,7.28,5.78,7.06,3.76,8.51,6.55,5.4
389.845,6.55,6.96,6.51,7.3,5.84,7.15,3.84,8.58,6.63,5.42
390.208,6.54,6.9,6.5,7.25,5.8,7.18,3.78,8.49,6.59,5.4
390.571,6.58,6.91,6.49,7.23,5.76,7.19,3.8,8.5,6.62,5.36
390.934,6.66,6.95,6.52,7.27,5.75,7.21,3.8,8.46,6.64,5.42
391.298,6.7,6.95,6.51,7.3,5.77,7.22,3.83,8.46,6.65,5.41
391.661,6.7,6.99,6.49,7.26,5.78,7.2,3.83,8.47,6.67,5.37
392.024,6.7,7.01,6.51,7.25,5.81,7.23,3.85,8.5,6.69,5.37
392.387,6.64,6.95,6.5,7.24,5.78,7.22,3.84,8.53,6.68,5.39
392.75,6.64,6.92,6.41,7.18,5.76,7.15,3.86,8.52,6.71,5.35
393.113,6.71,7.02,6.47,7.24,5.87,7.22,3.95,8.57,6.78,5.44
393.476,6.71,6.99,6.44,7.27,5.87,7.25,3.97,8.61,6.84,5.45
393.838,6.66,6.99,6.42,7.26,5.83,7.18,3.93,8.58,6.81,5.46
394.201,6.63,7.02,6.39,7.25,5.84,7.17,3.94,8.59,6.79,5.43
394.564,6.57,6.99,6.33,7.22,5.85,7.17,3.88,8.55,6.74,5.41
394.927,6.48,6.94,6.28,7.21,5.84,7.13,3.84,8.59,6.7,5.42
395.289,6.44,6.94,6.28,7.2,5.85,7.12,3.84,8.67,6.73,5.47
395.652,6.44,6.88,6.35,7.2,5.83,7.16,3.87,8.71,6.7,5.46
396.015,6.42,6.87,6.35,7.2,5.85,7.15,3.82,8.71,6.65,5.45
396.377,6.46,6.9,6.38,7.24,5.88,7.2,3.87,8.69,6.66,5.43
396.74,6.47,6.94,6.4,7.25,5.86,7.23,3.84,8.69,6.63,5.41
397.102,6.44,6.88,6.37,7.21,5.8,7.18,3.84,8.68,6.65,5.35
397.465,6.45,6.87,6.35,7.17,5.79,7.16,3.87,8.68,6.65,5.37
397.827,6.46,6.82,6.34,7.2,5.83,7.17,3.86,8.66,6.64,5.36
398.189,6.46,6.78,6.32,7.22,5.83,7.11,3.88,8.63,6.63,5.37
398.552,6.51,6.78,6.35,7.28,5.81,7.13,3.89,8.66,6.61,5.4
398.914,6.57,6.8,6.39,7.3,5.83,7.14,3.89,8.65,6.65,5.38
399.276,6.61,6.82,6.37,7.3,5.81,7.12,3.9,8.57,6.65,5.31
399.638,6.64,6.86,6.34,7.31,5.82,7.09,3.89,8.56,6.7,5.28
400,6.7,6.87,6.35,7.28,5.79,7.07,3.97,8.53,6.78,5.3
400.363,6.66,6.85,6.32,7.23,5.78,7.03,3.92,8.53,6.79,5.29
400.725,6.63,6.85,6.33,7.24,5.76,7.01,3.92,8.52,6.76,5.32
401.087,6.63,6.89,6.34,7.23,5.75,7.01,3.92,8.53,6.75,5.33
401.449,6.58,6.94,6.4,7.27,5.81,7,3.86,8.49,6.74,5.28
401.81,6.56,6.98,6.4,7.24,5.75,7.01,3.88,8.5,6.71,5.28
402.172,6.59,7.02,6.43,7.22,5.75,7.08,3.87,8.55,6.71,5.29
402.534,6.56,7.04,6.42,7.18,5.8,7.06,3.88,8.55,6.72,5.3
402.896,6.52,7,6.37,7.12,5.77,7.02,3.9,8.5,6.65,5.29
403.258,6.47,6.95,6.35,7.07,5.76,6.96,3.89,8.51,6.65,5.28
403.619,6.4,6.94,6.33,7.06,5.75,6.92,3.89,8.55,6.59,5.3
403.981,6.39,6.97,6.36,7.05,5.77,6.93,3.88,8.54,6.56,5.29
404.343,6.4,7.01,6.35,7.02,5.77,6.94,3.89,8.54,6.56,5.3
404.704,6.42,6.97,6.35,7,5.76,6.94,3.93,8.53,6.59,5.26
405.066,6.36,6.91,6.25,6.94,5.7,6.92,3.84,8.52,6.52,5.21
405.427,6.4,6.85,6.23,6.91,5.7,6.92,3.85,8.53,6.5,5.22
405.789,6.42,6.84,6.25,6.93,5.7,6.94,3.89,8.58,6.54,5.25
406.15,6.38,6.79,6.19,6.92,5.66,6.9,3.88,8.56,6.55,5.21
406.512,6.38,6.78,6.18,6.91,5.64,6.89,3.87,8.55,6.56,5.18
406.873,6.35,6.78,6.17,6.91,5.62,6.86,3.85,8.53,6.59,5.18
407.234,6.37,6.77,6.2,6.92,5.64,6.93,3.85,8.56,6.59,5.21
407.596,6.42,6.76,6.23,6.91,5.65,6.92,3.87,8.51,6.59,5.18
407.957,6.37,6.7,6.19,6.9,5.61,6.89,3.85,8.52,6.57,5.13
408.318,6.33,6.64,6.17,6.89,5.59,6.86,3.83,8.52,6.54,5.12
408.679,6.3,6.6,6.12,6.87,5.61,6.84,3.77,8.52,6.52,5.14
409.04,6.34,6.62,6.19,6.95,5.66,6.88,3.85,8.51,6.59,5.16
409.401,6.35,6.67,6.21,6.98,5.64,6.86,3.88,8.52,6.63,5.18
409.762,6.36,6.66,6.2,6.94,5.63,6.84,3.87,8.5,6.6,5.18
410.123,6.39,6.68,6.2,6.92,5.66,6.85,3.87,8.46,6.59,5.21
410.484,6.4,6.71,6.27,6.94,5.67,6.89,3.9,8.49,6.62,5.24
410.845,6.39,6.72,6.3,6.99,5.69,6.93,3.94,8.52,6.63,5.23
411.206,6.42,6.78,6.31,7.04,5.66,6.94,3.93,8.51,6.66,5.24
411.567,6.45,6.81,6.33,6.99,5.66,7,3.91,8.49,6.7,5.29
411.927,6.48,6.81,6.33,7.03,5.67,7.02,3.88,8.5,6.72,5.33
412.288,6.49,6.86,6.31,7.04,5.65,7.02,3.87,8.49,6.7,5.32
412.649,6.67,7.02,6.47,7.25,5.85,7.27,4.1,8.53,6.73,5.36
413.009,6.69,7.03,6.45,7.22,5.84,7.23,4.04,8.53,6.68,5.34
413.37,6.69,7,6.46,7.18,5.82,7.23,4.03,8.5,6.63,5.32
413.731,6.67,7.01,6.46,7.18,5.82,7.25,3.99,8.48,6.66,5.26
414.091,6.72,7.06,6.54,7.23,5.88,7.25,4.03,8.56,6.69,5.29
414.452,6.7,7.04,6.49,7.21,5.84,7.22,3.99,8.52,6.66,5.29
414.812,6.71,7.01,6.46,7.15,5.82,7.21,3.93,8.49,6.6,5.27
415.172,6.7,7.02,6.46,7.12,5.85,7.17,3.97,8.5,6.57,5.28
415.533,6.6,7.02,6.42,7.18,5.78,7.12,3.97,8.49,6.52,5.21
415.893,6.58,7.05,6.45,7.16,5.82,7.14,3.98,8.51,6.51,5.2
416.253,6.6,7.02,6.47,7.16,5.84,7.14,4,8.5,6.51,5.22
416.613,6.46,6.89,6.3,6.93,5.64,6.91,3.77,8.44,6.5,5.15
416.974,6.46,6.89,6.31,6.97,5.65,6.95,3.8,8.45,6.47,5.2
417.334,6.41,6.84,6.22,6.97,5.65,6.92,3.79,8.43,6.46,5.15
417.694,6.44,6.87,6.23,7.02,5.66,6.93,3.84,8.45,6.47,5.15
418.054,6.37,6.81,6.21,7.02,5.6,6.88,3.79,8.36,6.44,5.12
418.414,6.4,6.84,6.26,7.07,5.65,6.87,3.8,8.38,6.46,5.1
418.774,6.4,6.93,6.29,7.14,5.67,6.83,3.84,8.43,6.56,5.15
419.134,6.36,6.94,6.29,7.13,5.64,6.87,3.83,8.44,6.53,5.13
419.494,6.39,6.89,6.28,7.1,5.66,6.87,3.83,8.47,6.57,5.17
419.853,6.42,6.9,6.3,7.12,5.64,6.91,3.85,8.49,6.6,5.18
420.213,6.36,6.91,6.31,7.16,5.65,6.91,3.87,8.51,6.63,5.15
420.573,6.41,6.98,6.42,7.21,5.7,6.92,3.93,8.54,6.69,5.21
420.933,6.38,6.93,6.41,7.14,5.67,6.86,3.92,8.48,6.72,5.16
421.292,6.42,6.97,6.43,7.18,5.62,6.86,3.95,8.48,6.77,5.2
421.652,6.39,6.95,6.4,7.19,5.64,6.81,3.9,8.47,6.74,5.23
422.011,6.34,6.93,6.36,7.13,5.61,6.82,3.88,8.46,6.72,5.19
422.371,6.28,6.88,6.31,7.11,5.58,6.83,3.89,8.44,6.67,5.21
422.73,6.31,6.87,6.36,7.12,5.61,6.88,3.86,8.4,6.61,5.19
423.09,6.31,6.8,6.38,7.12,5.65,6.89,3.86,8.38,6.62,5.19
423.449,6.3,6.8,6.39,7.11,5.66,6.92,3.86,8.34,6.6,5.17
423.809,6.28,6.74,6.28,7.07,5.64,6.88,3.8,8.28,6.56,5.1
424.168,6.3,6.75,6.3,7.07,5.68,6.87,3.81,8.27,6.6,5.16
424.527,6.24,6.71,6.2,7.02,5.62,6.84,3.78,8.27,6.52,5.12
424.887,6.22,6.74,6.18,7.02,5.64,6.85,3.79,8.31,6.51,5.12
425.246,6.2,6.7,6.19,6.95,5.65,6.88,3.72,8.33,6.44,5.08
425.605,6.19,6.74,6.16,6.91,5.63,6.88,3.75,8.34,6.42,5.03
425.964,6.24,6.77,6.18,6.91,5.67,6.88,3.79,8.37,6.48,5.08
426.323,6.25,6.82,6.21,6.88,5.68,6.88,3.79,8.4,6.52,5.04
426.682,6.19,6.73,6.08,6.81,5.61,6.82,3.79,8.35,6.49,5.01
427.041,6.22,6.73,6.03,6.78,5.58,6.8,3.74,8.36,6.54,5.01
427.4,6.25,6.74,6.03,6.76,5.58,6.76,3.73,8.36,6.5,5.04
427.759,6.22,6.76,6.07,6.77,5.59,6.77,3.8,8.37,6.55,5.1
428.118,6.25,6.76,6.07,6.73,5.56,6.76,3.79,8.39,6.53,5.07
428.477,6.2,6.7,6.06,6.69,5.5,6.72,3.74,8.34,6.47,5.01
428.835,6.2,6.69,6.07,6.68,5.51,6.77,3.73,8.34,6.47,5.01
429.194,6.2,6.73,6.07,6.72,5.53,6.78,3.77,8.34,6.53,5.03
429.553,6.2,6.67,6.09,6.71,5.52,6.77,3.75,8.3,6.54,5.07
429.911,6.21,6.65,6.08,6.75,5.48,6.79,3.76,8.36,6.53,5.05
430.27,6.22,6.63,6.07,6.77,5.51,6.82,3.77,8.38,6.54,5.07
430.629,6.28,6.68,6.15,6.8,5.54,6.88,3.84,8.46,6.61,5.12
430.987,6.29,6.69,6.15,6.81,5.55,6.83,3.85,8.4,6.57,5.13
431.346,6.27,6.69,6.13,6.83,5.56,6.85,3.86,8.38,6.61,5.1
431.704,6.31,6.72,6.1,6.8,5.55,6.8,3.83,8.37,6.56,5.08
432.062,6.3,6.7,6.11,6.78,5.55,6.83,3.83,8.33,6.56,5.1
432.421,6.39,6.75,6.15,6.83,5.64,6.86,3.89,8.38,6.66,5.14
432.779,6.44,6.76,6.17,6.85,5.64,6.88,3.9,8.45,6.69,5.16
433.137,6.44,6.78,6.18,6.84,5.65,6.87,3.89,8.47,6.68,5.15
433.496,6.43,6.78,6.16,6.8,5.67,6.89,3.91,8.5,6.71,5.17
433.854,6.39,6.8,6.15,6.78,5.7,6.88,3.92,8.45,6.68,5.17
434.212,6.38,6.78,6.12,6.73,5.68,6.84,3.87,8.38,6.64,5.17
434.57,6.32,6.78,6.08,6.7,5.6,6.8,3.76,8.34,6.61,5.1
434.928,6.25,6.75,6.08,6.65,5.56,6.76,3.71,8.32,6.56,5.04
435.286,6.21,6.73,6.09,6.66,5.53,6.75,3.69,8.31,6.52,5.01
435.644,6.15,6.69,6.08,6.64,5.5,6.73,3.66,8.33,6.5,4.97
436.002,6.07,6.67,5.98,6.62,5.44,6.63,3.6,8.25,6.41,4.89
436.36,5.94,6.55,5.87,6.58,5.34,6.55,3.5,8.18,6.27,4.83
436.718,5.84,6.47,5.78,6.53,5.24,6.45,3.41,8.06,6.19,4.74
437.075,5.8,6.4,5.7,6.48,5.19,6.39,3.37,8,6.13,4.7
437.433,5.79,6.38,5.66,6.48,5.15,6.34,3.33,7.94,6.09,4.63
437.791,5.8,6.36,5.6,6.47,5.12,6.3,3.28,7.95,6.09,4.61
438.149,5.8,6.35,5.6,6.48,5.08,6.31,3.28,7.95,6.06,4.58
438.506,5.78,6.31,5.58,6.42,5.1,6.27,3.27,7.93,6,4.56
438.864,5.84,6.35,5.63,6.44,5.13,6.33,3.32,7.94,6.06,4.59
439.221,5.86,6.35,5.65,6.41,5.16,6.37,3.32,7.95,6.12,4.63
439.579,5.89,6.36,5.65,6.44,5.15,6.4,3.36,7.94,6.1,4.68
439.936,5.96,6.39,5.7,6.43,5.19,6.46,3.39,8.01,6.16,4.73
440.294,6.05,6.51,5.77,6.46,5.25,6.52,3.47,8.08,6.24,4.76
440.651,6.12,6.61,5.84,6.49,5.34,6.62,3.56,8.14,6.35,4.87
441.009,6.14,6.68,5.92,6.5,5.37,6.67,3.59,8.15,6.4,4.94
441.366,6.16,6.71,5.98,6.56,5.39,6.72,3.64,8.2,6.44,4.98
441.723,6.17,6.74,6.05,6.6,5.41,6.78,3.68,8.15,6.48,5.02
442.08,6.2,6.73,6.09,6.62,5.43,6.79,3.72,8.2,6.54,5.05
442.437,6.22,6.76,6.12,6.7,5.43,6.82,3.77,8.23,6.58,5.11
442.795,6.27,6.8,6.14,6.76,5.46,6.87,3.78,8.31,6.61,5.12
443.152,6.3,6.86,6.13,6.85,5.49,6.85,3.79,8.4,6.57,5.13
443.509,6.31,6.87,6.16,6.87,5.49,6.86,3.77,8.37,6.56,5.09
443.866,6.35,6.87,6.17,6.89,5.5,6.92,3.81,8.36,6.57,5.09
444.223,6.35,6.88,6.19,6.88,5.51,6.93,3.8,8.38,6.57,5.12
444.58,6.3,6.87,6.15,6.91,5.49,6.92,3.81,8.33,6.54,5.09
444.936,6.31,6.82,6.11,6.92,5.49,6.89,3.78,8.34,6.53,5.08
445.293,6.3,6.82,6.09,6.89,5.47,6.88,3.74,8.33,6.5,5.02
445.65,6.29,6.79,6.07,6.84,5.4,6.82,3.72,8.3,6.45,4.99
446.007,6.28,6.78,6.01,6.82,5.39,6.82,3.67,8.28,6.37,4.96
446.363,6.32,6.8,6,6.82,5.43,6.86,3.72,8.31,6.39,4.97
446.72,6.3,6.79,5.99,6.8,5.45,6.82,3.79,8.31,6.36,4.96
447.077,6.25,6.76,5.96,6.73,5.39,6.84,3.77,8.24,6.38,4.94
447.433,6.27,6.75,5.97,6.72,5.47,6.83,3.79,8.27,6.44,4.96
447.79,6.21,6.73,5.99,6.7,5.46,6.79,3.76,8.29,6.41,4.95
448.146,6.19,6.71,5.99,6.72,5.48,6.8,3.78,8.31,6.4,4.95
448.503,6.22,6.73,6.05,6.73,5.48,6.8,3.76,8.35,6.41,4.97
448.859,6.22,6.71,6.08,6.74,5.49,6.8,3.76,8.34,6.43,4.96
449.215,6.24,6.71,6.08,6.76,5.52,6.8,3.8,8.38,6.47,4.99
449.572,6.29,6.73,6.14,6.85,5.65,6.86,3.83,8.46,6.53,5
449.928,6.28,6.74,6.18,6.85,5.69,6.84,3.85,8.45,6.6,4.99
450.284,6.3,6.74,6.2,6.82,5.69,6.8,3.81,8.42,6.62,4.99
450.641,6.28,6.73,6.16,6.84,5.64,6.83,3.8,8.38,6.6,4.98
450.997,6.3,6.71,6.15,6.83,5.65,6.84,3.81,8.37,6.59,4.96
451.353,6.3,6.73,6.13,6.82,5.6,6.84,3.82,8.36,6.58,4.97
451.709,6.31,6.72,6.1,6.82,5.56,6.83,3.81,8.32,6.62,4.96
452.065,6.31,6.68,6.06,6.84,5.57,6.83,3.78,8.28,6.64,4.93
452.421,6.33,6.65,6.04,6.83,5.59,6.78,3.81,8.28,6.6,4.9
452.777,6.34,6.72,6.1,6.88,5.65,6.83,3.86,8.31,6.6,4.89
453.133,6.33,6.7,6.11,6.88,5.58,6.84,3.84,8.26,6.58,4.92
453.488,6.29,6.68,6.1,6.81,5.53,6.83,3.8,8.22,6.55,4.89
453.844,6.24,6.68,6.08,6.81,5.48,6.82,3.78,8.22,6.53,4.87
454.2,6.15,6.63,6.06,6.86,5.5,6.81,3.73,8.24,6.54,4.83
454.556,6.14,6.59,6.12,6.85,5.5,6.79,3.67,8.27,6.54,4.83
454.911,6.1,6.61,6.15,6.88,5.51,6.74,3.63,8.31,6.55,4.83
455.267,6.11,6.61,6.17,6.9,5.51,6.74,3.64,8.33,6.58,4.83
455.623,6.06,6.65,6.21,6.97,5.57,6.78,3.64,8.3,6.57,4.82
455.978,6.08,6.63,6.27,6.92,5.52,6.77,3.61,8.33,6.6,4.82
456.334,6.07,6.67,6.29,6.91,5.55,6.84,3.61,8.36,6.6,4.82
456.689,6.08,6.61,6.24,6.87,5.5,6.84,3.57,8.32,6.6,4.84
457.045,6.1,6.65,6.23,6.87,5.57,6.83,3.54,8.34,6.56,4.82
457.4,6.09,6.63,6.17,6.89,5.55,6.82,3.59,8.36,6.56,4.82
457.755,6.17,6.63,6.18,6.9,5.56,6.85,3.65,8.37,6.58,4.87
458.111,6.27,6.69,6.2,6.87,5.55,6.9,3.7,8.4,6.55,4.92
458.466,6.28,6.71,6.14,6.9,5.58,6.92,3.72,8.37,6.54,4.96
458.821,6.34,6.73,6.17,6.92,5.6,6.98,3.8,8.42,6.56,5
459.176,6.32,6.7,6.14,6.91,5.59,7.02,3.75,8.41,6.56,5.05
459.531,6.34,6.69,6.12,6.85,5.53,6.99,3.74,8.41,6.54,5.03
459.886,6.28,6.71,6.06,6.87,5.54,7,3.77,8.4,6.46,5.03
460.242,6.29,6.69,6,6.91,5.52,6.95,3.72,8.38,6.45,5.01
460.597,6.3,6.75,5.98,6.91,5.53,6.93,3.76,8.4,6.46,5.05
460.951,6.26,6.72,6,6.9,5.5,6.9,3.76,8.37,6.48,5
461.306,6.2,6.71,5.99,6.9,5.49,6.88,3.66,8.37,6.45,5
461.661,6.22,6.75,5.99,6.9,5.53,6.88,3.67,8.42,6.47,5.01
462.016,6.19,6.7,6,6.91,5.51,6.88,3.65,8.38,6.46,4.97
462.371,6.16,6.71,6.01,6.85,5.48,6.87,3.59,8.37,6.47,4.98
462.726,6.09,6.69,5.97,6.83,5.46,6.84,3.56,8.24,6.46,4.93
463.08,6.12,6.74,6.01,6.87,5.48,6.84,3.6,8.27,6.45,4.94
463.435,6.22,6.73,6.02,6.94,5.53,6.89,3.66,8.33,6.45,5.03
463.79,6.31,6.74,6.04,6.91,5.56,6.89,3.67,8.36,6.5,5.06
464.144,6.32,6.69,6.07,6.84,5.51,6.86,3.68,8.35,6.49,5.04
464.499,6.24,6.63,6.04,6.77,5.48,6.8,3.62,8.33,6.42,4.97
464.853,6.27,6.67,6.06,6.83,5.52,6.85,3.67,8.39,6.46,5.07
465.208,6.32,6.7,6.05,6.79,5.48,6.86,3.69,8.31,6.46,5.06
465.562,6.26,6.68,6.06,6.78,5.5,6.88,3.67,8.27,6.46,5.03
465.916,6.22,6.65,5.99,6.76,5.54,6.84,3.67,8.27,6.39,5.01
466.271,6.27,6.66,6.03,6.83,5.58,6.85,3.76,8.34,6.46,5.05
466.625,6.33,6.69,6.05,6.83,5.6,6.85,3.79,8.44,6.41,5.11
466.979,6.33,6.67,6.03,6.77,5.56,6.84,3.75,8.41,6.39,5.08
467.333,6.27,6.74,6.05,6.75,5.55,6.79,3.73,8.39,6.39,5.02
467.688,6.26,6.72,6.02,6.77,5.51,6.77,3.7,8.35,6.4,4.99
468.042,6.25,6.76,6.04,6.82,5.54,6.78,3.69,8.38,6.41,5.03
468.396,6.3,6.77,6.1,6.93,5.58,6.87,3.77,8.4,6.5,5.09
468.75,6.32,6.8,6.09,6.94,5.64,6.92,3.8,8.41,6.52,5.05
469.104,6.3,6.84,6.15,6.97,5.65,6.93,3.83,8.48,6.53,5.1
469.458,6.32,6.84,6.11,6.98,5.59,6.9,3.77,8.45,6.48,5.1
469.811,6.38,6.87,6.22,6.99,5.57,6.9,3.77,8.46,6.55,5.15
470.165,6.3,6.8,6.18,6.91,5.48,6.86,3.7,8.38,6.43,5.07
470.519,6.26,6.73,6.16,6.88,5.43,6.8,3.66,8.31,6.46,5
470.873,6.24,6.69,6.15,6.94,5.46,6.8,3.71,8.32,6.45,4.98
471.227,6.28,6.66,6.2,7,5.48,6.87,3.74,8.34,6.49,5.03
471.58,6.26,6.68,6.25,7.02,5.53,6.92,3.79,8.35,6.52,5.07
471.934,6.3,6.7,6.27,7.01,5.53,6.99,3.83,8.35,6.54,5.08
472.287,6.3,6.75,6.25,7,5.55,7.02,3.83,8.38,6.53,5.09
472.641,6.34,6.71,6.25,6.98,5.49,6.96,3.8,8.34,6.5,5.07
472.995,6.39,6.68,6.25,6.97,5.52,6.96,3.81,8.35,6.49,5.05
473.348,6.41,6.7,6.3,6.97,5.53,7.03,3.91,8.37,6.51,5.07
473.701,6.4,6.7,6.29,6.96,5.52,7.06,3.93,8.35,6.5,5.06
474.055,6.39,6.74,6.28,6.96,5.54,7.03,3.9,8.37,6.6,5.08
474.408,6.47,6.8,6.33,7.03,5.6,7.14,3.96,8.4,6.62,5.15
474.761,6.49,6.77,6.37,7.02,5.63,7.12,3.94,8.43,6.62,5.19
475.115,6.5,6.75,6.32,6.98,5.61,7.12,3.9,8.41,6.56,5.12
475.468,6.48,6.76,6.31,6.97,5.57,7.1,3.91,8.42,6.6,5.13
475.821,6.46,6.75,6.28,6.98,5.58,7.06,3.88,8.43,6.57,5.11
476.174,6.43,6.79,6.25,6.97,5.54,6.99,3.89,8.4,6.56,5.09
476.527,6.39,6.77,6.27,6.98,5.58,7.04,3.91,8.43,6.56,5.11
476.88,6.37,6.75,6.28,6.99,5.58,7.07,3.94,8.44,6.61,5.13
477.233,6.36,6.72,6.26,6.99,5.59,7.01,3.93,8.45,6.63,5.16
477.586,6.35,6.73,6.25,7.03,5.61,7.01,3.95,8.52,6.64,5.16
477.939,6.4,6.67,6.25,7.04,5.61,7,3.95,8.49,6.6,5.12
478.292,6.39,6.67,6.18,7.08,5.61,6.98,3.9,8.53,6.6,5.12
478.645,6.38,6.71,6.21,7.1,5.6,7.01,3.86,8.52,6.6,5.09
478.998,6.34,6.72,6.2,7.09,5.59,7.01,3.85,8.5,6.62,5.13
479.35,6.33,6.72,6.22,7.1,5.56,7.04,3.85,8.5,6.59,5.13
479.703,6.28,6.72,6.21,7.09,5.56,7.03,3.85,8.53,6.61,5.16
480.056,6.32,6.66,6.27,7.13,5.59,7.05,3.86,8.55,6.6,5.15
480.408,6.35,6.64,6.25,7.08,5.56,7.01,3.85,8.53,6.57,5.13
480.761,6.39,6.67,6.25,7.11,5.57,7,3.83,8.51,6.57,5.12
481.113,6.37,6.64,6.25,7.09,5.55,6.98,3.79,8.51,6.57,5.09
481.466,6.38,6.61,6.25,7.09,5.55,7,3.83,8.47,6.56,5.13
481.818,6.39,6.73,6.27,7.11,5.57,7.05,3.9,8.54,6.62,5.18
482.171,6.37,6.76,6.31,7.06,5.52,7,3.91,8.53,6.61,5.2
482.523,6.37,6.78,6.28,7.02,5.49,6.99,3.95,8.55,6.61,5.2
482.875,6.45,6.78,6.28,7.05,5.52,6.95,3.97,8.58,6.64,5.22
483.228,6.48,6.79,6.22,7.04,5.53,6.91,3.94,8.61,6.61,5.2
483.58,6.5,6.79,6.26,7.02,5.51,6.93,3.95,8.54,6.62,5.19
483.932,6.46,6.78,6.23,6.93,5.48,6.9,3.89,8.52,6.59,5.18
484.284,6.38,6.79,6.15,6.95,5.44,6.9,3.86,8.48,6.56,5.16
484.636,6.33,6.76,6.12,6.89,5.39,6.82,3.81,8.46,6.51,5.13
484.988,6.34,6.8,6.11,6.9,5.38,6.84,3.83,8.44,6.51,5.13
485.34,6.34,6.82,6.12,6.93,5.39,6.78,3.82,8.44,6.5,5.08
485.692,6.3,6.78,6.09,6.93,5.39,6.78,3.8,8.4,6.47,5.06
486.044,6.26,6.72,6.07,6.91,5.37,6.78,3.78,8.34,6.42,5.02
486.396,6.2,6.71,6.02,6.85,5.34,6.75,3.77,8.28,6.38,4.99
486.748,6.09,6.66,6.01,6.8,5.32,6.73,3.73,8.25,6.35,4.97
487.1,6.09,6.61,6.01,6.74,5.29,6.71,3.69,8.16,6.32,4.94
487.451,6.1,6.61,5.99,6.75,5.31,6.69,3.67,8.16,6.33,4.95
487.803,6.09,6.6,5.96,6.75,5.31,6.66,3.66,8.12,6.29,4.94
488.155,6.12,6.58,5.98,6.71,5.33,6.63,3.65,8.1,6.3,4.94
488.506,6.13,6.57,5.98,6.74,5.35,6.67,3.68,8.1,6.32,4.97
488.858,6.09,6.54,5.93,6.73,5.35,6.64,3.63,8.08,6.27,4.95
489.209,6.04,6.49,5.87,6.69,5.32,6.62,3.58,8.05,6.25,4.95
489.561,6.07,6.49,5.89,6.66,5.33,6.61,3.57,8.05,6.24,4.96
489.912,6.07,6.5,5.88,6.65,5.36,6.59,3.57,8.07,6.25,4.97
490.264,6.08,6.45,5.87,6.64,5.39,6.6,3.55,8.07,6.25,4.99
490.615,6.11,6.47,5.84,6.67,5.37,6.6,3.54,8.06,6.24,4.98
490.966,6.07,6.48,5.85,6.68,5.36,6.56,3.54,8.08,6.25,4.95
491.318,6.04,6.47,5.83,6.68,5.32,6.54,3.54,8.05,6.21,4.93
491.669,6.04,6.45,5.83,6.7,5.31,6.53,3.51,8.04,6.23,4.93
492.02,5.99,6.42,5.79,6.72,5.29,6.52,3.52,8.06,6.22,4.89
492.371,5.94,6.41,5.76,6.68,5.25,6.48,3.5,8.05,6.19,4.86
492.722,5.93,6.4,5.75,6.69,5.21,6.46,3.47,8.07,6.2,4.83
493.073,5.92,6.4,5.74,6.67,5.16,6.45,3.44,8,6.15,4.8
493.424,5.91,6.37,5.72,6.66,5.08,6.44,3.38,7.99,6.11,4.75
493.775,5.85,6.35,5.68,6.63,5.05,6.4,3.34,7.96,6.08,4.7
494.126,5.88,6.36,5.68,6.68,5.06,6.4,3.35,7.93,6.08,4.69
494.477,5.87,6.38,5.71,6.67,5.04,6.38,3.33,7.89,6.09,4.66
494.828,5.89,6.36,5.71,6.68,5.09,6.48,3.4,7.9,6.1,4.72
495.179,5.91,6.34,5.71,6.69,5.11,6.47,3.41,7.92,6.08,4.71
495.53,5.95,6.35,5.71,6.67,5.13,6.48,3.45,7.94,6.07,4.7
495.88,5.96,6.34,5.68,6.61,5.1,6.47,3.41,7.92,6.04,4.74
496.231,5.98,6.36,5.68,6.62,5.12,6.5,3.41,7.93,6.03,4.75
496.582,5.99,6.37,5.7,6.58,5.13,6.52,3.45,7.91,6.01,4.76
496.932,5.97,6.39,5.72,6.55,5.18,6.56,3.49,7.97,6.08,4.79
497.283,5.93,6.37,5.71,6.59,5.21,6.57,3.54,7.97,6.1,4.78
497.633,6,6.38,5.76,6.64,5.21,6.63,3.55,7.98,6.14,4.8
497.984,5.98,6.41,5.74,6.62,5.16,6.63,3.56,7.98,6.14,4.79
498.334,5.91,6.35,5.69,6.61,5.18,6.61,3.58,8,6.08,4.76
498.684,5.9,6.34,5.71,6.63,5.18,6.58,3.53,8,6.05,4.75
499.035,5.87,6.31,5.73,6.6,5.15,6.58,3.52,8.03,6.09,4.73
499.385,5.82,6.31,5.74,6.55,5.11,6.59,3.51,8.02,6.09,4.7
499.735,5.82,6.37,5.81,6.62,5.12,6.65,3.6,8.01,6.11,4.73
500.086,5.85,6.38,5.85,6.63,5.15,6.66,3.61,8.04,6.11,4.7
500.436,5.88,6.4,5.89,6.62,5.19,6.66,3.6,8.05,6.14,4.7
500.786,5.97,6.44,5.88,6.68,5.25,6.69,3.64,8.04,6.13,4.72
501.136,5.99,6.44,5.89,6.71,5.25,6.7,3.65,8.03,6.15,4.76
501.486,5.97,6.45,5.89,6.68,5.27,6.67,3.7,8.03,6.1,4.72
501.836,6,6.46,5.94,6.7,5.3,6.72,3.71,8.08,6.14,4.74
502.186,6.07,6.49,5.98,6.74,5.33,6.74,3.74,8.15,6.2,4.83
502.536,6.09,6.53,5.96,6.76,5.37,6.77,3.79,8.18,6.22,4.85
502.886,6.08,6.54,5.92,6.77,5.41,6.78,3.77,8.17,6.23,4.87
503.235,6.09,6.54,5.89,6.79,5.48,6.82,3.79,8.17,6.25,4.89
503.585,6.13,6.56,5.93,6.77,5.5,6.86,3.76,8.19,6.29,4.86
503.935,6.12,6.56,5.92,6.81,5.48,6.87,3.78,8.17,6.3,4.87
504.285,6.11,6.59,5.93,6.89,5.45,6.87,3.83,8.24,6.33,4.93
504.634,6.14,6.58,5.98,6.92,5.44,6.86,3.86,8.34,6.34,4.93
504.984,6.17,6.62,6.02,6.92,5.47,6.86,3.89,8.38,6.37,4.96
505.333,6.18,6.64,6.04,6.96,5.49,6.88,3.86,8.37,6.41,5.05
505.683,6.14,6.67,6.03,6.95,5.5,6.81,3.87,8.35,6.38,5.06
506.032,6.17,6.74,6.06,6.98,5.51,6.88,3.89,8.35,6.42,5.06
506.382,6.2,6.77,6.1,7.01,5.5,6.85,3.86,8.37,6.43,5.09
506.731,6.26,6.84,6.15,7.03,5.5,6.88,3.9,8.42,6.45,5.13
507.08,6.25,6.8,6.16,7.02,5.41,6.84,3.88,8.41,6.45,5.14
507.43,6.26,6.77,6.17,7.08,5.41,6.79,3.88,8.46,6.47,5.17
507.779,6.28,6.74,6.18,7.06,5.41,6.77,3.89,8.48,6.49,5.22
508.128,6.3,6.73,6.16,7.04,5.4,6.79,3.86,8.43,6.48,5.22
508.477,6.23,6.71,6.21,7.03,5.38,6.75,3.83,8.39,6.47,5.23
508.826,6.2,6.68,6.14,7,5.37,6.72,3.77,8.37,6.42,5.22
509.176,6.17,6.64,6.06,6.98,5.33,6.7,3.75,8.37,6.39,5.17
509.525,6.24,6.67,6.07,7.02,5.33,6.73,3.76,8.43,6.4,5.2
509.874,6.21,6.62,6.06,7,5.32,6.68,3.75,8.42,6.37,5.18
510.222,6.19,6.61,6.08,6.95,5.32,6.66,3.75,8.41,6.35,5.16
510.571,6.16,6.56,6.06,6.96,5.28,6.65,3.75,8.32,6.33,5.12
510.92,6.21,6.61,6.09,7.07,5.32,6.68,3.78,8.38,6.33,5.11
511.269,6.2,6.63,6.08,7.06,5.33,6.72,3.74,8.39,6.36,5.11
511.618,6.17,6.64,6.08,7.07,5.33,6.73,3.72,8.33,6.34,5.12
511.967,6.15,6.61,6.08,7.07,5.35,6.74,3.74,8.3,6.34,5.1
512.315,6.16,6.61,6.01,7.07,5.33,6.72,3.7,8.2,6.33,5.06
512.664,6.21,6.61,6.05,7.05,5.31,6.74,3.7,8.17,6.39,5.05
513.012,6.25,6.66,6.11,7.07,5.31,6.8,3.74,8.16,6.4,5.09
513.361,6.24,6.66,6.11,7.1,5.36,6.84,3.74,8.16,6.45,5.11
513.71,6.23,6.63,6.08,7.14,5.35,6.83,3.71,8.14,6.42,5.1
514.058,6.24,6.57,6.08,7.15,5.34,6.87,3.73,8.13,6.41,5.1
514.406,6.25,6.55,6.07,7.15,5.35,6.85,3.69,8.12,6.42,5.1
514.755,6.23,6.48,6.03,7.09,5.36,6.81,3.68,8.08,6.4,5.15
515.103,6.22,6.47,5.99,7.02,5.3,6.78,3.68,7.99,6.34,5.16
515.451,6.28,6.5,6.02,7.03,5.33,6.8,3.7,8.06,6.36,5.15
515.8,6.31,6.55,6.02,7.07,5.37,6.79,3.73,8.12,6.35,5.15
516.148,6.33,6.58,6.05,7.1,5.42,6.81,3.74,8.17,6.35,5.14
516.496,6.25,6.54,6.05,7.12,5.43,6.76,3.76,8.2,6.31,5.14
516.844,6.24,6.49,6.04,7.08,5.39,6.73,3.72,8.21,6.32,5.11
517.192,6.2,6.43,6,7.02,5.31,6.66,3.66,8.11,6.29,5.06
517.54,6.16,6.4,5.96,6.95,5.3,6.65,3.66,8.11,6.27,5.01
517.888,6.14,6.43,5.92,6.98,5.29,6.64,3.6,8.06,6.27,5.01
518.236,6.13,6.46,5.91,6.98,5.33,6.68,3.6,8.13,6.25,5.03
518.584,6.16,6.56,5.93,6.99,5.34,6.68,3.59,8.1,6.31,5.03
518.932,6.16,6.54,5.95,7.04,5.41,6.62,3.61,8.11,6.35,5.05
519.28,6.02,6.5,5.91,7.01,5.32,6.59,3.59,8.04,6.28,5.02
519.628,6.05,6.43,5.96,6.99,5.29,6.57,3.59,8,6.31,5
519.975,5.95,6.41,5.99,6.92,5.2,6.58,3.62,7.98,6.27,5.01
520.323,5.93,6.38,5.97,6.95,5.15,6.62,3.57,7.92,6.2,4.99
520.671,5.96,6.4,5.99,6.98,5.25,6.63,3.64,7.96,6.22,5.04
521.018,5.95,6.44,6.01,7.02,5.27,6.66,3.64,8.02,6.16,5.04
521.366,6.01,6.46,6.07,7.11,5.33,6.72,3.65,8.03,6.26,5.12
521.713,6.01,6.44,6.06,7.1,5.29,6.72,3.77,8.08,6.29,5.14
522.061,6.01,6.43,6.08,7.08,5.29,6.71,3.8,8.09,6.34,5.13
522.408,5.93,6.39,6.04,7.05,5.21,6.72,3.8,8.05,6.24,5.09
522.756,5.91,6.33,5.99,7.06,5.2,6.76,3.74,8.04,6.17,5.09
523.103,5.97,6.32,5.96,7.06,5.21,6.73,3.69,8.02,6.12,5.12
523.45,5.89,6.28,5.85,7.01,5.18,6.7,3.62,7.97,6.02,5.12
523.798,5.93,6.22,5.8,6.97,5.2,6.67,3.6,7.89,6.04,5.12
524.145,5.97,6.27,5.82,6.95,5.27,6.7,3.65,7.93,6.08,5.12
524.492,5.93,6.23,5.81,6.9,5.25,6.7,3.65,7.85,6.07,5.06
524.839,5.92,6.13,5.73,6.84,5.17,6.67,3.61,7.79,6.07,4.98
525.186,5.89,6.12,5.66,6.78,5.08,6.59,3.58,7.72,6.02,4.93
525.533,5.9,6.12,5.66,6.76,5.07,6.57,3.44,7.67,5.95,4.86
525.88,5.85,6.05,5.62,6.73,5.01,6.51,3.37,7.62,5.89,4.84
526.227,5.85,6.05,5.62,6.81,5.04,6.51,3.36,7.64,5.98,4.83
526.574,5.9,6.18,5.74,6.8,5.01,6.56,3.46,7.67,5.99,4.85
526.921,5.92,6.22,5.78,6.82,5.02,6.56,3.53,7.75,6.03,4.81
527.268,5.94,6.27,5.83,6.86,5.03,6.59,3.53,7.81,6.08,4.83
527.615,5.86,6.26,5.81,6.85,4.97,6.57,3.49,7.85,6.07,4.78
527.961,5.86,6.25,5.84,6.87,4.96,6.59,3.49,7.9,6.08,4.78
528.308,5.83,6.27,5.86,6.88,4.94,6.58,3.46,7.88,6.04,4.81
528.655,5.84,6.29,5.89,6.87,5,6.51,3.49,7.92,6.09,4.91
529.001,5.84,6.35,5.95,6.89,5.07,6.57,3.55,7.96,6.04,4.91
529.348,5.82,6.35,5.96,6.87,5.11,6.54,3.56,7.98,6.04,4.92
529.694,5.85,6.42,5.99,6.89,5.19,6.59,3.67,8.01,6.08,4.95
530.041,5.88,6.39,6.01,6.84,5.24,6.61,3.68,8.05,6.1,4.93
530.387,5.83,6.33,5.96,6.79,5.28,6.54,3.64,8.08,6.1,4.82
530.734,5.82,6.29,5.9,6.82,5.23,6.57,3.59,8.03,6.13,4.8
531.08,5.8,6.31,5.84,6.74,5.22,6.59,3.61,8,6.12,4.75
531.426,5.82,6.3,5.82,6.81,5.24,6.61,3.64,7.93,6.07,4.77
531.773,5.77,6.3,5.73,6.75,5.17,6.57,3.59,7.89,6,4.74
532.119,5.83,6.28,5.74,6.77,5.17,6.57,3.63,8,6,4.72
532.465,5.79,6.36,5.76,6.79,5.14,6.64,3.65,8.04,6.03,4.7
532.811,5.82,6.32,5.74,6.84,5.05,6.63,3.62,8.04,6.08,4.72
533.157,5.75,6.27,5.7,6.82,4.93,6.62,3.61,8.04,6.08,4.7
533.503,5.72,6.21,5.64,6.8,4.85,6.55,3.52,7.88,6,4.71
533.849,5.72,6.22,5.59,6.79,4.85,6.51,3.52,7.85,5.91,4.73
534.195,5.69,6.22,5.59,6.8,4.79,6.51,3.54,7.77,5.89,4.81
534.541,5.69,6.25,5.66,6.79,4.87,6.54,3.57,7.81,5.88,4.81
534.887,5.73,6.25,5.71,6.85,4.87,6.56,3.54,7.81,5.91,4.91
535.233,5.74,6.26,5.75,6.79,4.88,6.6,3.56,7.87,5.97,4.92
535.579,5.77,6.2,5.82,6.86,4.9,6.6,3.61,7.92,6.02,4.93
535.924,5.7,6.24,5.81,6.89,4.89,6.6,3.55,7.9,6.03,4.97
536.27,5.7,6.19,5.85,6.89,4.86,6.58,3.55,7.86,5.95,4.93
536.616,5.67,6.2,5.86,6.85,4.94,6.56,3.57,7.85,5.91,4.93
536.961,5.73,6.26,5.91,6.9,5.03,6.66,3.59,7.85,6,5.01
537.307,5.7,6.26,5.9,6.92,5.04,6.63,3.57,7.97,6.04,4.98
537.652,5.72,6.27,5.9,6.94,5.04,6.64,3.56,7.95,6.05,5
537.998,5.71,6.28,5.81,6.95,5.04,6.63,3.51,7.98,6.05,4.95
538.343,5.66,6.23,5.74,6.94,5.01,6.58,3.45,7.95,6.05,4.96
538.689,5.68,6.22,5.72,6.94,5,6.54,3.48,7.97,6.02,4.94
539.034,5.71,6.24,5.72,6.97,4.98,6.52,3.48,8,6.01,4.93
539.379,5.72,6.32,5.69,6.94,5,6.55,3.48,7.98,6.05,5
539.725,5.75,6.29,5.6,6.89,4.97,6.52,3.44,7.93,6.02,4.92
540.07,5.73,6.27,5.55,6.86,4.98,6.49,3.4,7.94,6.04,4.92
540.415,5.63,6.16,5.45,6.75,4.89,6.37,3.3,7.83,6,4.83
540.76,5.59,6.17,5.43,6.71,4.85,6.3,3.27,7.79,5.93,4.83
541.105,5.62,6.17,5.43,6.7,4.83,6.36,3.27,7.74,5.87,4.78
541.45,5.52,6.11,5.4,6.66,4.74,6.27,3.22,7.72,5.82,4.71
541.795,5.47,5.99,5.4,6.55,4.67,6.22,3.13,7.64,5.77,4.62
542.14,5.39,5.9,5.27,6.49,4.56,6.09,3.06,7.53,5.64,4.52
542.485,5.3,5.83,5.23,6.39,4.51,6.03,2.98,7.46,5.59,4.44
542.83,5.15,5.69,5.07,6.26,4.43,5.86,2.75,7.33,5.46,4.29
543.175,5.03,5.54,4.95,6.11,4.34,5.71,2.61,7.16,5.27,4.11
543.519,4.91,5.34,4.92,6.02,4.23,5.57,2.52,7.05,5.22,4.07
543.864,4.82,5.24,4.83,5.91,4.13,5.45,2.37,6.92,5.05,3.99
544.209,4.72,5.14,4.71,5.75,4.03,5.32,2.19,6.84,4.86,3.82
544.554,4.51,4.9,4.54,5.58,3.84,5.12,2.01,6.67,4.65,3.62
544.898,4.34,4.67,4.38,5.38,3.69,4.9,1.8,6.57,4.53,3.46
545.243,4.25,4.46,4.21,5.2,3.5,4.75,1.57,6.41,4.32,3.27
545.587,4.05,4.33,4.01,5.09,3.26,4.57,1.39,6.27,4.14,3.11
545.932,3.86,4.17,3.9,4.94,3.12,4.4,1.24,6.1,3.97,2.93
546.276,3.67,3.98,3.69,4.78,2.9,4.23,1.05,5.91,3.81,2.74
546.621,3.61,3.91,3.65,4.7,2.78,4.15,0.99,5.85,3.71,2.69
546.965,3.51,3.84,3.53,4.64,2.66,4,0.85,5.79,3.67,2.58
547.309,3.44,3.82,3.42,4.57,2.55,3.97,0.76,5.71,3.51,2.48
547.653,3.34,3.75,3.25,4.52,2.42,3.85,0.69,5.6,3.42,2.36
547.998,3.36,3.77,3.28,4.62,2.45,3.97,0.78,5.65,3.45,2.44
548.342,3.36,3.76,3.27,4.59,2.46,3.91,0.7,5.58,3.44,2.36
548.686,3.35,3.88,3.36,4.67,2.44,3.99,0.78,5.6,3.43,2.4
549.03,3.36,4.03,3.48,4.75,2.51,4.09,0.88,5.69,3.54,2.5
549.374,3.52,4.18,3.63,4.93,2.72,4.26,0.99,5.84,3.64,2.65
549.718,3.7,4.3,3.8,5.08,2.84,4.45,1.15,6.02,3.83,2.9
550.062,3.87,4.49,4.03,5.3,3.01,4.59,1.32,6.23,3.94,3.05
550.406,4.05,4.67,4.16,5.51,3.23,4.76,1.49,6.35,4.1,3.25
550.75,4.18,4.83,4.28,5.67,3.31,4.95,1.65,6.47,4.19,3.44
551.094,4.33,4.94,4.4,5.81,3.44,5.06,1.78,6.57,4.32,3.59
551.437,4.52,5.06,4.65,6.01,3.64,5.24,2.01,6.75,4.53,3.78
551.781,4.66,5.16,4.81,6.14,3.72,5.3,2.17,6.88,4.72,3.9
552.125,4.87,5.33,4.99,6.33,3.85,5.51,2.36,7.15,4.87,4.14
552.468,5.01,5.39,5.1,6.47,3.94,5.68,2.44,7.23,4.96,4.29
552.812,5.17,5.47,5.17,6.69,4.11,5.8,2.56,7.4,5.1,4.47
553.156,5.31,5.53,5.33,6.82,4.23,5.93,2.72,7.48,5.26,4.63
553.499,5.45,5.63,5.46,6.94,4.34,6.07,2.82,7.57,5.41,4.7
553.843,5.53,5.7,5.55,7.05,4.48,6.16,2.94,7.67,5.53,4.89
554.186,5.62,5.75,5.59,7.17,4.53,6.25,3.01,7.81,5.57,4.94
554.529,5.69,5.75,5.68,7.19,4.64,6.26,3.08,7.82,5.6,5.02
554.873,5.76,5.82,5.8,7.25,4.8,6.41,3.14,7.96,5.72,5.16
555.216,5.89,5.96,5.85,7.35,4.87,6.61,3.14,8.09,5.8,5.27
555.559,6.02,6.04,5.93,7.48,4.91,6.7,3.17,8.14,5.81,5.43
555.902,6.09,6.07,5.99,7.56,4.97,6.72,3.31,8.14,5.88,5.44
556.246,6.18,6.17,6.07,7.65,5.12,6.72,3.41,8.26,5.97,5.54
556.589,6.33,6.29,6.23,7.69,5.19,6.81,3.48,8.32,6.06,5.62
556.932,6.36,6.34,6.26,7.66,5.2,6.81,3.48,8.33,6.07,5.62
557.275,6.41,6.44,6.29,7.69,5.32,6.82,3.52,8.4,6.1,5.71
557.618,6.51,6.56,6.35,7.77,5.4,6.92,3.55,8.44,6.19,5.81
557.961,6.58,6.63,6.5,7.84,5.48,6.99,3.6,8.47,6.29,5.91
558.304,6.61,6.68,6.62,7.99,5.52,7.15,3.61,8.57,6.38,5.97
558.646,6.7,6.72,6.67,8.11,5.54,7.14,3.67,8.62,6.41,6.01
558.989,6.72,6.72,6.77,8.13,5.59,7.1,3.71,8.64,6.46,6.04
559.332,6.7,6.75,6.76,8.16,5.65,7.14,3.71,8.71,6.48,6.03
559.675,6.71,6.87,6.82,8.21,5.68,7.25,3.75,8.77,6.53,6.17
560.017,6.72,6.95,6.86,8.32,5.72,7.29,3.85,8.8,6.61,6.29
560.36,6.73,6.92,6.92,8.42,5.79,7.29,3.9,8.8,6.63,6.26
560.703,6.78,6.9,6.96,8.55,5.78,7.34,3.94,8.86,6.67,6.27
561.045,6.76,6.91,7,8.61,5.77,7.39,3.96,8.88,6.68,6.28
561.388,6.73,6.89,7.05,8.59,5.71,7.36,3.96,8.88,6.61,6.19
561.73,6.72,6.91,7.07,8.6,5.72,7.39,3.96,8.94,6.67,6.21
562.073,6.78,6.96,7.12,8.66,5.73,7.34,3.99,8.95,6.7,6.2
562.415,6.72,7,7.12,8.62,5.72,7.33,4.04,8.95,6.69,6.2
562.757,6.7,6.95,7.11,8.69,5.67,7.33,4.06,8.99,6.68,6.17
563.1,6.75,6.95,7.2,8.68,5.68,7.34,4.09,8.99,6.76,6.16
563.442,6.91,6.98,7.2,8.75,5.71,7.31,4.09,8.99,6.81,6.14
563.784,6.96,6.91,7.21,8.72,5.77,7.35,4.05,9,6.84,6.1
564.126,6.92,6.92,7.14,8.65,5.78,7.38,4.03,8.99,6.82,6.15
564.468,6.96,7,7.22,8.68,5.9,7.44,4.08,9.02,6.9,6.24
564.81,6.99,6.97,7.19,8.65,5.82,7.39,4.08,8.99,6.85,6.26
565.152,7.04,6.95,7.18,8.73,5.89,7.45,4.12,9.03,6.94,6.32
565.494,7.05,6.96,7.1,8.68,5.87,7.46,4.15,8.96,6.86,6.33
565.836,7.05,6.99,7.12,8.68,5.93,7.5,4.23,9.02,6.9,6.41
566.178,7.09,7.05,7.21,8.74,5.97,7.54,4.23,9.03,6.95,6.42
566.52,7.17,7.16,7.23,8.81,6.11,7.6,4.31,9.05,7.02,6.51
566.862,7.09,7.18,7.16,8.78,6.16,7.59,4.27,9.07,6.98,6.5
567.204,7.06,7.17,7.17,8.77,6.21,7.61,4.23,9.13,6.93,6.53
567.545,7.05,7.22,7.19,8.77,6.15,7.6,4.25,9.14,6.92,6.52
567.887,7.09,7.34,7.24,8.81,6.16,7.66,4.3,9.14,6.93,6.59
568.229,7.09,7.31,7.15,8.78,6.11,7.61,4.24,9.21,6.86,6.55
568.57,7.16,7.41,7.25,8.86,6.24,7.73,4.31,9.33,6.96,6.6
568.912,7.23,7.47,7.26,8.93,6.32,7.78,4.35,9.41,7,6.67
569.253,7.25,7.47,7.37,9.02,6.38,7.81,4.33,9.51,7.04,6.72
569.595,7.31,7.51,7.42,9.09,6.43,7.84,4.28,9.58,7.04,6.74
569.936,7.38,7.55,7.45,9.14,6.44,7.9,4.32,9.64,7.1,6.75
570.277,7.38,7.52,7.43,9.11,6.43,7.89,4.3,9.61,7.07,6.69
570.619,7.44,7.58,7.49,9.16,6.44,7.97,4.35,9.6,7.11,6.74
570.96,7.44,7.56,7.51,9.14,6.46,8.04,4.4,9.62,7.18,6.75
571.301,7.47,7.56,7.56,9.11,6.49,8.04,4.43,9.67,7.21,6.78
571.642,7.5,7.51,7.6,9.16,6.51,8.03,4.43,9.75,7.21,6.75
571.984,7.49,7.54,7.65,9.19,6.54,8.02,4.47,9.69,7.26,6.78
572.325,7.48,7.54,7.67,9.2,6.53,8,4.47,9.73,7.29,6.78
572.666,7.48,7.55,7.7,9.17,6.5,7.96,4.48,9.7,7.27,6.77
573.007,7.52,7.63,7.69,9.17,6.54,7.98,4.51,9.69,7.3,6.76
573.348,7.58,7.63,7.68,9.13,6.56,7.99,4.56,9.68,7.35,6.75
573.689,7.58,7.62,7.64,9.11,6.59,7.95,4.51,9.69,7.37,6.77
574.03,7.61,7.68,7.67,9.11,6.61,8.01,4.55,9.76,7.4,6.81
574.37,7.61,7.71,7.71,9.13,6.64,7.99,4.58,9.83,7.44,6.85
574.711,7.6,7.76,7.73,9.17,6.67,8.01,4.58,9.85,7.44,6.86
575.052,7.61,7.79,7.74,9.21,6.71,8.05,4.61,9.85,7.46,6.87
575.393,7.6,7.82,7.7,9.14,6.7,8.07,4.62,9.83,7.5,6.88
575.733,7.61,7.83,7.72,9.1,6.72,8.1,4.62,9.89,7.51,6.87
576.074,7.61,7.83,7.72,9.1,6.75,8.12,4.62,9.91,7.49,6.87
576.414,7.6,7.85,7.71,9.1,6.76,8.14,4.61,9.97,7.52,6.85
576.755,7.63,7.83,7.75,9.09,6.75,8.16,4.63,10.01,7.54,6.85
577.095,7.59,7.84,7.77,9.1,6.77,8.17,4.62,10.03,7.53,6.87
577.436,7.6,7.83,7.76,9.09,6.77,8.2,4.65,10.04,7.5,6.85
577.776,7.58,7.8,7.79,9.08,6.77,8.17,4.61,10.05,7.49,6.86
578.117,7.6,7.78,7.76,9.05,6.77,8.18,4.6,10.03,7.48,6.85
578.457,7.63,7.77,7.77,9.04,6.75,8.19,4.59,10.04,7.49,6.83
578.797,7.66,7.78,7.77,9.04,6.75,8.18,4.58,10.08,7.48,6.84
579.137,7.67,7.78,7.79,9.05,6.75,8.16,4.57,10.12,7.46,6.82
579.478,7.69,7.79,7.78,9.05,6.77,8.17,4.59,10.13,7.45,6.84
579.818,7.71,7.82,7.79,9.05,6.78,8.18,4.59,10.14,7.47,6.84
580.158,7.71,7.82,7.78,9.05,6.78,8.17,4.59,10.11,7.46,6.85
580.498,7.69,7.82,7.76,9.05,6.78,8.16,4.59,10.09,7.47,6.83
580.838,7.7,7.83,7.73,9.05,6.79,8.17,4.6,10.11,7.49,6.83
581.178,7.69,7.83,7.75,9.04,6.8,8.17,4.58,10.13,7.49,6.82
581.518,7.74,7.85,7.74,9.04,6.82,8.19,4.59,10.13,7.51,6.81
581.858,7.72,7.87,7.76,9.04,6.85,8.19,4.6,10.14,7.51,6.81
582.197,7.73,7.88,7.75,9.05,6.88,8.19,4.6,10.15,7.52,6.82
582.537,7.72,7.87,7.73,9.03,6.88,8.19,4.6,10.13,7.52,6.79
582.877,7.71,7.87,7.73,9.05,6.89,8.2,4.61,10.13,7.54,6.79
583.217,7.72,7.9,7.75,9.05,6.89,8.2,4.59,10.12,7.55,6.78
583.556,7.7,7.88,7.72,9.01,6.88,8.2,4.56,10.11,7.54,6.78
583.896,7.71,7.9,7.75,8.99,6.9,8.2,4.56,10.12,7.53,6.79
584.235,7.72,7.91,7.75,8.99,6.93,8.21,4.56,10.15,7.53,6.8
584.575,7.72,7.9,7.76,8.99,6.93,8.21,4.58,10.17,7.53,6.8
584.914,7.76,7.92,7.78,9.01,6.94,8.21,4.61,10.18,7.56,6.83
585.254,7.74,7.95,7.79,9.01,6.95,8.22,4.62,10.2,7.53,6.85
585.593,7.77,7.94,7.77,9.01,6.95,8.24,4.61,10.2,7.53,6.83
585.933,7.74,7.95,7.76,8.98,6.93,8.23,4.59,10.2,7.51,6.83
586.272,7.75,7.95,7.78,8.98,6.96,8.24,4.58,10.21,7.49,6.85
586.611,7.78,7.97,7.78,8.94,6.99,8.25,4.57,10.22,7.5,6.86
586.95,7.76,7.94,7.8,8.94,6.98,8.25,4.56,10.22,7.48,6.86
587.289,7.77,7.94,7.81,8.97,6.98,8.24,4.57,10.23,7.49,6.86
587.629,7.79,7.94,7.81,8.98,6.99,8.25,4.56,10.26,7.5,6.84
587.968,7.79,7.93,7.81,8.97,7,8.26,4.56,10.25,7.49,6.85
588.307,7.79,7.94,7.82,8.96,6.99,8.28,4.54,10.21,7.49,6.84
588.646,7.77,7.94,7.79,8.96,6.98,8.3,4.49,10.21,7.46,6.82
588.985,7.76,7.91,7.78,8.98,6.99,8.29,4.5,10.19,7.48,6.78
589.323,7.74,7.93,7.81,8.97,7,8.29,4.51,10.17,7.52,6.8
589.662,7.74,7.93,7.82,8.98,7,8.27,4.5,10.16,7.5,6.78
590.001,7.74,7.94,7.84,8.99,6.99,8.3,4.5,10.17,7.55,6.77
590.34,7.73,7.93,7.84,9.02,6.98,8.31,4.49,10.17,7.54,6.76
590.679,7.75,7.95,7.83,9.03,7.02,8.32,4.53,10.21,7.56,6.78
591.017,7.76,7.96,7.84,9.02,7.05,8.32,4.53,10.2,7.59,6.77
591.356,7.74,7.92,7.82,9.01,7.06,8.33,4.55,10.21,7.6,6.8
591.695,7.75,7.91,7.82,9,7.08,8.31,4.58,10.22,7.59,6.8
592.033,7.75,7.92,7.81,8.97,7.05,8.29,4.55,10.23,7.59,6.81
592.372,7.75,7.92,7.82,8.95,7.05,8.28,4.56,10.25,7.59,6.8
592.71,7.75,7.93,7.82,8.94,7.04,8.27,4.54,10.27,7.58,6.82
593.048,7.75,7.89,7.8,8.91,6.99,8.24,4.52,10.27,7.55,6.77
593.387,7.74,7.87,7.8,8.91,6.98,8.27,4.53,10.28,7.56,6.77
593.725,7.74,7.88,7.77,8.9,6.96,8.25,4.52,10.31,7.54,6.76
594.063,7.76,7.88,7.78,8.91,6.96,8.26,4.53,10.3,7.53,6.8
594.402,7.76,7.87,7.77,8.92,6.93,8.28,4.52,10.26,7.53,6.8
594.74,7.76,7.88,7.8,8.94,6.92,8.3,4.53,10.29,7.52,6.82
595.078,7.76,7.9,7.83,8.94,6.91,8.3,4.51,10.27,7.49,6.82
595.416,7.74,7.89,7.85,8.97,6.83,8.29,4.45,10.26,7.46,6.81
595.754,7.73,7.89,7.84,9.02,6.88,8.31,4.46,10.28,7.44,6.79
596.092,7.73,7.9,7.86,9.03,6.9,8.31,4.46,10.27,7.46,6.82
596.43,7.71,7.89,7.83,9.01,6.9,8.31,4.43,10.26,7.44,6.8
596.768,7.72,7.91,7.84,9.04,6.93,8.34,4.47,10.28,7.44,6.82
597.106,7.75,7.94,7.87,9.05,6.96,8.37,4.49,10.29,7.47,6.88
597.444,7.76,7.94,7.88,9.02,6.96,8.36,4.49,10.24,7.46,6.88
597.781,7.74,7.94,7.87,8.99,6.95,8.33,4.5,10.23,7.45,6.83
598.119,7.72,7.93,7.83,8.96,6.93,8.29,4.45,10.23,7.49,6.81
598.457,7.72,7.9,7.79,8.93,6.92,8.28,4.43,10.22,7.43,6.79
598.795,7.74,7.92,7.79,8.96,6.92,8.3,4.46,10.23,7.46,6.78
599.132,7.73,7.94,7.8,8.97,6.97,8.32,4.48,10.23,7.51,6.77
599.47,7.77,7.93,7.79,8.96,6.98,8.31,4.48,10.22,7.53,6.77
599.807,7.8,7.92,7.78,8.95,6.99,8.31,4.49,10.22,7.54,6.79
600.145,7.82,7.97,7.83,9.02,7.02,8.34,4.52,10.25,7.58,6.83
600.482,7.82,7.94,7.82,9.02,7.02,8.34,4.52,10.27,7.61,6.82
600.82,7.85,7.94,7.84,9.04,7.02,8.32,4.5,10.28,7.59,6.8
601.157,7.85,7.96,7.87,9.09,7.04,8.35,4.55,10.31,7.63,6.86
601.494,7.87,7.98,7.89,9.11,7.08,8.4,4.55,10.37,7.67,6.88
601.831,7.88,7.98,7.91,9.14,7.09,8.42,4.56,10.4,7.65,6.89
602.169,7.91,8.02,7.92,9.18,7.12,8.42,4.61,10.43,7.72,6.92
602.506,7.92,8.02,7.94,9.15,7.12,8.41,4.6,10.44,7.73,6.93
602.843,7.91,7.98,7.86,9.13,7.08,8.4,4.6,10.45,7.69,6.92
603.18,7.91,8,7.91,9.12,7.07,8.4,4.61,10.47,7.68,6.93
603.517,7.92,8.02,7.93,9.14,7.08,8.43,4.64,10.49,7.69,6.92
603.854,7.95,8,7.94,9.09,7.08,8.44,4.66,10.49,7.7,6.94
604.191,7.96,8.04,7.95,9.11,7.1,8.45,4.65,10.48,7.71,6.96
604.528,7.97,8.07,7.96,9.11,7.12,8.46,4.7,10.48,7.73,6.99
604.865,7.97,8.06,7.94,9.1,7.12,8.45,4.67,10.47,7.71,6.98
605.202,8,8.07,7.93,9.15,7.12,8.46,4.66,10.44,7.71,7
605.538,8.04,8.06,7.98,9.14,7.14,8.45,4.71,10.45,7.7,7.01
605.875,8.02,8.03,7.97,9.13,7.13,8.47,4.69,10.45,7.68,7.01
606.212,7.98,8.04,7.96,9.15,7.15,8.46,4.68,10.41,7.65,6.99
606.548,8.02,8.11,8.01,9.16,7.18,8.5,4.69,10.39,7.7,7.03
606.885,8.03,8.14,7.99,9.23,7.21,8.51,4.72,10.4,7.69,7.04
607.222,8.04,8.19,8.02,9.24,7.24,8.55,4.72,10.42,7.7,7.05
607.558,8.01,8.19,8.02,9.26,7.22,8.51,4.74,10.44,7.66,7.02
607.895,8.04,8.2,8.02,9.25,7.24,8.51,4.78,10.45,7.64,7.03
608.231,8.03,8.2,7.99,9.27,7.24,8.51,4.75,10.48,7.66,7
608.567,8.03,8.19,8.01,9.28,7.25,8.52,4.78,10.52,7.65,7
608.904,8,8.2,7.99,9.26,7.24,8.47,4.76,10.52,7.61,6.99
609.24,7.96,8.22,7.97,9.28,7.22,8.52,4.75,10.5,7.63,6.98
609.576,7.94,8.22,7.94,9.26,7.21,8.51,4.75,10.49,7.62,6.94
609.912,7.93,8.18,7.9,9.24,7.19,8.5,4.69,10.5,7.61,6.9
610.248,7.87,8.1,7.84,9.18,7.15,8.42,4.63,10.5,7.53,6.84
610.585,7.84,8.05,7.83,9.1,7.13,8.39,4.59,10.47,7.54,6.82
610.921,7.77,7.95,7.78,9.09,7.04,8.31,4.55,10.41,7.5,6.77
611.257,7.69,7.89,7.71,9.03,6.98,8.29,4.47,10.34,7.46,6.72
611.593,7.59,7.78,7.64,8.94,6.85,8.21,4.3,10.24,7.37,6.61
611.929,7.52,7.7,7.56,8.84,6.76,8.12,4.19,10.15,7.25,6.53
612.264,7.36,7.55,7.42,8.72,6.64,7.97,4.02,10,7.09,6.39
612.6,7.23,7.4,7.33,8.56,6.51,7.89,3.91,9.87,6.99,6.26
612.936,7.11,7.28,7.19,8.4,6.41,7.73,3.77,9.76,6.81,6.11
613.272,6.99,7.12,7.09,8.28,6.25,7.55,3.59,9.63,6.64,5.99
613.608,6.91,7.02,6.99,8.16,6.11,7.42,3.51,9.49,6.53,5.91
613.943,6.83,6.92,6.95,8.07,6.01,7.33,3.41,9.38,6.43,5.81
614.279,6.66,6.77,6.83,7.96,5.86,7.23,3.22,9.25,6.29,5.65
614.614,6.59,6.66,6.7,7.85,5.73,7.12,3.11,9.13,6.16,5.51
614.95,6.51,6.6,6.64,7.79,5.66,7.05,3.04,9.08,6.05,5.45
615.285,6.45,6.56,6.58,7.76,5.66,7,2.99,9.02,6.01,5.36
615.621,6.35,6.45,6.52,7.66,5.54,6.96,2.96,8.97,5.95,5.31
615.956,6.41,6.49,6.51,7.69,5.52,7,3.02,8.98,5.99,5.29
616.292,6.48,6.56,6.55,7.78,5.59,7.05,3.08,9.02,6.02,5.37
616.627,6.52,6.57,6.54,7.81,5.6,7.09,3.1,9.06,6.05,5.41
616.962,6.58,6.66,6.62,7.9,5.69,7.2,3.17,9.11,6.15,5.43
617.297,6.57,6.69,6.7,7.94,5.75,7.26,3.19,9.15,6.19,5.46
617.632,6.65,6.8,6.72,8.01,5.81,7.35,3.29,9.24,6.24,5.54
617.968,6.75,6.87,6.76,8.06,5.84,7.42,3.39,9.28,6.3,5.61
618.303,6.78,6.97,6.82,8.07,5.94,7.48,3.47,9.36,6.34,5.72
618.638,6.87,7.05,6.86,8.09,6.02,7.51,3.49,9.41,6.4,5.75
618.973,6.99,7.14,6.91,8.16,6.06,7.58,3.57,9.51,6.46,5.9
619.308,7.05,7.24,6.99,8.29,6.21,7.65,3.64,9.58,6.53,5.98
619.643,7.09,7.32,7.06,8.31,6.3,7.71,3.67,9.61,6.59,6.08
619.977,7.12,7.36,7.14,8.38,6.33,7.74,3.71,9.64,6.71,6.13
620.312,7.18,7.41,7.22,8.48,6.41,7.82,3.8,9.69,6.8,6.2
620.647,7.23,7.51,7.27,8.56,6.45,7.88,3.89,9.76,6.89,6.24
620.982,7.35,7.61,7.34,8.69,6.53,7.97,3.99,9.86,6.96,6.33
621.316,7.36,7.6,7.39,8.69,6.53,7.97,4,9.88,7.02,6.35
621.651,7.42,7.69,7.47,8.77,6.59,7.98,4.1,9.98,7.08,6.48
621.986,7.43,7.7,7.51,8.86,6.62,8.06,4.08,9.99,7.16,6.5
622.32,7.52,7.8,7.55,8.95,6.7,8.14,4.21,10.06,7.27,6.59
622.655,7.51,7.79,7.59,8.93,6.7,8.2,4.23,10.11,7.32,6.54
622.989,7.59,7.84,7.59,8.94,6.69,8.25,4.25,10.14,7.33,6.55
623.324,7.6,7.78,7.59,8.98,6.62,8.18,4.22,10.16,7.32,6.49
623.658,7.56,7.71,7.51,8.92,6.58,8.14,4.2,10.17,7.28,6.44
623.992,7.54,7.75,7.54,8.93,6.55,8.15,4.16,10.15,7.29,6.45
624.326,7.58,7.76,7.57,8.94,6.57,8.21,4.18,10.18,7.28,6.48
624.661,7.52,7.72,7.48,8.88,6.48,8.13,4.11,10.15,7.28,6.48
624.995,7.47,7.74,7.45,8.86,6.43,8.09,4.08,10.1,7.25,6.47
625.329,7.42,7.71,7.46,8.85,6.37,8.16,4.08,10.11,7.27,6.42
625.663,7.43,7.62,7.45,8.79,6.33,8.1,4.09,10.1,7.27,6.42
625.997,7.34,7.51,7.44,8.73,6.26,8.05,4.03,10.08,7.2,6.42
626.331,7.34,7.54,7.48,8.74,6.29,7.98,4.05,10.1,7.21,6.46
626.665,7.3,7.57,7.52,8.77,6.32,7.95,4.05,10.12,7.27,6.47
626.999,7.3,7.66,7.57,8.76,6.43,8,4.1,10.18,7.3,6.53
627.333,7.32,7.73,7.57,8.72,6.48,8.05,4.11,10.13,7.29,6.56
627.667,7.33,7.71,7.56,8.75,6.48,8.01,4.1,10.18,7.28,6.63
628.001,7.34,7.66,7.52,8.68,6.42,7.96,4.05,10.12,7.31,6.68
628.334,7.44,7.64,7.61,8.71,6.42,8.05,4.08,10.11,7.33,6.7
628.668,7.53,7.67,7.71,8.79,6.54,8.12,4.17,10.22,7.43,6.75
629.002,7.51,7.58,7.64,8.75,6.57,8.05,4.14,10.15,7.39,6.72
629.335,7.5,7.66,7.61,8.78,6.59,8.03,4.15,10.17,7.39,6.78
629.669,7.58,7.68,7.64,8.77,6.58,8,4.14,10.17,7.47,6.65
630.002,7.62,7.67,7.61,8.84,6.64,8.03,4.16,10.16,7.49,6.7
630.336,7.66,7.63,7.63,8.89,6.62,8.05,4.16,10.2,7.49,6.73
630.669,7.64,7.53,7.55,8.85,6.45,7.97,4.1,10.12,7.45,6.65
631.003,7.62,7.47,7.53,8.86,6.45,7.96,4.08,10.17,7.42,6.59
631.336,7.56,7.45,7.48,8.76,6.41,7.97,4.08,10.11,7.33,6.51
631.669,7.5,7.42,7.44,8.77,6.38,7.89,4.06,10.08,7.24,6.4
632.003,7.4,7.41,7.32,8.66,6.4,7.77,4.04,10.05,7.23,6.28
632.336,7.32,7.26,7.19,8.6,6.32,7.68,3.9,9.86,7.11,6.23
632.669,7.3,7.3,7.19,8.58,6.34,7.69,3.83,9.87,7.13,6.25
633.002,7.35,7.26,7.19,8.56,6.37,7.69,3.8,9.78,7.11,6.18
633.335,7.21,7.19,7.18,8.59,6.43,7.7,3.77,9.66,7.02,6.29
633.668,7.16,7.12,7.17,8.5,6.3,7.66,3.69,9.57,6.93,6.26
634.001,7.1,7.05,7.04,8.38,6.19,7.58,3.65,9.51,6.81,6.17
634.334,7.11,7.06,7.05,8.39,6.25,7.68,3.62,9.5,6.83,6.2
634.667,7.09,6.97,6.98,8.38,6.14,7.53,3.54,9.4,6.74,6.2
635,7.17,7,6.94,8.36,6.15,7.44,3.51,9.41,6.76,6.26
635.333,7.18,7.01,6.91,8.29,6.19,7.39,3.5,9.42,6.76,6.34
635.665,7.16,7.01,7.02,8.42,6.12,7.39,3.46,9.4,6.64,6.41
635.998,7.18,6.98,6.95,8.39,6.1,7.37,3.42,9.43,6.6,6.38
636.331,7.28,6.98,7.05,8.43,6.07,7.38,3.5,9.48,6.59,6.39
636.663,7.24,6.99,7.12,8.51,6.04,7.42,3.55,9.65,6.58,6.39
636.996,7.32,6.96,7.03,8.47,5.93,7.44,3.57,9.75,6.5,6.37
637.328,7.27,6.95,7.04,8.43,5.81,7.47,3.62,9.75,6.49,6.31
637.661,7.35,6.99,7.12,8.49,5.89,7.58,3.64,9.77,6.55,6.37
637.993,7.51,7.11,7.18,8.59,5.96,7.6,3.81,9.88,6.65,6.49
638.326,7.65,7.29,7.44,8.84,6.13,7.8,4.03,10.09,6.88,6.6
638.658,7.63,7.27,7.57,9.01,6.14,7.85,4.08,10.09,6.9,6.6
638.99,7.61,7.24,7.5,8.96,5.97,7.9,3.92,10.1,6.74,6.52
639.323,7.78,7.29,7.5,8.95,6.05,8.02,3.97,10.24,6.89,6.63
639.655,7.78,7.48,7.59,8.98,6.13,8.13,4,10.33,6.96,6.74
639.987,7.83,7.62,7.55,8.96,6.25,8.15,3.98,10.3,6.98,6.79
640.319,7.81,7.66,7.54,8.97,6.27,8.1,3.92,10.26,6.96,6.82
640.651,7.84,7.79,7.61,9.1,6.31,8.2,3.92,10.12,7.02,6.81
640.983,7.86,7.87,7.56,9.18,6.43,8.26,3.96,10.14,7.02,6.82
641.315,7.77,7.89,7.64,9.2,6.46,8.22,4,10.12,7.06,6.83
641.647,7.61,7.89,7.68,9.13,6.6,8.33,4.02,10.26,7.01,6.86
641.979,7.46,7.71,7.62,8.95,6.51,8.27,3.86,10.16,6.91,6.77
642.311,7.45,7.72,7.7,8.94,6.52,8.33,3.89,10.23,6.99,6.69
642.643,7.55,7.85,7.89,9.19,6.78,8.51,4.2,10.31,7.27,6.8
642.975,7.45,7.85,7.78,9.02,6.75,8.46,4.22,10.21,7.2,6.8
643.306,7.51,7.88,7.82,9.11,6.63,8.45,4.34,10.27,7.24,6.85
643.638,7.4,7.82,7.84,9.18,6.5,8.46,4.32,10.31,7.08,6.78
643.97,7.4,7.8,7.81,9.1,6.41,8.46,4.3,10.39,7.03,6.75
644.301,7.39,7.85,7.85,9.03,6.44,8.33,4.26,10.73,6.99,6.84
644.633,7.38,7.77,7.9,9.01,6.45,8.31,4.24,10.78,7.06,6.84
644.964,7.5,7.76,7.79,9,6.36,8.36,4.21,10.79,6.93,6.83
645.296,7.45,7.63,7.67,9.02,5.93,8.06,3.92,10.44,6.82,6.71
645.627,7.45,7.74,7.48,9.06,5.98,8.07,3.85,10.38,6.66,6.66
645.959,7.55,7.72,7.4,9.15,6.01,8.05,3.76,10.32,6.58,6.66
646.29,7.53,7.64,7.21,9.07,5.91,7.9,3.57,10.24,6.4,6.56
646.621,7.63,7.71,7.39,9.38,6,8,3.6,10.45,6.43,6.57
646.952,7.68,7.59,7.51,9.32,6.14,7.92,3.53,10.49,6.26,6.48
647.284,7.72,7.8,7.57,9.32,6.33,8.02,3.6,10.52,6.44,6.63
647.615,7.86,7.76,7.57,9.32,6.4,8.04,3.7,10.31,6.59,6.63
647.946,7.87,7.73,7.51,9.27,6.35,8.09,3.71,10.13,6.66,6.68
648.277,7.93,7.8,7.64,9.45,6.42,8.02,3.66,10.16,6.62,6.74
648.608,7.89,7.86,7.75,9.43,6.59,8.02,3.78,10.24,6.91,6.86
648.939,8.04,7.95,7.76,9.39,6.79,8.11,3.97,10.37,7.09,6.88
649.27,8.05,7.97,7.82,9.15,6.73,8.14,4.07,10.36,7.17,6.92
649.601,7.92,8.08,7.7,9.1,6.85,8.21,4.25,10.39,7.24,7.15
649.931,7.95,8.24,7.93,9.07,7.07,8.2,4.28,10.57,7.44,7.38
650.262,7.86,8.07,7.83,8.93,6.92,8.18,4.17,10.37,7.41,7.23
650.593,7.66,7.74,7.56,8.8,6.74,8.07,3.84,10.15,7.3,7.04
650.924,7.63,7.28,7.33,8.68,6.38,7.93,3.58,9.97,7.05,6.7
651.254,7.47,7.32,7.27,8.81,6.35,7.83,3.59,10.12,6.95,6.63
651.585,7.42,7.39,7.3,8.88,6.33,7.97,3.67,10.01,7,6.55
651.915,7.37,7.45,7.18,8.81,6.31,8.09,3.67,9.94,6.91,6.44
652.246,7.27,7.35,7.1,8.77,6.28,8.11,3.62,10.08,6.8,6.39
652.576,7.25,7.39,7.1,8.86,6.19,8.2,3.47,10.22,6.63,6.33
652.907,7.22,7.26,6.93,8.91,6.01,7.99,3.32,10.13,6.5,6.29
653.237,7.26,7.19,7.02,8.81,5.91,7.9,3.25,10.24,6.39,6.11
653.568,7.26,7.02,6.84,8.88,5.63,7.9,3.25,10.01,6.37,5.92
653.898,7.28,7.11,6.81,8.91,5.64,7.84,3.19,10.08,6.34,6.02
654.228,7.4,7.39,7.06,9.1,5.7,7.97,3.48,10.3,6.56,6.15
654.558,7.45,7.62,7.18,9.43,5.8,8.08,3.66,10.45,6.76,6.28
654.888,7.53,7.64,7.3,9.31,5.79,8.14,3.48,10.36,6.77,6.26
655.219,7.58,7.61,7.41,9.33,5.94,8.07,3.6,10.36,6.85,6.28
655.549,7.85,7.74,7.62,9.4,6.21,8.25,3.91,10.6,7.2,6.54
655.879,7.96,7.87,7.88,9.43,6.37,8.32,4.16,10.57,7.41,6.76
656.209,7.98,7.97,8,9.47,6.65,8.49,4.44,10.66,7.61,6.9
656.539,8.05,8.09,8.15,9.51,6.87,8.63,4.64,10.79,7.78,6.96
656.868,8.14,8.17,8.23,9.52,6.94,8.66,4.76,10.79,7.86,7.07
657.198,8.16,8.24,8.29,9.5,7.07,8.7,4.83,10.85,7.89,7.14
657.528,8.16,8.28,8.32,9.52,7.14,8.71,4.87,10.87,7.93,7.15
657.858,8.18,8.32,8.32,9.51,7.19,8.73,4.89,10.85,7.96,7.16
658.188,8.22,8.37,8.34,9.5,7.25,8.75,4.93,10.88,7.99,7.17
658.517,8.26,8.41,8.35,9.5,7.31,8.78,4.97,10.9,8.02,7.2
658.847,8.28,8.44,8.35,9.51,7.34,8.79,4.97,10.93,8.03,7.21
659.176,8.3,8.48,8.37,9.51,7.38,8.81,4.98,10.93,8.06,7.22
659.506,8.32,8.51,8.37,9.51,7.43,8.83,4.99,10.95,8.07,7.23
659.835,8.35,8.55,8.37,9.51,7.47,8.84,5,10.97,8.1,7.24
660.165,8.37,8.6,8.38,9.5,7.51,8.86,5.01,11,8.11,7.26
660.494,8.37,8.62,8.36,9.49,7.56,8.87,5,11.01,8.12,7.24
660.824,8.39,8.64,8.35,9.47,7.59,8.87,4.99,11.03,8.12,7.23
661.153,8.42,8.66,8.34,9.44,7.62,8.88,4.99,11.04,8.14,7.23
661.482,8.44,8.67,8.33,9.43,7.67,8.89,4.99,11.06,8.16,7.24
661.811,8.46,8.66,8.33,9.41,7.67,8.88,4.98,11.08,8.16,7.24
662.14,8.44,8.66,8.31,9.41,7.68,8.88,4.96,11.08,8.16,7.23
662.47,8.44,8.65,8.3,9.37,7.7,8.87,4.97,11.07,8.16,7.21
662.799,8.41,8.64,8.26,9.33,7.67,8.85,4.94,11.06,8.13,7.18
663.128,8.41,8.63,8.22,9.32,7.68,8.85,4.92,11.06,8.12,7.16
663.457,8.43,8.6,8.2,9.29,7.67,8.82,4.89,11.01,8.1,7.16
663.786,8.43,8.54,8.16,9.33,7.64,8.79,4.87,10.98,8.13,7.16
664.114,8.45,8.49,8.15,9.31,7.57,8.74,4.82,10.93,8.08,7.18
664.443,8.41,8.49,8.11,9.37,7.52,8.72,4.85,10.88,8.08,7.19
664.772,8.34,8.46,8.11,9.42,7.43,8.71,4.8,10.88,8,7.2
665.101,8.29,8.38,8.07,9.42,7.26,8.66,4.73,10.8,7.92,7.13
665.43,8.15,8.28,8,9.41,7.21,8.62,4.69,10.7,7.82,7.09
665.758,8.21,8.21,7.95,9.44,7.06,8.54,4.6,10.71,7.76,7.05
666.087,8.25,8.21,7.91,9.56,6.93,8.59,4.48,10.76,7.77,7.13
666.415,8.23,8.01,7.83,9.54,6.75,8.49,4.33,10.73,7.64,7.09
666.744,8.11,7.88,7.85,9.56,6.51,8.27,4.23,10.65,7.41,7.03
667.072,7.83,7.62,7.7,9.55,6.27,8.07,4.01,10.58,7.18,6.86
667.401,7.54,7.46,7.39,9.16,5.96,7.8,3.74,10.37,6.66,6.64
667.729,7.18,7.39,7.27,9.12,5.68,7.75,3.59,10.4,6.52,6.3
668.058,7.32,7.24,7.37,9.21,5.57,7.62,3.28,10.47,6.39,6.2
668.386,7.25,6.94,7.16,9.08,5.31,7.45,3.23,10.17,6.34,6
668.714,7.33,7.19,6.95,9.12,5.35,7.45,3.12,10.57,6.44,5.82
669.042,7.29,7.28,6.92,9.12,5.29,7.46,3.19,10.62,6.75,6.01
669.371,7.14,7.26,6.87,9.2,5.23,7.48,3.17,10.59,6.73,6.05
669.699,7.07,7.28,6.79,8.92,5.24,7.28,3.2,10.58,6.66,5.81
670.027,7.23,7.62,6.8,9.3,5.35,7.38,3.08,10.68,6.86,5.87
670.355,7.29,7.43,6.5,9.13,5.36,7.49,2.99,10.68,7.24,5.65
670.683,7.26,7.5,6.53,8.99,5.25,7.4,2.93,10.77,7.23,5.45
671.011,7.24,7.32,6.77,9.09,5.31,7.24,2.88,10.74,7.05,5.42
671.339,7.44,7.32,6.77,9.1,5.29,7.33,2.81,10.55,7.1,5.52
671.666,7.15,7.16,6.63,8.94,5.16,7.45,2.74,10.36,6.77,5.3
671.994,7.21,7.31,6.66,8.95,5.31,7.51,2.85,10.31,6.85,5.26
672.322,6.97,7.14,6.66,8.92,5.16,7.44,2.81,9.95,6.53,5.47
672.65,6.99,7.17,6.44,8.77,5,7.31,2.3,9.68,6.12,5.13
672.977,6.96,7.02,6.41,8.58,4.89,7.09,2.15,9.35,6.15,5.05
673.305,7.08,6.97,6.53,8.69,4.9,7.11,2.23,9.29,6.15,5.19
673.633,6.81,6.77,6.57,8.32,5,7.07,2.31,9.21,5.94,5.1
673.96,6.87,6.8,6.71,8.35,4.99,7.18,2.5,9.24,5.86,5.28
674.288,7.15,6.89,6.61,8.42,5,7.22,2.55,9.11,6.01,5.45
674.615,7.26,7.04,6.52,8.47,4.96,7.23,2.6,9.14,6.34,5.39
674.943,7.2,7.04,6.64,8.45,4.89,7.25,2.76,9.34,6.22,5.46
675.27,7.28,7.21,6.85,8.58,5.12,7.38,2.97,9.56,6.42,5.81
675.597,7.1,7.09,6.7,8.39,4.96,7.25,2.8,9.47,6.39,5.78
675.924,7.12,7.26,6.72,8.43,4.97,7.32,2.91,9.46,6.52,5.85
676.252,7.11,7.28,6.81,8.47,5.13,7.41,3.3,9.74,6.67,6.15
676.579,7.12,7.35,6.64,8.32,5.21,7.34,3.38,9.85,6.59,6.27
676.906,7.05,7.36,6.52,8.35,5.32,7.42,3.44,9.93,6.64,6.35
677.233,7.47,7.5,6.57,8.4,5.5,7.49,3.5,9.99,6.87,6.43
677.56,7.17,7.86,6.65,8.39,5.6,7.27,3.49,9.97,6.88,6.51
677.887,6.94,7.85,6.62,8.31,5.48,7.28,3.49,10.02,6.75,6.28
678.214,7.05,7.94,6.55,8.32,5.58,7.58,3.64,10.02,6.74,6.44
678.541,6.91,7.89,6.47,8.27,5.66,7.28,3.56,9.76,6.88,6.4
678.868,6.63,7.66,6.2,7.99,5.37,7.04,3.26,9.58,6.83,6.18
679.195,6.83,7.89,6.43,8.03,5.7,7.32,3.46,9.85,6.86,6.39
679.521,6.87,7.9,6.58,8.01,5.87,7.43,3.52,9.88,6.89,6.31
679.848,7.06,8.02,6.66,8.13,5.95,7.57,3.63,9.88,7.14,6.11
680.175,7.18,8.04,6.7,8.36,6.14,7.8,3.78,10.08,7.15,5.98
680.501,7.23,8.13,6.84,8.44,6.27,7.8,3.82,10.05,7.23,6.14
680.828,7.05,8.18,6.81,8.58,6.25,7.93,3.92,10.17,7.33,6.15
681.154,7.17,7.78,6.66,8.51,6.21,7.89,3.74,10.1,7.05,5.94
681.481,7.1,7.57,6.67,8.37,6.15,7.91,3.65,10.11,7.01,5.95
681.807,7.09,7.53,6.8,8.38,6.02,7.6,3.56,10.18,6.94,5.8
682.134,7.13,7.49,6.92,8.31,6.01,7.83,3.69,10.35,6.88,5.73
682.46,7.41,7.46,7.13,8.55,6.22,7.95,3.93,10.45,6.87,5.76
682.787,7.28,7.22,6.83,8.51,6.04,7.81,3.69,10.21,6.66,5.62
683.113,7.47,7.26,6.74,8.65,6.11,7.69,3.58,10.26,6.72,5.64
683.439,7.34,7.22,6.74,8.49,6.01,7.52,3.34,10.12,6.38,5.52
683.765,7.35,7.27,6.83,8.42,5.93,7.68,3.26,9.96,6.61,5.5
684.091,7.25,7.2,6.77,8.4,5.74,7.56,3.18,9.79,6.38,5.19
684.417,7.06,7.05,6.7,8.2,5.44,7.4,2.99,9.71,6.19,5.04
684.743,7.16,7.12,6.88,8.27,5.36,7.54,3.07,9.76,6.44,5.15
685.069,7.19,6.96,6.71,8.41,5.34,7.39,2.98,9.64,6.27,5.24
685.395,7.02,6.72,6.6,8.44,5.34,7.45,2.83,9.54,6.21,5.22
685.721,7.01,6.67,6.51,8.48,5.2,7.35,2.65,9.51,6.06,5.32
686.047,6.85,6.81,6.19,8.32,5.02,7.17,2.55,9.36,6.03,5.3
686.373,6.92,7,6.44,8.43,5.12,7.26,2.81,9.6,6.13,5.37
686.699,6.7,6.96,6.47,8.37,5.16,7.31,2.91,9.68,6.11,5.44
687.024,6.67,6.99,6.5,8.36,5.15,7.42,2.94,9.79,6.27,5.6
687.35,6.56,6.96,6.49,8.31,5.18,7.3,2.92,9.79,6.21,5.72
687.676,6.58,6.89,6.53,8.18,5.02,7.3,2.98,9.98,6.23,5.91
688.001,6.71,6.94,6.59,8.24,5.16,7.32,3.09,9.9,6.25,6.11
688.327,6.68,7.05,6.52,8.31,5.38,7.31,3.16,10.04,6.27,6.13
688.652,6.86,7.26,6.73,8.29,5.46,7.4,3.3,10.14,6.43,6.14
688.978,6.9,7.51,6.96,8.28,5.6,7.45,3.48,10.22,6.55,6.31
689.303,7.01,7.57,7,8.41,5.87,7.58,3.55,10.28,6.82,6.24
689.629,7.02,7.52,7.09,8.39,5.96,7.64,3.54,10.22,6.76,6.12
689.954,6.97,7.33,6.99,8.39,5.89,7.62,3.34,10.04,6.72,6.02
690.279,7.01,7.29,7.02,8.26,5.75,7.58,3.32,10,6.59,5.99
690.604,6.94,7.17,6.99,8.27,5.66,7.45,3.27,9.86,6.46,5.83
690.93,6.92,7.2,7,8.36,5.69,7.29,3.21,9.89,6.37,5.66
691.255,6.92,7.14,7.03,8.55,5.87,7.4,3.3,9.7,6.47,5.6
691.58,6.95,7.13,7.06,8.58,5.91,7.42,3.31,9.76,6.43,5.52
691.905,7.09,7.04,7.02,8.46,5.79,7.38,3.25,9.66,6.35,5.41
692.23,7.06,7.03,6.82,8.5,5.77,7.44,3.24,9.62,6.28,5.41
692.555,7.26,6.99,6.62,8.63,5.8,7.63,3.26,9.74,6.33,5.38
692.88,7.22,6.85,6.5,8.47,5.51,7.45,3.21,9.55,6.06,5.35
693.204,7.36,6.94,6.64,8.69,5.58,7.57,3.28,9.82,6.3,5.55
693.529,7.35,6.97,6.61,8.73,5.57,7.53,3.42,9.93,6.31,5.6
693.854,7.53,7.08,6.67,8.94,5.77,7.62,3.5,10.02,6.47,5.62
694.179,7.64,7.12,6.8,9.02,5.99,7.71,3.48,10.03,6.61,5.67
694.503,7.67,7.29,6.92,9.01,6.1,7.95,3.73,10.06,6.68,5.78
694.828,7.59,7.41,6.82,8.77,6.13,7.99,3.61,10.2,6.65,5.85
695.153,7.49,7.39,6.92,8.85,6.24,7.94,3.79,10.33,6.76,5.92
695.477,7.37,7.49,7.13,8.9,6.19,7.93,3.75,10.21,6.76,5.99
695.802,7.41,7.69,7.37,8.91,6.37,7.97,3.81,10.42,6.95,6.27
696.126,7.24,7.45,7.43,8.8,6.32,7.77,3.67,10.23,6.83,6.14
696.451,7.36,7.72,7.47,9.03,6.43,8.02,3.72,10.53,7.05,6.3
696.775,7.31,7.71,7.42,8.83,6.3,7.91,3.69,10.38,6.89,6.22
697.099,7.55,8,7.67,8.88,6.41,8.16,3.78,10.41,7.04,6.43
697.423,7.47,7.94,7.67,8.72,6.43,8.16,3.78,10.44,7.02,6.32
697.748,7.46,8.09,7.54,8.72,6.46,8.24,3.94,10.65,7.09,6.51
698.072,7.48,7.94,7.44,8.7,6.34,8.28,3.96,10.71,7.07,6.57
698.396,7.46,7.85,7.43,8.69,6.17,8.07,3.83,10.66,6.97,6.46
698.72,7.43,7.95,7.24,8.65,6.17,8.19,3.68,10.46,6.88,6.36
699.044,7.37,7.89,7.09,8.6,6.11,8.2,3.79,10.61,6.87,6.4
699.368,7.17,7.59,6.94,8.45,5.87,8.05,3.65,10.44,6.69,6.01
699.692,7.22,7.74,6.93,8.46,5.82,8.01,3.69,10.35,6.69,6.03
700.016,7.09,7.53,7.04,8.26,5.86,7.86,3.73,10.11,6.63,5.95
700.34,7.03,7.56,7.08,8.36,5.98,8,3.91,10.17,6.68,5.97
700.664,6.74,7.44,6.76,8.25,5.86,7.79,3.77,10.17,6.46,5.74
700.987,6.46,7.4,6.58,8.15,5.62,7.69,3.77,9.98,6.35,5.81